#US|B
5KS0|||Anthony Balloonport|70945|20386|381|ALL/WAY,122,122,4,0
#US|H
KHLR|1|HLR|Hood Army Air~a|11387|22855|282|16H/34H,1159,44,1,1,164,,490,-160,279,171,-520,180,268
#US|L
KAUS|1|AUS|Austin Bergstrom~3|1975|23380|165|18R,3734,46,2,1,179,,1610,-1740,165,,-1760,-1650,149;18L,2743,46,2,1,179,,630,410,150,,-1840,480,144
KDAL|1|DAL|Dallas Love~a|28448|31523|148|13R,2682,46,2,1,135.6,,650,-1580,145,149,-1080,430,145;13L,2363,46,2,1,135.6,,1250,-910,145,,-280,860,148;18,1874,46,1,2,186,,1390,-550,146,,-300,-740,147
KDFW|1|DFW|Dallas Fort Worth~3|28968|29620|185|18L,4085,61,2,1,180.2,,1900,-1270,183,,-1780,-1290,175;17C,4084,46,2,1,180.3,,1890,1200,171,,-1790,1180,171;17R,4084,61,2,1,180.3,,1890,810,173,,-1790,790,172;18R,4084,46,2,1,180.3,,1900,-1660,185,,-1780,-1680,177;13R,2835,46,2,1,139,,1280,-4510,180,,-650,-2530,176;13L,2743,61,2,1,135.3,,1580,1650,168,191,-180,3720,155;17L,2591,46,2,1,180.3,,150,2820,160,,-2180,2810,175
KMCI|1|MCI|Kansas City~3|93017|52861|313|01L,3292,46,2,1,12.9,,-840,-1540,308,,2050,-690,298;09,2896,46,1,1,96.1,,-1080,-1270,309,,-1360,2070,313;01R,2896,46,2,1,12.9,,-2020,490,310,,520,1240,298
KOKC|1|OKC|OKC Will Rogers World~1|53934|24018|395|17L,2988,46,2,1,180,,1180,930,392,,-1520,930,391;17R,2987,46,2,1,180,,1250,-750,391,,-1440,-750,385;13,2377,46,1,1,135.1,,1120,-1770,390,,-400,80,392;18,938,23,1,1,180,,10,-950,389,,-800,-950,387
KSTL|1|STL|St. Louis Lambert~3|87487|96300|188|12R,3359,61,2,1,122,,520,-916,165,143,-1092,2354,178;12L,2747,46,2,1,122,,309,368,161,,-1009,3042,184;11,2743,46,2,1,122,,1125,-3987,188,,-191,-1316,169;06,2317,46,2,1,63,,-202,-1122,168,,752,1250,162
KTUL|1|TUL|Tulsa~3|61971|41138|206|18L,3048,46,2,1,183.1,,1680,490,191,,-1060,310,196;08,2248,46,2,1,89.4,,-170,-1280,205,,-150,1220,193;18R,1860,30,1,1,183.1,,1010,-1290,193,,-660,-1400,206
#US|M
K76F|||Van Zandt County~4|26815|40159|158|17,985,15,1,1,180,,450,0,158,,-440,0
KABI|1|ABI|Abilene~4|24113|3181|546|17R,2197,46,1,1,180,,1680,-300,536,,-300,-290,544;17L,2194,46,1,1,180,,-280,710,546,,-2260,720,541;04,1121,30,1,1,52,,830,-1290,534,,1450,-350,537
KACT|1|ACT|Waco~4|16113|27695|157|01,2166,46,1,1,14.2,,-780,50,155,,980,580,153;14,1555,46,1,1,149.2,,580,-840,155,,-810,130,155
KADH|1|ADT|Ada~4|48052|33280|310|18,1891,30,1,1,180,,810,0,310,,-900,0,298,30;13,828,15,1,0,135,,130,-150,306,,-470,580,298
KAEX|1|AEX|Alexandria~3|13258|74533|27|14,2850,46,2,1,144,,1210,-1250,26,,-870,510,27;18,2592,46,1,1,189,,1090,240,26,,-810,-110,27
KAFW|1|AFW|Perot Field/Fort Worth Alliance~1|29904|26805|220|16R,3391,46,2,1,170.3,,740,-240,220,,-1500,210,203;16L,3353,46,2,1,170.2,,1120,-120,220,,-1480,410,202
KALN|1|ALN|St Louis~4|88903|99540|166|11,2469,46,1,1,113.3,,490,-900,164,,-390,1720,161;17,1981,30,1,1,173.3,,820,-650,162,,-960,-390,166
KARA|1|ARA|Acadiana~4|378|81161|7|16,2439,61,2,1,167.5,,1070,-270,7,,-1080,270,6;16W/34W,1524,46,12,0
KBAD|1|BAD|Barksdale Air Force Base|25018|63373|51|15,3584,91,1,1,151.4,,1430,-910,50,,-1400,920,49
KBBD|1|BBD|Curtis~a|11789|6753|557|17,1404,23,1,1,180.1,,640,10,557,178,-630,0,546;08,1073,34,4,2,91,,110,-390,554,,90,730,556
KBBG|1|BKG|Branson~1|65321|67995|397|14,2176,46,2,1,145,,800,-700,383,,-810,690,397
KBPK|1|WMH|Ozark~4|63689|75295|283|05,1524,23,1,1,51.6,,-420,-670,283,,430,660,278
KBTR|1|BTR|Baton Rouge Metropolitan~1|5332|88504|21|4,2286,46,2,1,43,,-750,-650,20,,630,860,21;13,2135,46,1,1,133,,750,-1130,20,182,-570,480,21;4R,1158,23,1,3,43,,-460,-30,20,,300,800,21
KCLL|1|CLL|Easterwood~a|5886|36362|98|17,2134,45,1,1,169,,800,90,98,,-1080,520,93;11,1572,46,1,1,109,,290,-900,98,,-170,650,95;04,1569,46,2,2,50,,-330,-930,94,,580,320,97
KCNU|1|CNU|Chanute Martin Johnson~1|76682|45133|305|18,1297,23,1,1,187,,550,80,299,,-610,-90,305;08,671,41,4,2,90,,70,-80,299,,70,670,303
KCOU|1|COU|Columbia~4|88181|77804|271|02,2256,46,2,1,21,,-1290,-410,269,,370,420,270;13,1676,30,2,1,135,,1080,-540,271,,220,540,270
KCXO|1|CXO|Conroe-North Houston~4|3518|45855|75|14,2286,46,1,1,145.5,,750,-330,70,180,-610,750,74;01,1524,30,1,1,17.1,,-620,-500,70,,430,-130,72
KDDC|1|DDC|Dodge City~4|77634|344|791|14,2103,30,1,1,154,,980,-640,787,,-720,410,789,174;02,1417,30,1,1,32,,-800,-220,791,,280,650,781
KDRI|1|DRI|Beauregard~4|8317|66601|62|18,1675,30,1,1,179.4,,630,210,61,,-880,230,60;09,1372,46,1,2,90,,640,-760,59,,640,660,62;04,1372,46,1,2,45.7,,-280,-510,,,580,520;14,1286,18,1,0,135,,580,-770,59,134,-240,190,59
KDUA|1|DUA|Durant Regional Airport - Eaker~a|39397|36049|213|17,2073,30,1,1,180,,934,11,213,,-934,-2,212;04,1189,46,0,2,48,,-170,-450,,,550,510;12,914,23,1,2,133,,550,-220,210,,-10,500,205
KDYS|1|DYS|Dyess Air Force Base|24208|1454|545|16,4115,91,1,1,168.8,,1820,-420,545,,-1820,420,545;161/341,1067,18,6,0,161,,60,-490,,,-900,-270;162/342,1067,18,1,0
KEDC|1||Austin Executive~1|3980|24331|189|13,1836,30,1,1,131,,560,-660,189,183,-540,780,182;16,472,8,1,0,166,,-90,-50,187,,-500,70,183
KELD|1|ELD|South Arkansas Regional Airport at Goodwin~a|32210|71867|84|04,2012,46,1,1,45.9,,-710,-550,79,,560,1000,79;13,1554,30,2,2,136,,660,-520,84,,-350,640,74;17,1138,23,2,2,181,,430,-470,84,,-600,-490,79
KEND|1|END|Vance Air Force Base|63392|20835|398|17C,2809,46,1,1,180,,1630,190,389,,-890,180,394;17R,2809,46,1,1,180,,1000,-670,389,,-1530,-670,398;17L,1531,46,2,1,180,,780,550,388,,-610,550,391;13,1515,46,1,2,135,,330,-660,394,,-630,530,391
KESF|1|ESF|Esler Army Airfield / Esler~4|13943|77059|34|09,1828,46,1,1,91,,10,-1190,29,,-10,730,27;14,1707,46,1,1,145,,750,-620,34,,-510,410,27
KFOE|1|FOE|Topeka~4|89509|43364|329|13,3902,46,2,1,137,,1470,-1440,324,,-1110,1620,316;03,2134,46,2,1,39.8,,-1050,-950,329,,420,620,318
KFRI|1|FRI|Marshall Army Air~a|90530|32358|325|04,1373,30,2,1,50,,-430,-650,325,,360,580,325;18,1372,46,2,2,185.1,,840,50,,,-390,-100
KFSI|1|FSI|Henry Post Army Air~a|46498|15978|362|18,1525,46,2,1,180,,690,0,362,,-690,0,362
KFSM|1|FSM|Fort Smith~4|53366|56326|143|07,2438,46,1,1,81.2,,-300,-1400,143,,40,1250,135;01,1525,46,1,3,21,,-430,-190,137,,850,410,136
KFTW|1|FTW|Fort Worth Meacham~3|28199|26392|216|16,2287,46,2,1,171.9,,1030,-170,216,,-1010,180,205;17,1221,23,1,1,171.9,,490,-570,204,,-600,-390,203;09,1121,30,1,2,99.8,,-110,-440,216,,-280,740,216
KFYV|1|FYV|Drake~a|60051|58299|381|16,1830,30,1,1,169,,810,-190,381,,-810,200,377
KGGG|1|GGG|East Texas~4|23840|52885|111|13,3048,46,1,1,133.8,,850,-860,109,,-1050,1480,108;18,1862,46,1,0,179,,1000,-520,108,,-680,-480,111
KGLH|1|GLH|Mid Delta~4|34829|90144|40|18L,2439,46,1,1,180,,1400,350,39,,-800,350,39;18R,2139,46,1,1,180,,1130,-160,39,,-800,-160,40
KGRK|1|GRK|Killeen Regional Airport / Robert Gray Army~9|10672|21711|309|15,3047,61,1,1,157.3,,1270,-620,311,,-1260,610,296
KGWO|1|GWO|Greenwood–Leflore~1|34950|99118|49|18,1982,46,1,1,181,,410,20,44,,-1370,-30,42;05,1527,46,1,1,52,,-180,-290,43,,650,1010,47;09,820,18,1,0,87,,380,750,46,,410,1630,49
KGYI|1|PNX|North Texas Regional Airport Perrin~a|37141|33263|228|18L,2743,46,1,1,182,,1220,110,226,,-1250,20,228;18R,1222,30,1,0,182;13,701,46,1,2,143,,310,-480,223,,-180,-30,226
KHBR|1|HBR|Hobart~4|49913|9487|476|17,1679,30,1,1,180.2,,760,-310,470,,-760,-320,476;12,1613,46,1,2,135.4,,850,-470,469,,-180,770,469;03,907,18,1,0,45,,-850,-480,477,,180,770,470
KHOT|1|HOT|Memorial~g|44788|69037|165|05,2010,46,1,1,54.1,,-580,-1000,153,,480,780,163,149;13,1249,30,1,1,134.4,,270,-290,158,,-510,680,154
KHRO|1|HRO|Boone~8|62615|68453|416|18,1878,46,1,1,186,,840,100,415,,-840,-100,412
KHUT|1|HUT|Hutchinson~5|80655|21394|470|13,2135,30,1,1,138.3,,870,-1050,465,,-560,570,462;04,1343,30,1,1,42.4,,-700,-310,462,122,520,1100,470;17,1223,23,1,1,177.3,,460,-220,464,,-710,-150,462
KHYS|1|HYS|Hays~4|88445|7269|609|16,1982,30,1,1,167.4,,830,-320,609,,-910,180,604;04,1372,23,2,1,48,,-920,-500,604,,-90,670,607
KIAB|1|IAB|McConnell Air Force Base|76219|27318|418|01R,3660,46,1,1,13,,-1510,-250,407,,1710,640,416;01L,3658,46,2,1,13,,-1460,-530,408,,1760,370,418
KICT|1|ICT|Wichita Dwight D. Eisenhower National~1|76503|25714|406|01L,3140,46,2,1,20,,-1530,-1740,400,,1130,-520,405;01R,2226,46,2,1,20,,-750,230,403,,1130,1090,402;14,1921,46,2,1,150,,720,-1150,406,,-770,-60,403
KJAN|1|JAN|Jackson-Medgar Wiley Evers~3|23112|99241|105|16L,2591,46,1,1,158,,1700,-180,93,,-470,850,105;16R,2591,46,1,1,158,,460,-850,93,,-1700,180,100
KJBR|1|JBR|Jonesboro~5|58317|93536|80|05,1890,46,1,1,50.2,,-290,-480,77,,800,1120,79;13,1249,46,1,1,134.6,,10,-980,80,,-780,0,77
KJCT|1|JCT|Kimble~8|5113|2365|533|17,1525,23,1,1,180.2,,590,-90,534,,-790,-100,519;08,687,40,4,0,92.5,,70,-20,,,40,690,515
KJLN|1|JLN|Joplin~4|71518|55017|299|18,1982,30,1,1,182,,1230,90,290,,-560,10,296;13,1982,46,1,1,138,,600,-900,290,118,-730,590,298;05,1098,23,1,3,50,,-810,-280,299,,-170,670,297
KJWY|||Mid-Way~4|24587|30876|217|18,1981,30,1,1,184,,430,60,217,,-950,-60,209
KLAW|1|LAW|Lawton Fort Sill~4|45677|15834|338|17,2621,46,2,1,176.9,,1090,-60,338,,-1270,100,326
KLCH|1|LCH|Lake Charles~4|1261|67767|5|15,1981,46,2,1,154.8,,260,-460,4,,-1350,420,3;05,1585,30,1,1,51.8,,240,-640,4,,1120,650,5
KLFK|1|LFK|Angelina~8|12340|52500|90|07,1646,30,1,1,75,,30,-740,87,,410,930,90;16,1314,30,1,1,160,,290,-350,84,,-820,120,84,32
KLFT|1|LFT|Lafayette~4|2053|80124|13|04R,2438,46,1,1,38.7,,-880,-520,12,,760,990,10;11,1647,46,1,0,110,,230,-1050,12,,-270,550,11;04L,1249,23,1,1,38.6,,-390,-480,13,,490,330,13
KLIT|1|LIT|Bill & Hillary Clinton National Airport/Adams~a|47292|77764|80|04L,2522,46,2,1,47,,-670,-1440,77,91,900,560,80;04R,2515,46,2,1,47,,-980,240,79,320,580,2230,79;18,1897,46,2,1,182,,1058,-1451,79,,-651,-1504,77,50
KLLQ|||Monticello Municipal Ellis~a|36386|82490|82|03,1530,23,1,1,31.7,,-590,-430,82,,580,430,74
KLRF|1|LRF|Little Rock Air Force Base|49169|78503|95|07,3658,46,2,1,71,,-550,-1580,87,,520,2210,88;071/251,1022,18,2,0
KLTS|1|LTS|Altus Air Force Base|46671|7333|421|18R,4097,46,2,1,180,,1540,-710,420,,-2160,-710,410;18L,2744,46,1,1,180,,1540,710,421,,-930,720,413;17,1067,29,1,3,180,,1540,120,420,,570,120,416;176/356,1067,27,1,1
KMCB|1|MCB|McComb-Pike County Airport / John E Lewis~a|11785|95281|126|16,1524,30,1,1,156,,620,-330,126,,-630,330,119
KMHK|1|MHK|Manhattan~4|91410|33292|322|03,2256,46,2,1,40,,-860,-850,321,,610,730,318;13,1524,23,1,1,142,,630,-310,322,,-200,510,318
KMKC|1|MKC|Charles B. Wheeler Downtown~1|91232|54072|231|01,2081,46,2,1,13,,-820,-250,228,,1050,290,231,61;04,1539,30,1,1,38,,-690,-570,226,152,400,540,226,213
KMLC|1|MLC|Mc Alester~4|48824|42165|235|02,1707,30,2,0,20,,-720,-320,226,,720,330,235
KMLU|1|MLU|Monroe~4|25109|79623|24|04,2287,46,1,1,45,,-720,-780,23,,740,940,23;14,1921,46,1,1,140,,550,-380,24,92,-510,660,23;18,1524,46,1,2,180,,590,-210,24,,-780,-210,23
KMWL|1|MWL|Mineral Wells~4|27816|19398|297|13,1828,30,1,1,135.6,,580,-410,280,91,-600,960,297,122;17,1277,30,1,1,180.6,,590,-380,279,,-570,-390,291,87
KNEW|1|NEW|Lakefront~1|424|99717|2|18R,2097,46,1,1,179,,1040,-160,2,73,-850,-130,2;18L,1127,23,1,1,179,,780,60,2,,-240,80,2;09,949,23,1,1,89,,-530,-230,2,,-520,750,2
KNFW|1|FWH|NAS Fort Worth JRB / Carswell~a|27692|25585|198|18,3657,61,2,1,181,,1650,10,190,,-1650,-20,198
KPBF|1|PBF|Pine Bluff Regional Airport, Grider~a|41741|80644|63|18,1828,46,1,1,179.8,,870,0,62,,-780,0,61
KPNC|1|PNC|Ponca City~4|67320|29002|307|17,2195,30,2,1,180,,980,-10,304,,-990,10,306
KPOE|1|POE|Polk Army Air~a|10448|68083|101|15,1252,38,1,1,160.5,,530,-210,100,60,-530,230,85
KPRX|1|PRX|Cox~a|36366|45492|167|17,1829,30,1,1,179.2,,820,-360,165,,-830,-330,160;03,1409,46,2,0,37.2,,-630,-220,162,,380,700,166;14,1409,46,2,0,141.2,,630,-240,165,,-360,710,167
KRSL|1|RSL|Russell~5|88721|11882|568|17,1524,23,2,1,174,,550,0,567,,-820,200,568;03,488,91,6,0,30,,-30,-400,566,,350,-120,567
KRVS|1|RVS|Tulsa Riverside~1|60396|40154|194|01L,1555,30,1,1,13.3,,-660,-330,190,,700,70,194;01R,1282,30,1,1,13.3,,-560,-50,189,,570,270,192;13,804,15,1,1,133,,220,-290,190,,-310,400,187
KSGF|1|SGF|Springfield Branson National~1|72450|66114|386|14,2438,46,1,1,142,,1020,-1190,384,,-700,510,386;02,2135,46,2,1,22,,-940,-60,385,,850,830,385
KSHV|1|SHV|Shreveport~4|24447|61733|79|14,2544,61,1,1,143,,910,-820,79,,-910,820,67;06,2135,46,1,1,60.8,,40,-620,72,,860,1130,69
KSLN|1|SLN|Salina~5|87910|23478|393|17,3749,46,1,1,180,,1940,620,379,,-1440,630,387;12,1984,30,1,1,132,,260,-1480,383,,-950,210,388;18,1311,23,1,0,180,,280,-930,382,,-900,-920,393;04,1112,23,1,0,49,,-480,-390,387,,180,570,383
KSPS|1|SPS|Wichita Falls Municipal Airport / Sheppard Air Force Base|39888|15081|311|15R,3993,91,2,1,158.3,,1510,-760,305,,-1850,840,304;15C,3049,46,1,1,158.3,,1750,-520,305,,-810,700,301;17,2140,46,1,1,180.5,,-640,-390,305,,-2570,-410,309;15L,1829,46,1,1,158.3,,2240,-140,311,,710,600,304
KSTJ|1|STJ|Rosecrans~i|97719|50903|252|17,2457,46,2,1,180,,1270,280,252,,-940,280,247;13,1462,23,1,0,135.8,,210,-1070,247,,-730,130,247
KSUS|1|SUS|Spirit of St Louis~1|86621|93480|141|08R,2282,46,2,1,78,,-440,-770,141,,-20,1790,141;08L,1524,23,1,1,78,,200,-1630,141,,490,90,141
KSUZ|||Saline County~4|45906|75206|119|02,1525,30,1,0,20,,-670,-290,119,,630,280,118
KSWO|1|SWO|Stillwater~4|61621|29144|305|17,2256,30,1,1,179.5,,1020,-130,305,,-1010,-100,294;13,1525,46,2,2,133;04,1525,23,1,1,44.5,,-670,-500,293,,310,690,300
KSZL|1|SZL|Whiteman Air Force Base|87303|64521|265|01,3780,61,2,1,11,,-1670,-410,255,,1670,420,265
KTBN|1|TBN|Waynesville-St. Robert Regional Airport-Forney~a|77416|78593|353|15,1840,46,1,1,140,,640,-670,353,153,-630,670,352,161
KTIK|1|TIK|Tinker Air Force Base|54147|26134|393|18,3383,61,1,1,180,,1430,450,384,,-1620,450,393;13,3048,61,1,1,131,,1020,-1770,374,,-790,760,389
KTOP|1|TOP|Philip Billard~5|90699|43774|269|13,1554,30,1,1,134.3,,490,-440,268,,-490,840,267;18,1320,23,1,1,181.7,,360,-160,268,,-830,-210,268;04,915,30,1,1,49.1,,-450,-420,268,,90,380,268
KTPL|1|TPL|Draughon Miller Central Texas~4|11525|25922|208|16,2134,46,1,1,163,,750,-440,208,,-900,170,204;03,1445,30,1,1,28,,-480,-170,205,,680,530,203
KTXK|1|TXK|Texarkana Regional Airport (Webb Field)|34537|60090|119|04,2012,46,1,1,46,,-740,-1040,103,,540,490,117;13,1585,30,1,1,135,,640,-270,110,195,-370,940,118
KTYR|1|TYR|Tyler Pounds~4|23541|45976|166|04,2540,46,1,1,45.1,,-820,-830,165,,580,820,160;13,1584,46,1,1,135.1,,710,-300,157,,-300,890,165;18,1473,46,1,1,180,,630,-300,158,,-700,-310,166
KUIN|1|UIN|Quincy Regional Airport Baldwin~a|99427|88054|234|04,2163,46,1,1,40.2,,-660,-500,230,,830,1140,228;18,1646,46,2,1,179.3,,810,-470,231,,-670,-450,230;13,1645,46,1,1,135.3,,310,-590,233,,-690,690,234
KUTS|1|HTV|Huntsville~4|7469|44128|111|18,1526,30,1,1,185.8,,680,90,91,,-690,-80,111
KWWR|1|WWR|West Woodward~1|64380|4773|667|17,1677,30,2,1,180.5,,630,180,658,,-890,160,667;12,1676,46,3,2,120;6,762,18,1,1,50,,10,-600,,,450,50
KXNA|1|XNA|Northwest Arkansas National~1|62819|56932|392|16L,2683,46,2,1,160,,1130,-520,392,,-1140,520,386;16R,2682,46,2,1,160,,,,393,,,,386
#US|S
00AS|||Fulton~1|49428|21820|335|1,442,18,4,0
00KS|||Hayden~h|87278|50695|335|17,792,26,4,0
00LS|||Lejeune~1|1363|75706|4|18,792,30,4,0
00MO|||Cooper Flying Service~1|72028|55876|296|08,732,8,4,0
00OK|||Gull Bay Landing~1|61986|37823|293|17,671,18,4,0
00TT|||Nowhere~1|45166|631|534|18,740,24,4,0
01K|||Caldwell~5|70361|24147|353|17,750,34,4,1,,,,,353
01KS|||Flying N~b|85406|29967|453|18,732,30,4,0
01LA|||Barham~1|26390|82263|27|09,610,18,4,0
01LS|||Country Breeze~1|7225|89226|38|09,549,46,4,0,92.2,,20,-280,,,0,290
01OL|||Spring Creek Ranch East~1|43917|33092|323|5,488,23,4,0,50,,-3098,-4567,322,,135,191,318
01TE|||Smith~a|27376|35720|154|04,742,17,4,0
02CD|||Shannon~a|41296|94760|50|15,762,30,2,0
02KS|||JMJ Landing~1|92214|39429|357|18,594,46,4,0;11,503,30,4,0
02MO|||Troy~j|90500|89665|198|08,640,8,4,0
02MS|||Watts~a|40957|91539|47|12,655,18,4,0
02TT|||Lunacity Ranch~9|30827|41385|173|18,701,9,4,0
02XA|||JLS Farms~1|35913|41171|206|18,594,15,4,0
03MU|||McDonnell~1|84925|55875|266|17,732,7,1,1
03OL|||Bluebird~1|50123|22973|376|18,579,9,4,0,,,,,376,,,,372
03PR|||Sun View~g|90659|50616|299|9,892,20,4,0
04MS|||Nick's Flying Service Inc~1|29405|91633|30|17,1036,30,1,0,180,,370,-60,,,-560,-60
04TX|||Pocock~1|17328|26307|172|12,610,23,4,0
05AR|||Ozark Skies~j|60006|64297|579|06,610,30,4,0,,263
05KS|||Darbro~a|72662|40408|288|17,701,15,4,0
05LA|||Greg's Flying Service~1|22653|83022|23|18,671,21,4,0
05LS|||Grass Roots~1|12521|75243|25|02,701,30,4,0,22.4,,-500,-260,,,80,20,,305
05TE|||Hilde-Griff~a|7221|22086|290|15,457,15,4,0
05TS|||Dew Drop~1|31293|26414|229|17,518,27,4,0
05TX|||Circle A~b|21290|25954|185|15,632,15,4,0
05XS|||Johnson~i|30795|84386|32|01,792,30,4,0
06AR|||Bondair~1|55445|78151|152|16,884,38,4,1
06MO|||Noahs Ark~1|92306|51956|230|15,914,9,1,1,156.6,,470,-200,,,-280,220
06TA|||Glaser~a|9085|28831|146|N/S,579,5,5,0
06TE|||Ainsworth~1|3127|49731|39|08,1067,15,1,0,83.9,,-40,-390,,,40,400
06TX|||Diamond N~b|579|41875|66|01,512,18,4,0
06XS|||Campbell~a|33229|29550|166|16,533,30,4,0
07AR|||Morrilton~1|51943|71975|91|11,914,18,4,0
07KS|||Heape~a|77342|30633|403|18,610,14,4,0
07MO|||Lake Sexton~1|86556|63755|268|17,823,12,4,0
07OK|||Pleasant Valley~1|46334|9663|403|17,732,24,4,0
07TS|||Cross-Country Estates~1|6254|24286|210|17,762,23,4,1
08F|||City of Coalgate~1|45318|37669|187|18,1177,12,2,0,,,,,,61,,,,61
08KS|||Alderson~1|90347|24200|381|17,762,21,5,1
08LS|||Aeleron~1|4083|79666|16|18,610,18,4,0
08MO|||Twin Oaks~1|73956|57162|291|03,805,15,4,0;18,652,15,4,0
08OK|||Parks~1|49315|47417|194|08,549,15,4,1
08TT|||LZ Tango Charlie~1|3088|9778|626|4,614,23,2,0
08TX|||Cross Wind~1|28579|22557|317|09,640,9,4,1;18,549,30,4,0
09KS|||Coffman~1|87070|48617|296|17,762,18,4,0
09MO|||Hogue~h|73784|66367|369|E/W,402,15,4,0
09OK|||Ragtime~e|63545|41361|213|01,762,15,4,0
09TA|||Lazy G Bar~b|32808|25033|281|17,488,12,4,0
09TE|||Running M~b|22629|21362|240|16,858,14,4,0
0AR2|||Mission Field-Marotti~i|51885|96964|66|18,853,18,4,0
0C1|||Triple R~1|94878|52195|305|02,724,11,1,1,19,,-310,-130,,,310,130
0K6|||Dobie's~1|61797|44196|186|17,480,46,4,0
0KS0|||J V~b|86333|40747|360|17,792,30,4,0
0KS4|||Norris~1|88072|46299|325|18,655,20,4,0
0KS7|||Mono Aircraft~1|76928|21136|442|18,610,23,4,0
0KS8|||Pearce~a|73825|46253|290|17,472,12,4,0
0KS9|||Lmn 120~1|75159|30802|405|05,914,46,4,0
0LA1|||Double H~b|2294|90266|5|17,914,30,4,0
0LA3|||Belcher Airpatch~1|27493|61265|85|09,823,55,4,0,,,,,,305
0LA9|||Rebel~a|5863|91385|23|17,1097,30,4,0
0LL1|||Jerseyville Aviation Inc~1|90942|96866|184|18,762,37,4,0
0LL3|||Koenig~1|90550|96579|187|06,914,30,4,0,,,-457,-1017,184,,-437,-970,184
0LS7|||Morgan~a|6128|85158|11|04,914,30,4,0
0LS8|||Lonesome Dove~9|2858|70587|10|18,762,43,4,0
0LS9|||Huenefeld~1|25136|80134|22|18,466,23,4,0
0MO0|||Ferros Ranch-Aero~1|84103|61498|236|12,514,37,4,0
0MO1|||Flying G~1|85465|59034|280|08,640,15,4,0
0MO8|||Sloan's~1|91406|92632|133|17,792,40,4,0
0MS8|||Catfish Point~1|36954|88365|47|18,1219,23,4,0
0MU1|||Sunderland~1|72467|58261|313|09,610,23,4,0
0MU4|||Slaughter~1|96161|71331|244|11,518,18,4,0
0MU7|||Lambs~a|88750|58603|326|18,792,18,4,0
0N0|||Roosterville~1|92911|55578|306|18,847,6,1,1,,,250,30,,,-510,-80
0OK1|||Mckey~1|46570|25983|322|N/S,701,18,4,0
0OK3|||McKinley~b|56145|14656|433|16,1524,9,1,0,170.4,,1160,1050,,,-170,1330
0OK4|||Rock Creek~h|46606|37464|223|04,716,12,5,0
0OK5|||Chappell~1|58889|25997|326|N/S,610,30,4,0
0OK6|||Ellis/Harvey~1|58017|26139|372|18,732,27,4,0,,,,,,30,,,,30
0P1|||Van Pak~1|98321|4312|675|16,789,39,4,0,,,310,-70,,,-390,140
0R2|||Lincoln~5|84039|66670|287|18,896,38,4,0,,,250,90,,104,-560,50,,73
0R7|||The Red River~1|19907|66926|54|17,1524,23,1,1,180,,650,-50,54,,-730,-50,50
0TA4|||Erco~a|24979|37295|120|15,531,15,4,0,,,,,,30,,,,61
0TE4|||Hilltop Lakes~1|10810|37848|153|16,914,12,1,0,164.6,,400,-130,,107,-400,120,,91
0TE7||JCY|LBJ~b|2518|13775|462|17,1917,18,1,0,175,,860,-90,462,,-860,80,437
0TS1|||Dooley~1|30987|27275|198|17,533,23,4,0
0TS4|||Ullrich~1|917|32059|125|18,549,18,4,0
0TS5|||Lake Bay Gall~1|4419|48137|70|05,975,55,4,0
0TS7|||Flying U~1|28346|18743|298|18,853,30,4,0
0TX0|||Nassau Bay~1|24196|22872|218|14,853,61,4,0
0TX1|||Pecan Plantation~1|23533|23238|216|18,1067,15,1,1,185.4,,550,30,,,-410,-70
0TX8|||Landing Zone Mustang|12524|33652|145|17,700,23,4,0
0TX9|||Card~e|32501|38831|165|09,701,30,4,0;18,610,30,4,0
0XA7|||Bar 3~b|6623|23772|227|10,732,30,4,0;H1,46,46,1,0
0XS6|||Lakeside Beach~1|5008|18526|244|17,914,23,4,0
10F|||Rosser~b|30154|13740|339|18,1097,61,4,0
10LA|||Industrial Helicopters Inc.~1|2507|79043|11|18,653,46,4,0;H1,15,15,4,0
10OK|||Hickory Hills~1|51667|27830|358|17,792,46,4,0
10XS|||Flying S Air~b|17795|10907|441|17,823,23,4,0
11LS|||Jasmine Hill~1|9763|74311|37|09,762,27,4,0,91.9,,-20,-220,,,-30,190;07,671,24,4,0,70.3,,-110,-280,,,60,260
11MO|||Redgate~b|89017|83648|250|18,640,21,4,0
11TE|||Flying M~b|23001|27955|213|15,579,15,4,0
11TS|||PT Enterprise D&W~b|16579|35886|160|02,722,15,4,0
11TX|||Butler~1|36678|33080|256|17,610,24,4,0
12A|||Arkavalley~1|51775|76649|100|18,955,12,1,1,181,,530,0,,,-350,-60
12AR|||Gibbons~1|45154|90265|54|18,792,30,4,0,,294
12KS|||Sooter~1|79353|25122|433|17,792,15,4,0
12LA|||Kml~1|2759|66426|6|18,1101,26,4,0
12LS|||Hains~6|1786|77150|6|01,640,21,4,0
12TS|||Blo~1|29085|20227|320|17L,488,15,1,0;17R,488,15,1,0
12TT|||D An P~h|35938|28992|235|2,756,15,4,0,,,-311,-176,230,,301,113,235
12TX|||Griffin~1|8213|19190|376|16,610,30,4,0
12XS|||Mc Croskey~a|49544|81620|77|18,747,12,4,0
13KS|||Daniel's Landing~1|76978|28897|404|17,610,23,4,0
13MO|||Domeyer~1|76764|82935|384|04,610,30,4,0
13TE|||Varisco~1|6560|34617|73|04,710,30,1,0
13XA|||Flying 5B~b|19518|21651|308|15,762,15,4,0
14KS|||G & S Space Port~1|82692|50952|287|18,792,30,4,0
14TE|||Smith I-Ranch~1|9176|5242|547|12,823,30,4,0
14TX|||Keyes~b|2894|18261|351|16,610,12,1,0
14XA|||Frog Pond~1|36579|32117|209|14,549,18,4,0
14XS|||Isbell~b|8085|27261|131|01,549,30,4,0
15AR|||Taylor~1|48274|94547|67|14,762,37,1,1,144.7,,130,-40,,,-430,440
15KS|||Sickler~6|84306|39117|366|18,701,15,4,0
15TA|||J R~b|9367|21007|343|16,975,23,4,0
16AR|||Heifer Creek~b|53011|74267|223|06,610,30,4,0
16KS|||Harmony Valley~1|72235|44016|238|9,640,18,4,0
16MO|||Findley~a|84056|88426|230|04,579,18,4,1
16TE|||Holly Lake~b|26976|47923|125|09,823,9,1,1
16TS|||Pineridge~1|22227|46820|128|17,457,9,4,0
16X|||Propwash~1|30807|26411|244|17,914,18,1,1,170,,400,-80,,,-400,80
16XS|||Outlaw Flyers~1|4044|46402|82|04,610,30,4,0
17AR|||Bredlow~h|45531|79086|72|18,671,24,4,0
17LS|||Yankee~a|6120|80143|14|04,1006,30,4,0
17MO|||Rgl~a|89850|84651|251|08,914,23,4,0
17TX|||Kimzey~1|24434|17450|335|17,975,9,1,0,175.5,,970,-40,,,100,40
17XS|||Quahadi~b|21778|15650|433|01,1919,24,1,1,20.2,,-820,-360,400,113,810,350,433
18AR|||Buck Mountain~1|63394|61750|442|11,457,23,4,0
18KS|||Cherokee Strip|73724|28918|387|17,762,30,4,0
18MO|||Gimlin~1|69626|68293|421|18,916,12,4,0
18MS|||Johns Landing|24533|96361|68|12,819,24,4,0
18TA|||West Kerr~b|1363|2563|710|16,1372,15,1,0,160,,580,-240,,,-580,250
18TE|||Alert~a|25852|49361|119|08,1552,14,1,1,91,,10,-830,109,,-10,820,106
18TX|||Flying 'T'~b|29525|37719|166|16,1067,18,4,0
19AR|||Naylor field|51567|77758|70|09,518,15,4,0,92.4,,10,-290,,,-10,280
19TA|||Lagrone~b|28223|35831|173|15,945,15,4,0
19XS|||Draggintail Acres~1|22972|29131|178|16,762,11,4,0,,,,,,,,,,152
1AR0|||Breckenridge~1|54010|88708|67|03,1247,11,4,0
1AR1|||Walls~1|45278|81276|66|18,1036,18,4,1,,299
1AR2|||Taylor~6|49868|84497|63|09,805,61,4,0
1AR5|||Cherokee Strip|62994|54153|364|18,762,24,4,0
1AR6|||Diamond Bluff~1|55033|78033|305|06,792,21,4,1,,337.1
1AR9|||Country Air Estates~1|48161|80042|76|18,1158,30,4,0;11,762,30,4,0
1F7|||Airpark East~1|28140|36478|155|13,802,9,1,1
1H6|||Harvey Young~1|61390|41750|229|17,786,12,1,0;N/S,786,24,4,0
1IL4|||Flight Park Inc~1|84187|98688|192|06,701,30,4,0
1K1|||Lloyd Stearman~a|77779|28865|416|17,1556,23,1,1,176,,360,-30,416,76,-910,80,411
1K5|||Waynoka~5|65715|11453|470|17,1077,18,1,1,180,,,,470,,,,470
1K6|||Ellinwood~5|83733|14049|548|17,777,30,4,0,,,300,-360,,,-400,-350;08,655,46,4,0
1K8|||South Grand Lake~4|65417|49789|236|18,1442,23,1,0,,359,,,,136
1KS1|||Cochran~1|84589|47735|306|17,610,24,4,1
1KS2|||Risky~1|93140|49284|345|18,457,23,4,0
1KS4|||Prichard~6|89000|28830|355|17,579,17,4,1,,341
1KS6|||Silers Plane Valley~1|88667|24636|367|N/S,762,18,4,0
1KS9|||Belleair~1|90456|50510|285|13,457,12,4,0
1LA3|||Goose Island~1|308|71665|1|N/S,1219,46,4,0
1LA5|||Morrow Strip|7992|79403|12|08,488,21,4,0
1LS0|||Cal Mire~a|2241|91180|4|17,1219,61,4,0,174,,530,-70,,,-550,60
1LS8|||Summerell~1|16842|84990|20|13L,762,27,1,0;13R,762,27,4,0
1MO3|||Lake Viking~1|99334|59262|287|SE/NW,975,15,1,0,155,,290,-188,,,-457,221
1MO4|||Landmark Manufacturing Corporation~1|98917|61359|244|N/S,732,30,4,1
1MO6|||Double S~b|68301|92793|225|17,1524,46,4,0
1MO7|||Hulver~4|89805|63391|245|9,787,26,4,0
1MO8|||Sherlock~a|82528|71970|244|N/S,805,37,4,0
1MS0|||Tapley~1|35998|92188|39|09,701,15,4,0;04,427,15,4,0
1MU0|||Medcalf~a|71643|64351|384|02,803,18,4,0
1MU2|||Smitty's Landing~1|94448|53359|244|12,427,18,4,0
1MU8|||Church's Landing~1|95542|50014|252|08,610,12,4,0
1OK0|||Neversweat~1|58943|37202|236|N/S,600,21,4,0
1OK3|||Wolfe~g|45761|21859|364|17,805,9,4,0,164.3,,360,-30,,,-640,310
1OK6|||HSH~6|57219|27953|311|17,457,15,4,0
1OK7|||Grimes~1|48001|25178|315|18,716,23,4,0
1OK8|||5B~b|57298|24586|331|17,732,30,4,0
1OK9|||Hankins~1|39751|29108|257|07,671,46,4,0;01,335,15,4,0
1OL2|||Steciak Strip|54890|28080|335|17,724,18,4,0
1S4|||Seiling~1|61550|10663|532|17,742,12,1,1,,296.3
1TA4|||Last Resort~1|14545|47035|128|15,701,15,4,0
1TA7|||Thompson~a|26160|41317|157|13,762,12,1,0
1TE3|||Bolton~1|19174|47928|137|11,597,9,4,0
1TE5|||Corpora~1|8163|33989|82|14,762,11,1,0
1TE8|||Kahuna Bay~1|35489|34422|214|17W/35W,762,91,12,0;04,335,61,4,0
1TE9|||Rmr~b|12719|35608|128|15,476,46,4,0,,,,,,61
1TS2|||Bar 16~1|18243|32215|167|15,762,30,4,0
1TS9|||Four Winds Airport / Cavanaugh~b|33684|32454|236|17,823,38,4,0,,,427,-4,238,,-378,-15,240
1TX6|||Muxworthy~1|16985|19036|369|07,914,12,1,1,75.7,349;12,579,30,4,0,125.7,268
1TX9|||Hawk~b|26376|48387|102|N/S,792,18,4,0
1XA0|||DW~1|18084|15748|361|1,447,7,4,0
1XA1|||Sky Acres~1|36477|21710|326|17,701,24,4,0
1XA5|||Flying Armadillo~a|1351|28514|125|08,1158,30,4,0
1XA6|||Tailwheel Acres~1|34737|28776|207|18,747,38,4,0
1XA8|||Hackberry~1|22325|36025|132|15,628,46,4,0
1XS2|||Skye Dance~1|3842|25737|162|12,732,30,4,0;18,732,30,4,0
20AR|||Rak~1|53079|76798|201|08,610,17,4,0,73.8,252,-70,-290,,,70,290
20KS|||Wingit~a|76757|31142|408|17,713,15,4,0
20LS|||Clark~a|6239|89676|19|18,479,24,4,0;13,396,27,4,0
20MO|||Royal Wood~e|93583|56831|262|17,914,18,4,1
20MS|||Dixon~1|18311|93454|85|18,762,15,4,0,159
20TA|||Mag Drop~1|35600|35923|226|18,701,15,4,0,,307.1
20TE|||Reece~b|21960|29108|268|17,671,30,4,0
20XS|||Klutts~a|28354|36220|151|18,549,24,4,0
21AR|||Skarda / Tollville~1|47170|84602|66|09,762,30,1,0
21LA|||Southern Helicopters~1|2969|87850|9|01,564,30,4,0
21LS|||Solitude~6|8704|85689|55|07,762,61,4,0
21MS|||Blythe Bayou Farms~1|49120|97864|64|9,985,18,4,0
21MU|||The Peninsula~1|65649|64904|309|18,853,18,4,0,,,410,50,305,,-360,-70,305
21TE|||Seaberg~b|127|50759|21|17,792,27,4,0
21TT|||William Noble Higgins Memorial~e|9658|38323|110|18,457,15,4,0
22LA|||WD Flyers~1|9972|81177|15|08,945,30,4,0
22LS|||Couvillion~1|3978|80261|9|09,823,30,4,0
22OK|||Smith~a|43152|28225|262|17,610,12,4,0
22TT|||Flying G~b|1467|11896|521|05,604,15,4,0
22XS|||Longhorn Auxiliary~f|13737|23333|219|15,1063,23,1,0,153.5,205,440,-250,219,,-430,250,219
23AR|||Classic~6|58260|94512|79|17,792,24,4,0
23LA|||Warner-Thunder Hill~1|6302|99205|56|10,579,15,4,0
23TA|||Rowland R~9|34873|35442|215|01,610,46,4,0
23TX|||The Grove~b|12451|24684|213|18,975,9,6,0
23XS|||Shorthorn Auxiliary~f|13607|23271|219|15,671,15,1,0,152,,270,-160,219,,-260,170,219
24AR|||Griffin Agricultural~1|42010|90477|61|18,762,6,2,0,185.8,,50,-10,,,-640,-90
24MO|||Mistwood~1|81327|71693|232|07,863,11,1,0
24TA|||Moore~b|12132|41725|96|17,762,21,4,0
24TX|||Thurber Lake~1|25022|16063|333|N/S,1280,30,5,0
25KS|||Wyrill Farming~1|96833|8716|518|08,683,15,4,0,,,,,,11,,,,76
25MO|||Cook~1|71858|54489|280|11,579,12,4,0
25XA|||Headwaters~1|929|12987|602|15,1341,21,1,1
25XS|||Moonbow~a|24865|31536|198|16,620,7,2,1,,,,,,30
26AR|||Fly "N" K~1|52155|81922|122|10,917,18,4,0,105.5,,110,-490,,,-110,480
26XS|||Tatum~b|1141|15386|433|01,610,46,4,0
27LL|||Ralph Jacobs~1|83751|96807|122|18,716,26,4,0;10,594,26,4,0
27MO|||Route 66~9|71939|57758|322|18,762,30,4,0,,,,,,151,,,,168
27OK|||Thomas Landing~1|67423|30361|338|18,744,46,4,0
27XA|||Arnett Landing~1|29794|21101|360|18,481,18,4,0
28AR|||Henley~e|58333|85667|115|18,945,23,4,0
28KS|||Highland~h|85425|48439|308|09,671,23,4,0;01,427,23,4,0
28MO|||Pasley~1|79739|61812|241|10,991,30,4,0
28OK|||Pellar~h|55111|19632|427|17,701,38,4,0
28TT|||Left Wing Low~1|19959|29978|182|5,627,24,4,0,,,,,182,,,,182
28TX|||Lehman~1|40859|5449|389|N/S,610,6,1,0
28XS|||Flying G~1|26460|36747|143|04,427,9,4,0
29TX|||Lockett~1|40948|6349|391|15,914,9,1,0,150,,330,-300,,,-380,190
2AR0|||Bully Henry~1|48681|80257|75|16,764,46,4,0
2AR2|||Davidson~a|60152|82034|255|08,792,18,4,0,,,,,,91
2AR6|||Glenn Winchester~1|38818|60715|111|01,604,46,4,0
2F6|||Skiatook~5|63551|39890|204|17,884,18,1,1,180,,400,10,204,,-400,0,204;S/N,792,12,4,0,180,,340,70,204,,-370,60,204
2IL7|||Ben Emge~1|85153|99721|169|E/W,732,23,4,0
2K1|||Pond Creek~5|66625|21913|323|17,707,131,4,0,180,,290,0,323,,-350,0,323;15,372,9,1,0,157,,310,-170,323,,0,-10,323
2K2|||Air Park South~1|70595|67657|407|17,771,12,1,1,179,,340,-10,399,,-350,10,407
2K6|||Elk~8|73806|37292|324|18,765,12,1,0
2K8|||Argonia~5|72753|22413|389|17,975,18,4,0,,,450,-10,,,-430,-10
2KL|||Sunrise Beach~1|5988|15914|260|12,807,34,4,1
2KS2|||Stuber Flying~b|76556|37094|366|02,457,12,4,0
2KS8|||Vonada~1|91137|15966|497|18,579,12,4,0
2KS9|||Starshire~h|89000|44164|302|18,640,30,4,0
2LA4|||Bunkie Flying Service~1|9291|78207|20|17,1524,30,4,0
2LA5|||Reed Flying Service Inc~1|3433|75679|11|17,945,40,4,0
2LA6|||Howell 1~1|8335|88332|55|N/S,792,15,4,0
2LA7|||Costello~1|29654|85740|23|18,823,6,1,1
2LS3|||Majors~j|6261|82314|10|09,1006,30,4,0,,,,,,152,,,,152
2M1|||Harry S Truman~4|90181|59128|262|03,1341,21,5,0,,,-370,-320,,,680,460
2MO0|||Fletcher~a|87867|61325|245|13,457,18,4,0;02,335,12,4,0
2MO1|||Bird~a|73200|65801|381|18,549,23,4,0
2MO2|||Northwood~1|94642|56920|305|N/S,427,9,4,0
2MO4|||Breckenridge~1|81142|58240|245|18,762,18,4,0,,,,,,30
2MO7|||Fawn Lake~1|88739|89101|229|17,1036,15,4,0
2MO9|||Runway~b|89500|55498|283|N/S,402,30,4,0
2MU9|||Monroe~a|89656|88819|216|16,701,15,4,0
2OK2|||Twin Lakes~1|53292|27302|365|N/S,824,9,2,1
2OK4|||Ragwing Acres~1|58168|39414|238|17,404,23,4,0
2OK5|||Ferrell~b|49290|12602|480|18,792,30,4,0
2OK7|||Cole Landing Area~1|52584|23372|412|N/S,762,46,4,0
2OL2|||Myers Field Ultralight Flightpark|58878|40804|203|18,671,21,4,0,,266,,,,91
2TA1|||Gravco~1|13902|53090|87|17,457,61,4,0
2TA6|||Pyramid~b|18627|38025|110|01,1433,22,2,0,14.7,,-630,-190,,61,620,200,,61
2TE2|||Flying Oaks~1|28291|24651|219|15,853,46,4,0
2TN4|||Shoemaker-Shelby Forest~1|53181|99647|102|16,849,12,2,0
2TS3|||Tigerbird~a|16793|27594|137|15,640,15,4,0
2TS4|||Circle R~b|21397|40297|120|17,914,18,4,1,,306
2TS6|||Eagle's Nest Estates~1|25126|30733|238|17,975,11,2,1,174.9,,440,-40,,107,-430,50,,128
2TX2|||Ray Smith~h|20265|19900|320|03,610,12,4,0
2TX5|||Berry~1|14535|22486|231|NE/SW,701,24,4,0
2TX7|||JW~1|30935|26037|267|17,701,15,4,0
2TX8|||Eagle's Landing~1|33054|26211|283|N/S,1006,76,4,0
2XA0|||Foard~8|39793|2871|451|17,975,12,1,1,180,338,400,10,451,,-460,10
2XA7|||Tailwheel~1|26150|52344|110|15,640,12,4,0
2XS1|||Harris~b|2197|16974|362|18,1402,23,1,1,185.6,308,630,70,,183,-620,-70,,61
2XS3|||Glad Oaks~1|20198|43050|148|16,1295,23,1,0,160,316.9,270,-780,,,-840,-310,,24
2XS5|||Cross Triangle~b|105|15747|433|17,914,15,1,0,170,311.1,390,-80,,,-410,90
30AR|||Phalanx~1|55444|79438|178|17,914,38,4,0
30F|||Lakeview~1|31321|29858|163|18R,858,9,4,0;18L,792,23,1,0
30LL|||Williams~j|97542|96346|187|E/W,597,24,4,0
30M|||Ralph M Sharpe~1|46589|96237|59|01,764,24,1,0,,212.9,-320,-50,59,33,360,60,59
30MO|||Matzie~1|76459|75054|344|13,457,46,4,0
30OK|||Lobo~a|49081|37564|241|18,596,18,4,0
30TA|||Tri-Modal Air Park|5855|22824|247|13,1463,15,5,0
31KS|||Mills~a|79938|20734|468|17,732,23,4,0
31TS|||Flyers~a|31904|38109|195|06,579,15,4,0;03,351,12,4,0
31TX|||Scott~1|15968|26700|180|17,594,37,4,0
31XS|||Fly-N-Ski~1|31837|37297|194|17,709,18,4,0
32LS|||Stevens Strip|4196|96410|4|09,610,15,4,0
32MO|||Smith~9|75744|97742|262|02,610,15,4,0
32TE|||Granite Shoals Bob Sylvester~j|5894|16297|262|02,610,15,4,1,,197
32TX|||Hinson~1|581|36408|111|12,569,30,4,0
33AR|||Skypoint Estates~1|56022|78575|167|09,701,30,4,0
33KS|||Buena Terra~j|91524|43899|290|01,762,24,4,0;17,610,24,4,0
33LA|||Sky~b|696|80138|8|18,792,30,4,0
33OK|||Myrick~1|57433|25944|364|18,800,18,4,0
33TA|||Lake Bonanza~1|3330|43878|92|17,762,61,4,0
34AR|||Woodbridge~a|55815|96153|66|09,823,24,4,0
34LA|||Swamp Smith~1|7722|67285|55|12,914,15,4,0
34TE|||Bee Creek~1|22321|29914|232|17,924,12,4,0
35OL|||Henderson~h|66331|8488|533|17,762,15,4,0
35TX|||Flying B Ranch~6|24840|1741|533|16,518,23,4,0
35XA|||Rcade~b|8341|50583|81|12,445,24,4,0,119,,93,-202,73,,-101,206,81
36AR|||David Stanley~i|52064|86811|61|18,914,20,4,0
36KS|||White Farms~1|74748|46564|305|01,820,15,4,0
36MO|||Harrison Private~1|78528|83532|320|09,838,46,4,0
36TT|||Skyview 360~1|4869|15147|435|13,495,30,4,0
37LA|||Wayne Brown~1|17277|84171|18|17,671,37,4,0
37M|||Hornersville~i|60417|98499|76|18,807,14,1,0,,,280,-60,,,-440,-70
37MO|||Mayes Homestead~1|95750|58164|305|18,689,18,6,0
37TS|||J Linn~1|29907|39600|140|18,579,30,4,0
37TX|||Yates~a|13216|11344|427|04,671,30,4,0
37XS|||Lake Whitney Country Club~1|19916|26610|191|14,630,24,4,0
38AR|||Williams~a|61188|55318|351|18,610,15,4,0
38K|||Lucas~1|90616|14737|453|17,885,15,1,1,,205.4
38LA|||Whiteville~1|7844|78177|13|05,914,30,4,0
38LS|||Ace Flying~1|2367|81703|7|05,914,76,4,0
38MO|||Barber~1|92556|91443|146|18,884,18,4,0,,244.7,,,,305
38TT|||Olympus~1|31678|40196|187|18,823,15,4,0,,,,,176,,,,187
38XA|||Walk-Air~1|24081|46106|144|12,1082,9,1,1
39K|||Pomona Lake~1|86920|43100|320|16,661,18,4,0
39OK|||Paradise Air Haven~1|51115|25207|367|17,1219,46,4,0
39TA|||Flying Tigers~1|36526|43442|179|02,725,6,1,0;16,419,24,4,0
39TT|||Sugar Creek~a|23602|26929|270|15,427,30,4,0
3AR0|||Frost Flying Inc~1|48215|91535|73|18,823,13,1,1,,214.2
3AR2|||Ridgeway~a|63215|67978|427|13,732,9,4,0;08,610,9,4,0
3AR3|||Cypress Creek~1|50597|79179|85|18,671,9,4,0
3AR4|||Four Mile Creek~b|50058|79224|152|09,1036,18,4,1
3AR5|||Tripp Strip|51179|83881|64|18,805,18,4,0
3AR6|||Crystal Ridge~1|47285|74830|152|01,792,15,4,0
3AR7|||Taylor~a|62646|58345|401|N/S,595,18,4,0
3AR8|||River Acres~1|54723|80370|79|N/S,762,30,4,0
3AR9|||Hog Air Aviation Inc~1|60552|96331|73|18,805,24,1,0
3EX|||Excelsior Springs~i|93372|58023|304|01,610,14,1,1,27,,-190,-110,302,,300,210,302
3KS2|||Munson~a|70606|30015|355|18,625,21,4,0,178,359,268,-29,355,,-294,-13,347
3KS3|||Rogers~1|74027|28057|369|17,579,9,4,0
3KS5|||High Point~1|78427|26486|425|17,732,30,4,1
3KS7|||Berwick~1|78282|26507|427|17,701,38,4,0
3KS8|||Reed-Wilsonton~1|72565|46664|280|04,701,20,4,0
3LA1|||Wilder~1|5585|71957|17|02,610,26,4,0
3LA6|||Morgan Crop Service Nr 2~1|1377|69207|4|18,640,55,4,0
3LA8|||Open A-1~b|1385|67721|5|16,686,23,4,0
3LA9|||Morgan Crop Service~1|2294|69115|4|17,579,63,4,0
3M0|||Gastons~1|63487|74429|146|06,975,17,4,0
3MO|||Sean D Sheldon Memorial~9|80186|63069|274|18,741,23,4,1,,220,330,10,,,-330,-30,,91
3MO2|||Ultra Flight~j|86850|86618|153|ALL/WAY,457,457,4,0
3MO5|||Nimsick~1|71281|57839|334|18,792,20,4,0
3MO7|||Kelly~a|79587|93723|213|1,914,23,4,0
3MS3|||Root Hog~1|25159|96488|67|09,1067,23,4,0
3MS6|||E E Lane~1|25543|96971|82|18,640,37,4,0,,257,,,,91,,,,305
3O5|||Walters~5|43691|15937|322|16,884,15,1,1,174,,400,-40,322,,-390,60,322
3OK0|||Valley~1|47050|34233|238|17,792,24,4,0
3OK5|||Bearden Private~1|47286|23942|360|18,732,15,4,0,185.9,,330,40,,,-330,-50
3OK7|||Double W~1|62418|38658|241|18,671,9,4,0
3OK8|||Flying G~b|61167|37664|271|16,805,23,4,0;13,680,23,4,0
3OK9|||Jazz~b|53218|29599|329|18,457,11,4,0
3OL8|||Harrison~1|68779|48509|245|03,1402,12,1,1,34,,-540,-450,,,520,440
3T0|||Cedar Mills~1|38393|31899|195|07,914,18,4,0,,,-20,-490,195,,60,490,195
3T6|||Clark~1|31335|27033|215|17,549,7,1,0
3T8|||Wildcat Canyon~1|16788|26372|201|15,747,18,4,0
3TA|||Stafford~5|79595|13522|575|17,780,30,4,1,,221,280,110,,,-430,110,,300;13,579,24,4,0;03,482,79,4,0,,,-40,-270,,,250,130
3TA4|||Tin Top~b|14858|10239|396|02,975,23,4,0
3TA5|||Blanco Landing~1|1225|16252|445|01,1052,8,1,0,10,285.6,640,-980,,,1560,-790
3TA7|||Jim Sears~1|31401|21958|274|17,762,21,4,1
3TE0|||K~b|7316|38689|87|06,1524,12,6,0
3TS0|||East Side~1|25085|52998|114|13,732,23,4,0;08,617,15,4,0
3TS1|||White Wings~1|114|19595|330|02,914,15,1,0,20,,-390,-170,,,390,160
3TS9|||Oak Glen~b|33793|43964|131|15,914,24,4,0
3TX1|||Paradise Point~1|20824|45550|105|09,579,9,4,0
3TX6|||Lowell Smith Jr~1|22335|26192|226|17,792,34,4,0
3TX7|||Flying P~1|31408|26289|245|N/S,853,30,4,0
3TX9|||Rafter J~1|25276|27192|216|15,853,15,4,0
3VS||VRS|Roy Otten Memorial~9|84278|71248|314|07,855,12,1,1,,,-70,-470,,,160,460;H1,15,15,2,1
3XA0|||Drennan~1|23139|27689|221|17,610,6,9,0
3XA1|||Hardy~a|34740|28307|204|12,762,18,4,0
3XA7|||Eagle Rock~b|8910|9934|469|06,610,15,4,0
3XA8|||Chicken Strip|25142|24052|322|17,752,24,4,0
3XS4|||Jenkins~1|1344|60640|5|17,732,21,4,0
3XS8|||Ken Ada~b|1370|40824|76|NW/SE,1280,30,1,1,,273
40AR|||Lost Bridge Village~1|63928|60876|439|13,960,12,1,0
40KS|||Chanay~1|85316|45485|338|01,732,24,4,0
40LA|||Woodsland Plantation~1|23460|80304|18|18,1463,40,4,0
40OK|||Hilltop~1|61161|34619|283|17,701,20,4,0
40TA|||Miles~a|13130|37795|140|NE/SW,610,30,4,0
40XS|||Hank Sasser Airport at Breakaway|5177|22191|273|15,914,9,4,1,,261
41AR|||Ashworth~1|41233|66503|153|02,914,6,4,0
41KS|||Flying Z~b|87343|52016|328|18,792,46,4,0;06,488,30,4,0;13,488,30,4,0
41MO|||Sawyer Creek~1|71869|69058|378|11,461,15,4,0
41TA|||Circle P~b|22373|21293|244|03,823,24,4,0
41TS|||Flying T~b|33784|35517|215|11,610,46,4,0
41TT|||Rancho Paraiso~1|1814|5925|639|18,1656,30,1,0
41XS|||Macho Grande~1|5345|25802|183|18,762,14,4,0
42MO|||Aire Parque~1|81231|96110|216|02,678,11,4,0
42TT|||Duke~3|4556|47692|76|14,772,30,4,0,134,,242,-287,76,,-244,288,73
42TX|||Magee~1|33216|39340|189|18,640,30,4,0
42XA|||Skid Row~j|13623|29097|144|15,571,46,4,0,153,,230,-140,144,,-230,140,140
43K|||Marion~5|83375|30083|424|03,837,29,4,0;13,830,15,4,0;17,784,12,1,1;18,704,20,4,0
43KS|||Smith~1|91019|35822|335|17,853,15,4,0
43LA|||Want's Ultralight Flightpark|27479|61271|54|09,488,30,4,0,,,,,,,,,,213
43MO|||Riordan~1|87833|56299|305|08,762,9,1,0
43OK|||Biggs Skypatch~1|56603|29976|305|18,1169,18,4,0,,,,,293,,,,293
44IS|||Potter~1|97448|89251|213|12,463,21,4,0
44KS|||Vankirk~1|76103|28375|411|17,748,30,4,0;04,533,23,4,0;08,427,23,4,0
44LA|||B T & K H~b|6478|69432|34|E/W,1036,49,4,0
44M|||Tenkiller Lake~j|57051|50641|267|05,792,23,4,1,,253,,,,,,,,60
44MU|||Lynch~a|69081|56900|357|15,549,18,4,0
44TE|||Shirley Williams~1|6835|15830|268|16,792,30,4,0
44TS|||Mc David~b|5777|11663|429|17,914,30,4,0
44TX|||White Oak~1|2105|9052|572|17,762,4,1,0
45AR|||Thunder Ridge Ranch|63672|73598|240|01,680,46,4,0;06,451,46,4,0
45MO|||Waldmeister~h|88490|93609|129|18,640,6,4,0;H1,15,15,4,0
45MS|||Box~a|35472|94329|37|18,629,6,2,0
45OK|||Belleview Landing~1|69126|43970|236|01,610,15,4,0
45TE|||Deussen~a|31918|26756|241|17,610,46,4,0
46KS|||Hidden Valley~1|78317|26369|410|17,742,15,4,0
46LS|||Venissat~6|861|74678|1|18,792,30,4,0,,304,,,,104,,,,146
47KS|||Maxwell~1|87706|47256|308|17,762,15,4,0,,217,290,-60,308,,-280,-60,299
47MO|||Cliff Scott~1|97367|60088|305|05,549,18,4,0
47OK|||Harman~1|55837|19599|410|08,762,15,4,0;04,594,15,4,0;12,518,15,4,0;17,372,15,4,0
47TA|||Pleasure~a|32560|31147|184|N/S,774,21,4,0
47TS|||Hensarling~1|10480|40823|96|08,792,12,4,0
47XA|||Luv~a|5065|25865|165|18,945,12,4,0
48AR|||Whirlwind Aviation~1|54847|91589|73|18,549,6,2,0
48TX|||Tri-County~e|34518|36226|241|17,1372,46,4,0
49K|||Norwich~1|74533|21649|455|17,985,24,4,1,,,,,,,,,,55
49KS|||N & N~1|92141|33277|375|17,671,30,4,0
49XS|||McCasland~b|14483|16789|418|12,1097,21,4,0
4AR1|||Shurley~g|50411|78999|131|09,914,9,1,0,88.9,268.3,10,-520,,,20,330,,210
4AR2|||Red Oak~1|49105|79931|96|09,1128,30,4,0,92.7,296.8,-200,-530,,,-230,240,,168
4AR5|||Lawrence~a|53715|92458|87|07,1105,91,4,0,,277,,,,98
4F1|||Westport Airport / Keystone~j|62223|36539|274|03,884,13,1,1,,281.2
4KS1|||Amar Farms~1|86853|49670|311|18,792,9,1,0
4KS2|||Ingels~e|90186|50456|293|18,518,15,4,0,,227,,,,61,,,,52
4KS7|||Butler~j|75594|29353|399|01,785,12,4,0,,,,,397,,,,387
4LA3|||Feliciana~j|8078|87867|62|15,914,23,1,1,157.4,,440,-500,,,-310,-140
4LA8|||Overton Private~1|7077|91257|34|12,610,9,4,0
4M5|||Dermott~5|34880|85574|41|01,908,15,1,0,18,,-390,-160,41,,380,150,41
4M8|||Clarendon~5|46480|86056|66|18,992,18,1,1,181,,330,30,65,61,-340,10,62
4MO|||Montgomery-Wehrman~1|90125|85807|237|03,719,23,4,1,,331
4MO3|||Schneider~a|99915|75058|286|18,549,15,4,0
4MO4|||Liberty Landing~1|92167|56664|219|04,732,11,5,0
4MO6|||Mark Twain Air Park|94395|88838|256|01,701,30,4,0
4MO8|||Martens~1|92067|57303|219|09,640,24,4,0
4MO9|||Friends~a|88933|58927|335|11,518,18,4,0
4MS2|||Dogwood Acres~1|22121|95497|76|18,823,46,4,0
4MS7|||Arnold~a|47482|97187|59|14,472,15,4,0
4MS9|||Providence~j|26660|99324|73|18,1219,23,4,1,,276
4O1|||Snyder~1|46276|9860|404|17,648,9,1,0
4O7|||Decker~a|63721|18216|405|03,675,23,4,0
4OK4|||Low Pass~1|52876|23358|402|N/S,792,15,4,0
4OK5|||Newman~h|45501|23997|347|18,1006,23,4,0
4TA1|||Warschun~b|33024|28868|183|15,549,12,4,0
4TA2|||V-Bar~1|17422|26801|172|6,602,23,4,0
4TA3|||Costello Island Inc~1|28966|15390|311|17,792,23,4,0
4TA5|||Lucky G~1|38528|13567|326|17,549,15,4,0
4TS5|||Goebel~a|2219|5016|667|14,671,18,4,0,,253,,,,122
4TX2|||Stage Coach Hills~1|29667|27673|208|17,823,27,4,1,,269
4TX3|||Forest Hill~1|36612|41664|160|18,747,18,4,0
4TX4|||Birk~1|26279|28080|213|N/S,610,9,4,0
4TX5|||Hancock~1|22299|37403|93|NW/SE,975,15,4,0
4TX6|||Kilgore~1|24127|51817|111|18,847,30,6,0
4TX8|||Addington~a|32487|27761|215|17,792,30,4,0
4XA3|||Owen~a|22534|5012|601|18,762,15,4,0
4XA4|||Apache Pass~1|6815|28561|125|01,914,18,4,0
4XA5|||Dave Eby~a|40378|15040|306|17,564,15,4,0
4XS1|||Coyote~a|21339|34794|131|15,762,30,4,0
4XS5|||Scrappin Valley~1|11219|61970|107|01,1219,18,0,0
4XS6|||H Young~b|3971|13415|509|15,636,30,4,0
4XS9|||Cajun Hills~b|859|18304|396|NW/SE,716,9,6,0
50TX|||Kennedy~b|1370|14760|487|13,1067,12,1,0,135.6,,410,-530,,,-280,250
51K|||Cedar Air Park|89314|51150|311|17,744,23,4,0
51KS|||Barnard~1|86370|27864|433|17,579,30,4,0
51LS|||Red Oak Landing~1|4381|78833|17|18,1097,46,4,0,,304
51OK|||Eagle Creek~1|57936|39703|226|18,549,15,4,0;8,366,15,4,0
51TE|||Barstool~b|24724|32101|169|10,634,27,4,0
51TT|||Hoes~b|1494|22654|174|16,466,11,6,0
51TX|||N D~b|25396|43317|165|18,762,9,4,0
52K|||Charles E Grutzmacher~5|94979|38247|361|18,671,19,4,0,,,310,60,359,,-300,-10,355
52KS|||Bland~1|89028|48678|285|18,549,18,4,0
52TA|||Red Wing~1|34640|36497|230|18,663,30,4,0,,311,,,,84
52TS|||Fall Creek Air Ranch STOLport|4185|18372|279|15,549,18,4,0
52XA|||Klinkerman~1|40485|15730|317|16,947,24,4,0
53K|||Osage City~5|86335|41982|337|17,774,12,1,1,180,,340,0,333,66,-370,0,337
53KS|||Weaver~b|81083|25672|445|17,418,15,4,0
53OK|||Thompson Private~1|52428|22362|390|17,914,30,4,1,,294
54AR|||Winfield~j|53929|62413|119|09,792,23,4,0
54KS|||Michael~1|88028|48873|311|17,549,46,4,0
54TA|||George P Shanks~1|22997|31267|186|15,884,9,4,0
54TX|||Flying H~b|6774|14747|305|11,610,21,4,0
54XA|||Flaherty~1|34893|27983|244|18,709,23,4,0,180,,560,-940,244,,-100,-940,231
55MO|||Tightsqueeze~a|88723|87398|250|18,610,24,4,0
55OK|||Gilstrap~a|62240|44217|175|18,518,12,4,0
55OL|||Higley~a|57804|24316|329|17,792,27,4,0
55TX|||Stonecipher~1|1115|57419|12|17,671,9,4,0
56LA|||Old Hickory~b|23453|61817|55|18,1067,30,1,0,184.1,,470,50,,,-500,-30
56TX|||Anchorage Farm~a|94|32406|134|16,518,38,4,0
57KS|||Get Away Runway|93150|40065|346|15,787,23,4,0,,,292,-264,346,,-283,270,329
57LS|||Prairie Creek~1|12050|67228|75|18,549,15,4,0
58KS|||Burger's Valley~1|89222|22914|404|18,732,18,4,0
58LA|||Sydal Acres~1|9219|88308|61|13,792,46,4,0
58MU|||ArkMo~1|65006|57092|301|1,594,18,4,0
58TX|||Tailspin Estates~1|26512|20664|253|02,815,24,4,1
59AR|||Hodges~1|58821|93875|83|9,671,23,4,0,93,,14,-372,79,,-17,370,83
59TX|||Benjamin Franklin~1|24874|25098|302|01,914,30,4,0
5AR1|||Tillar~1|37119|85382|46|15,975,26,1,0,154.6,,450,-150,,,-330,290
5AR2|||Turrell Flying Service~1|53747|98018|69|N/S,792,18,0,0
5AR7|||Keller~9|56867|92064|76|18,792,13,1,0
5F5|||Bluebird Hill~1|23446|62001|55|18,914,12,1,1,184,227,410,0,,131,-410,0,,259
5F8|||Thackers~1|27918|60429|62|08,884,15,4,0,,,-80,-410,,,10,530
5KS1|||Threshing Bee~1|91920|47841|351|18,503,18,4,0,,251,,,,91,,,,30
5LA1|||Kent's Flying Service~1|10280|80194|17|18,853,23,4,0
5LS6|||Arkla Flyers Inc~1|27652|82039|27|E/W,671,6,1,0
5LS9|||Ammons~1|15316|62923|64|01,943,9,1,0
5M1|||De Witt Municipal Airport Whitcomb~a|42623|86925|58|18,977,18,1,1,181,,440,10,57,,-440,-10,57
5MO|||Plattsburg~j|95944|55373|311|18,640,6,1,0,182,,300,110,,,-280,90
5MO1|||Irons~1|93760|76361|262|04,792,30,4,0
5MO9|||Oak Ridge Farms~1|99825|71356|303|09,594,24,4,0,,,,,,46
5MS1||RFK|Rollang~a|29535|91549|32|17,1119,23,2,0,180,,580,-80,,,-430,-80
5MU5|||Gjerde~3|85090|55157|276|18,488,18,4,0,,,217,12,276,,-222,-22,271
5O1|||Vici~5|61417|6968|691|16,782,15,1,1
5OK2|||Christopher M. Rippee~i|47767|37547|250|15,1097,15,4,0,,356,,,,152,,,,152
5OK3|||Stearmans Roost~1|64884|48597|214|09,1219,30,4,0
5OK4|||Pacer~a|51131|25494|347|17,806,30,4,0
5TA1|||Charping~1|11935|25928|208|01,671,18,4,0
5TA2|||Rabbit Run~1|14546|27497|226|14,792,46,4,0,,,,,,91
5TA8|||Deer Meadow~b|20133|40717|158|17,610,23,4,0
5TA9|||Seagoville~1|26099|34731|126|18,815,18,5,0
5TE2|||Bleakley~b|2252|18580|422|14,853,30,5,0
5TE3|||Alexander~b|2751|18773|381|N/S,671,15,4,0
5TS3|||Knapp Pecan Orchard~j|19742|33217|137|14,762,15,4,0
5TS4|||Mc Entire~1|31446|23983|241|17,463,11,4,0
5TX0|||Hidden Valley~j|31735|29486|186|16,792,12,1,0
5TX2|||Grove Hill~1|34223|37831|220|03,732,30,4,0
5XA1|||LZ Juliet Bravo~1|16308|22924|329|15,686,30,4,0
5XA9|||Venable~j|33388|30030|194|15,927,12,4,0
5XS0|||Tnt Ultralightport|34967|37353|216|01,457,15,4,0
5XS5|||Wits End~b|25426|42914|166|04,792,15,4,0
5XS9|||Byrt~1|19218|37350|126|14,1219,46,4,0
60AS|||Junior Smith~1|43762|90686|48|18,854,30,4,0
60TE|||Tierra Linda~b|1413|8496|607|16,914,15,1,0,160,288,-390,-150,,,-1160,170
60TT|||TF Ranch~6|17751|51810|159|16,563,18,4,0
60TX|||P-K~b|348|37366|107|16,1097,12,0,1,,213.7
61AR|||The Valley~1|63084|74693|137|10,853,7,1,0
61K|||Sedan City~1|71484|38147|306|18,963,25,4,1,,211,550,90,,,-300,-80;12,546,29,4,0
61MO|||Carl Ensor~1|95486|79012|226|18,792,23,4,0
61MU|||Farris Strip|95882|52162|321|16,640,6,1,0
61TA|||Eagle Landing~1|28840|53923|116|07,1219,30,4,0
61TE|||Kezer Air~b|29868|23803|253|16,732,6,1,0
62K|||Seneca~5|98472|38872|387|18,732,30,4,1,,184.7
62KS|||Dexter~a|83586|35090|358|18,762,30,4,0
62MO|||Washburn~h|90606|57967|261|09,792,23,4,0
62OK|||Lewis North~1|63392|50796|293|09,884,46,4,0
62TA|||Hawken Air One~1|3232|26879|158|02,472,15,6,0
62XA|||Flying H Air~b|14983|54161|77|10,853,8,1,0
62XS|||J F~b|20224|18663|372|16,732,18,4,1,,329,,,,,,,,78
63AR|||Stokes~1|52466|95385|65|17,884,30,4,0;08,671,6,1,0
63K|||Hillside~1|88211|53903|312|17,610,17,4,0,,226,290,20,,,-260,20,,46
63TE|||Flying S~b|13535|47942|113|14,610,30,6,0
63XA|||JCJ~h|12156|29963|158|15,716,5,4,0
63XS|||Byram~b|2241|17114|341|17,1250,12,1,1,170,318,550,-120,,,-560,110
64MO|||Booze Island~1|96653|49867|242|03,994,24,4,0
64TE|||Apache Springs~1|1590|6628|614|02,823,18,1,0
64XA|||Bird Dog Landing|35815|24507|293|14,518,30,4,0
65AR|||Bernard Manor~1|52255|95347|64|06,792,30,4,1,,256
65TE|||Windwood~h|35682|36028|237|14,762,15,4,0,,,,,,152,,,,18
65XA|||Barnes Air~a|9036|53042|73|2,495,76,4,0,20,,-218,-94,73,,212,87,73
66AR|||Hoerler Farms~1|60367|56111|372|18,669,18,4,0
66LA|||Schexnayder~1|5105|86077|5|09,488,24,4,0
66OK|||Mc Laughlin~h|40890|35783|212|07,610,12,4,0
66TE|||The Landings~1|23653|23550|208|17,945,15,1,0
66XS|||Baylie~1|33965|35114|209|13,671,15,4,1
67AR|||Wedington Woods~1|60978|56925|332|17,945,15,4,0
67MO|||Ski Harbor~1|78109|66301|276|18,805,30,4,0
67MU|||Air Cover~1|94542|86041|227|10,826,30,4,0,95,,30,-480,226,,-40,480,227
67TE|||Fisher~b|9496|22033|265|01,732,30,4,0
67TT|||Fleck~1|33489|25554|269|2,1189,15,4,0
67XA|||J-L~b|35182|18552|346|9,427,46,4,0
68LS|||Myrtle Grove~1|18146|86297|22|18,762,24,4,0,,,383,-3,21,,-350,2,22;13,396,18,4,0,,,231,-292,21,,-19,33,21
68TS|||Bishop~a|28745|37150|168|2,1402,9,1,0
69KS|||Chiles~j|86697|52575|320|01,792,24,4,0
69MU|||Blazer~1|97642|53726|286|18,478,18,4,0,,,220,0,279,,-210,0,286
69OK|||Uncle Kenny's~e|67158|51485|256|06,640,15,4,1
69TS|||White~1|9988|22441|271|12,457,30,4,0
69XA|||Richey~9|33498|22232|290|17,732,12,4,0
69XS|||Brushy Creek~1|37530|31696|218|18,853,9,4,0
6AR0|||Cypress Creek~j|50605|78839|82|07,762,18,4,0
6AR8|||Flying W Airpark II~1|53300|59581|144|18,762,26,6,0,185.8,,340,40,,,-340,-50;09,427,23,6,0,97.1,,20,-240,,,-20,230
6AR9|||Pine Mountain~j|64153|73056|268|09,914,46,4,0,92.1,202.7,20,-510,,,-20,500
6F1|||Talihina~5|47078|49262|209|01,1006,18,1,1,19,,-470,-170,208,,410,160,208
6F7|||Manning~a|28271|56458|98|12,1524,24,4,0;07,1097,30,4,0;02,562,30,4,0
6K2|||Shelby~8|98126|79498|233|17,701,14,4,0,,,310,-40,,,-320,30
6KS8|||Towanda Farms~1|77713|29670|399|17,627,15,4,0
6LA1|||Cottonwood~1|29840|87941|37|03,1067,23,4,0
6LA5|||Church Point Flyers~1|4597|77595|14|18,762,35,1,0
6LA6|||Williams Flying Service~1|22246|81436|24|18,914,23,4,0
6M8|||Marked Tree~5|55329|95999|67|18,975,18,1,1,,189,320,0,67,,-420,0,67
6MO0|||Blackhawk~1|89556|91852|178|04,671,46,4,0
6MO2|||Sainte Genevieve Flying Club~1|79858|99588|116|13,488,27,4,0
6MO3|||Flying 'E'~1|73492|78717|460|02,777,30,4,0
6MO4|||Wixted~1|80404|62343|259|18,713,15,4,0
6MO6|||Winter~a|83334|84832|293|E/W,549,30,4,0
6MO7|||Riverside Landings~1|70292|68332|390|N/S,823,15,4,0
6MS2|||Wells~h|19839|96646|139|09,823,15,4,0,,,,,,,,,,183
6MU4|||Flying Shamrock~1|90378|82746|247|09,686,20,4,1
6MU5|||Carp Farms~1|93643|62217|245|1,549,15,4,0,11,,-241,-56,239,,244,62,245
6MU9|||Craddock~a|75348|80348|365|09,610,18,4,0
6OK0|||White~1|58914|20411|338|17,792,30,4,0
6OK1|||John Reid~1|60015|49970|253|07,600,12,4,1,,255.7
6OK2|||Redhills~1|50628|21047|358|17,605,30,4,0
6OK8|||Lasley Private~1|53595|14288|497|17,762,15,1,1,,358.9
6OK9|||Mulberry Hill~1|61417|30577|313|17,814,30,4,0
6R1|||Welsh~1|2419|71707|5|07,823,15,1,1,72,,-60,-630,5,,180,180,5;09,671,46,4,0,87,,-90,-390,5,,-60,300,5
6TA2|||Rockys Place~1|33722|36378|209|18,792,18,4,0,,359,,,,152
6TA7|||Flying K~1|28285|22205|351|17,549,21,4,0
6TE9|||Mc Kenzie~a|28168|53831|110|09,866,11,4,0
6TS1|||Worrell~1|11779|19269|293|14,610,9,4,0
6TS4|||Stampede Valley~1|11863|26094|204|02,792,27,4,0
6TS6|||Wood Crest~b|10416|37984|125|03,792,12,5,0,,,,,,61
6TS8|||Rabb And Nobra~1|33|34189|122|02,646,9,4,0
6TX0|||MFR North~1|10479|16345|427|13,598,24,6,0
6TX6|||JTJ~b|20826|36433|107|16,762,15,6,0
6TX7|||Flying L~j|25376|28692|207|15,792,20,4,0
6X0|||Tarrant~a|20974|47053|180|12,823,9,4,0
6XS2|||Luscombe Acres~1|23460|28008|213|14,701,27,4,0;02,503,24,4,0
6XS7|||Eugene's Dream~1|30453|23252|276|17,975,30,4,0;10,579,12,4,0
6XS8|||Vultures Row~1|33390|28970|216|18,518,15,4,0
70LA|||Roland~1|11691|72437|67|09,762,61,4,0,,,,,,,,,,226
70OK|||Old 66 Strip|68337|50959|260|17,805,38,4,0
71AR|||Diamond C~1|62826|55262|387|18,582,9,4,0
71K|||Westport~1|76475|26155|393|17,768,9,1,0,,,370,70,,122,-330,90
71KS|||Stonehenge~1|91042|47039|314|12,579,15,4,0
71MO|||Famuliner Farms~1|92920|66159|200|17,762,24,4,0
71OK|||Neuwirth~6|45762|15170|361|18,591,50,4,0
71TE|||Moursund~b|3781|16236|448|18,1052,12,1,1,185.9,,460,80,440,,-480,-30,440
71XA|||Red Star~1|23529|42838|162|2,762,15,4,0
72AR|||Caddo Landing|43003|65175|155|15,671,15,4,0
72K|||Westport Auxiliary~1|76042|26411|387|17,777,15,4,0
73AR|||Dogwood~1|50529|79461|85|18,1219,15,4,1,182.9,,110,50,,,-990,-20
73F|||Wings For Christ International Flight Academy~1|16238|29775|139|16,914,24,4,1,,,,,,96
73KS|||Philip~b|87806|7788|586|14,624,44,4,0;18,514,44,4,0;04,422,44,4,0
73MU|||Sky-Go Farms~1|88846|80300|268|09,549,18,4,0;18,549,18,4,0
73TA|||Salado~1|9205|24599|204|01,972,30,4,0
73TE|||Moore Private~1|29266|24404|204|15,823,15,4,0
74AR|||Freedom~a|45378|78129|70|9,686,27,4,0
74KS|||Ensminger~1|79334|47828|326|18,762,38,4,0
74MU|||Koala-T-Field~1|90400|88696|210|01,549,12,4,0
74TE|||Flat Top~b|20599|22053|293|18,1277,15,1,0,180,,720,0,290,,-420,0,281
75AR|||The Bluffs~1|62962|77840|238|N/S,914,46,4,0;E/W,823,46,4,0
75TE|||Womack~h|17474|27539|152|14,600,30,4,0
75TS|||Venus~1|24164|29081|203|14,488,11,4,0
75XA|||Rocking B Cattle~1|5358|49163|87|14,917,12,4,0,136,,299,-334,87,,-292,333,80
76LS|||Cool Creek~1|9560|94532|77|9,762,30,4,0
76OK|||Odom's Roost~1|52827|23802|378|16,1372,46,4,0
76T|||Bishop~1|32690|25482|267|17,1137,52,4,0
77MO|||Springhill~1|70903|62306|398|16,762,30,4,0
78MO|||Staggs~1|99953|83110|201|09,549,21,4,1;18,396,21,4,0
78MU|||Stony Branch~1|72969|58046|312|18,732,37,4,0
78XA|||Wayport~1|27392|20823|329|18,433,23,4,0,,,196,1,328,,-195,-9,329
79AR|||Franke~a|48529|79518|80|N/S,792,23,4,0
79IS|||Hartwell~b|94442|94423|130|E/W,975,24,4,0;N/S,975,24,4,0
79MO|||Faries~a|69867|94567|137|06,914,23,4,0;17,610,15,4,0
79MU|||Dunham Private~1|93298|54421|305|04,610,11,4,0
7AR0|||Hammer~g|64245|63064|488|07,640,23,4,0,71.8,,600,-910,,,780,-230;16,640,23,4,0
7AR1|||Ward's~1|30500|86584|34|09,610,5,1,0,91.3,,10,-330,,,-10,320
7AR2|||Verser's Landing~1|55572|78679|186|18,488,23,4,0,186.8,,220,30,,,-220,-30
7AR3|||Runsick Flying Service~1|51511|91844|76|18,732,12,1,0
7AR6|||RBC~1|57958|91976|80|18,792,30,4,0
7AR7|||Riddell~a|43178|91430|52|17,762,6,1,0;18,671,18,4,0
7AR8|||Shiloh~1|46651|88234|55|18,947,24,4,0,182,,430,10,55,,-430,-20,55
7IS2|||Aero Estates~1|85245|99431|172|16,762,30,4,0,,238.9,,,,91
7IS9|||King~1|84764|97638|124|15,610,30,4,0
7KS0|||Flying T~1|92711|46830|354|09,488,18,4,0
7KS2|||Cloud~1|88508|45321|311|01,610,12,4,0
7KS4|||Bent Nail~b|96330|45606|360|02,472,18,4,0
7KS9|||Eagle~a|78492|24898|420|17,1097,28,4,0,,,,,,91
7LA0|||Valverda Strip|5222|84691|15|09,914,54,4,0
7LA3|||Habetz~1|4830|67712|24|01,945,15,4,0
7M0|||McCrory / Morton~1|52279|89068|68|18,732,6,1,0,,,380,10,,,-280,0
7M6|||Paris~5|52990|63183|131|03,823,18,1,1,39,,-290,-280,131,,290,290,131
7M7|||Piggott~5|63782|98338|84|18,777,15,1,1,180,,350,0,84,168,-350,-10,84
7MO1|||Wood Acres~1|94731|82910|219|18,975,30,4,0
7MO2|||Bevill~1|98500|82665|216|N/S,549,46,4,0
7MO3|||B S~b|65994|56337|305|E/W,686,14,4,0
7MS7|||Freebird~1|23741|95629|74|17,1158,18,4,0
7OK2|||Scott~1|49769|4987|503|17,732,5,4,0
7T0|||Freedom~a|35934|27807|270|17,732,18,4,0
7TA5|||Weber~b|5871|33659|107|16,853,23,4,0
7TA7|||Flying M~b|18399|50387|94|02,1067,15,4,0
7TE3|||Lometa Air Strip|12262|15388|427|17,698,34,4,0
7TE5|||Carlisle~1|16792|13364|546|01,671,18,4,0
7TS0|||Fairview~1|30944|25727|280|17,1006,30,4,1,,322.4
7TS4|||Hicks~1|31832|27455|221|17,732,27,4,0
7TX0|||Tom Danaher~1|38282|14273|301|17,1030,14,1,0,180,,520,-10,299,,-520,-10,299
7TX4|||Hillcrest~1|29668|27247|216|17,610,9,1,1,,323
7TX9|||Ashford~a|33587|55623|93|N/S,610,12,4,0
7XA2|||Sagebrush~1|31487|26260|247|16,884,27,0,0,,,408,-97,,,-372,94
7XA4|||Buckshot~b|11612|26975|220|2,457,18,4,0
7XS3|||W C~b|14754|43659|103|16,792,15,4,0
7XS6|||Moore Hx~b|17944|37920|122|17,762,23,4,0
7XS7|||Indian Springs~b|1147|10689|619|15,1006,12,1,0,155.9,312,420,-210,,,-410,210
80KS|||Gilley's~1|81578|28069|435|1,524,30,4,0,,,,,,37
80MO|||Seiferd~a|72765|56481|299|11,853,30,4,0
80TS|||M Y~b|13277|44270|91|13,777,30,4,0
80XA|||Knight Trow~b|24875|40455|154|3,411,8,4,0,29,,-161,-107,154,,164,104,148
80XS|||Three Acres~1|36430|29964|236|06,1067,23,4,0,,201.3,,,,177,,,,265
81KS|||Blackhawk~1|91562|44225|309|02,524,19,4,0
81OK|||Twin Lakes~b|50264|6606|497|17,671,11,4,0
81XA|||Buttermilk Air Strip|8860|22798|310|16,1269,18,4,0
82AR|||Barton~1|45371|92406|54|18,874,30,4,0
82LS|||Lookout Point~1|26911|88899|26|18,756,41,4,0
82TS|||Elmdale~j|24509|3512|541|18,997,15,4,0;17,899,9,1,1,,333.9,,,,55
83OK|||Sweetbriar~1|52568|54220|171|07,532,9,4,0,,263.6,,,,61,,,,146
83TA|||Rainbow~a|19003|33997|111|14,1189,46,4,0
83TS|||Moore~b|24269|15816|366|18,762,18,4,0
83TX|||Texas A And M Flight Test Station~1|6335|35164|80|17L,2134,46,2,2,180,,1070,50,,,-850,50;17R,2134,46,2,0,180,286,1070,-200,,,-850,-200;03,1372,91,2,2,40,,370,-610,,,1320,300;13,1372,91,2,2,131,,870,-780,,,70,300;17,1372,91,2,2,180,,1320,300,,,70,300
84OL|||Cotton~a|61104|42345|209|17,783,9,1,0
84TE|||W4~b|19881|24568|254|17,1372,15,1,0
84TT|||Chute Happens Ultralight~a|29010|37621|154|05,447,28,4,0
84XS|||Lang~b|2550|6011|671|15,555,18,4,0
85TX|||Rutherford~b|777|20344|300|S/N,1158,15,1,0,180,,520,0,,,-520,0
86LA|||Spring~1|9738|93343|122|12,564,30,4,0
86TE|||Matthews~b|26499|18527|255|07,610,12,4,0
86TS|||Fairway~h|14840|59729|110|02,1052,34,4,0
87MO|||Richters~1|86961|57420|279|18,914,26,4,0,182.3,259,410,20,,,-410,-20
87TA|||Cielo Grande~b|1891|7302|664|17,640,12,6,0
88MO|||Howell Valley~1|67058|81966|290|15,732,9,4,0,,346.5,,,,122
88MS|||Strayhorn Hay~g|46276|98705|78|1,632,23,4,0
88XA|||Tejas Stone~b|33374|35198|176|18,640,14,4,0,180,,293,-2,176,,-284,-2,176
89MO|||Bishop's Landing~1|85833|54203|305|17,780,12,4,0,,297.3,,,,15
89OK|||Neversweat Too~1|54431|51025|172|E/W,600,23,4,0
89TA|||Soaring Club of Houston Gliderport|1927|40367|94|17,975,152,4,0
89TS|||Carter~b|15668|42334|66|18,1585,23,3,0,180,253,740,-10,66,,-710,-10,66,107
89XA|||Hidden Ridge~b|18018|24770|263|15,640,18,4,0
8AR1|||Totty~g|64894|73578|238|13,549,30,4,0,135.6,322,180,-210,,,-170,210
8K0|||Bucklin~1|75459|3582|737|18,780,46,4,0
8K5|||Yates Center~5|78547|42520|344|17,843,49,4,1,180,330,410,30,339,,-340,30,344
8KS1|||Neu~a|91719|50192|280|17,610,12,4,0
8KS3|||Davis~9|98528|45195|335|17,774,15,4,0
8KS5|||Blue Sky~1|73161|47199|271|06,610,15,4,0
8KS7|||Pine Sod~b|87331|53548|327|01,549,24,4,0
8KS8|||Prairie Cottage~1|89178|29922|372|18,732,18,4,0;05,427,18,0,0,,262.7
8M2|||Sally Wofford~1|55903|90863|75|01,710,49,1,0,9,,-320,-60,75,,310,60,75
8MO1|||Life~h|74051|66486|348|16,413,30,4,0
8MO3|||Curtis~a|93247|60584|232|17,762,24,4,1,,309;09,671,24,4,0
8MO5|||Cayton Pony Express~1|98228|56159|318|13,610,30,4,0
8MO7|||Bean Lake~1|94917|49934|238|N/S,792,30,4,0
8MS1|||Henderson~1|35850|99023|49|18,884,24,4,0
8OK0|||Lamle~1|60683|17108|369|17,671,14,4,0
8OK1|||Warbonnet~1|51683|22892|407|02,518,18,4,0;04,183,12,4,0
8OK2|||Baker~6|54751|20711|418|17,732,61,4,0,,280,,,,,,,,91
8OL1|||Petes~j|52279|37705|235|17,762,24,4,0
8TA3|||Flying X River~b|5169|18258|250|03,1372,23,4,0;11,1036,23,4,0
8TA5|||Short Stop~1|31632|36778|197|17,457,6,5,0
8TA7|||Stark~a|25696|22469|274|16,792,23,4,0
8TA8|||Bufords~a|11691|54676|61|18,792,9,4,0
8TA9|||Star Dusters~1|6437|79417|11|E/W,610,46,1,0
8TE7|||Carter~b|3194|10856|561|17,518,9,5,0
8TS2|||Henrietta~1|37834|17830|284|17,969,9,5,0
8TS3|||Bruner~1|13902|45267|118|17,762,15,4,0
8TS6|||Moore~1|25332|36775|127|06,559,12,4,0
8TS7|||Wyatt 3-Rivers~1|22449|22739|187|05,914,61,4,0
8TX0|||Hub~a|14278|38651|122|18,1027,15,4,0
8XA6|||Blackjack~a|33171|30200|207|18,1067,12,4,0
90KS|||Sunset Strip~j|89822|44063|328|18,792,30,4,0
90TE|||The Homestead~1|21957|35614|121|15,1115,23,4,0
91AS|||Crumrod~1|41442|90077|48|18,729,30,4,0
91KS|||St. Joseph's Landing~1|92430|39672|346|01,762,24,4,0
91LA|||Koch~1|5346|76326|16|05,756,23,4,0
91LS|||Duclos RLA Restricted Landing Area|82089|99628|158|09U/27U,610,21,4,0
91OK|||The Flying Cowboy~1|46420|6288|416|17,701,30,4,0
91TA|||Rhines Roost~1|24460|40811|165|18,680,18,4,0
91TE|||Britts Crosswind~1|7247|21380|305|09,792,15,4,0
91XA|||Crosscut~a|26238|48861|128|11,975,9,6,0;16,610,9,4,0
92MU|||Parks~a|94091|53938|258|18,610,18,4,0,,,277,4,,,-272,-11
93KS|||Ronnebaum~9|97800|39149|390|2,792,20,4,0,7,,-350,-30,384,,350,90,390
93MS|||Shelby Air Service~1|39716|92318|47|18,640,23,2,0,180,257,430,10,,,-440,0
93OK|||Jantzen~1|59345|44086|204|17,671,46,4,0
93XA|||Scott~b|35096|18798|326|18,739,46,4,0,180,,332,1,326,,-334,-2,322
94AR|||Galloway Farms~1|51564|86681|59|18,805,23,1,0
94KS|||Smith~a|79750|10343|617|17,774,43,1,0
94TX|||River Bend~b|14377|6844|457|17,1158,15,1,0,170,314.9,510,-110,,,-520,100
95KS|||Fuller~9|90262|39850|322|1,732,24,4,0,,,-330,-69,322,,322,60,314
95OK|||Barcus~a|62676|43693|201|17,762,15,4,0
95TS|||Rob~1|32308|15103|399|11,671,15,4,0
96KS|||Palmer~a|93686|22119|428|18,762,15,4,0
96MU|||Green~9|79434|83979|326|18,671,18,4,0
96OK|||Millers Place~1|68471|5426|545|17,1219,11,4,0
97TS|||Gdap Air~b|4802|44601|91|15,762,46,4,1,,8
97XS|||Tilghman~1|34328|35205|226|18,960,30,4,0;09,335,30,4,0
98MO|||Woodliff~j|87862|90576|229|18,862,15,4,0,,245,,,,,,,,233
98OK|||Candy Lake Estate~1|64892|39472|209|17,612,16,4,0
98TS|||Cabrito~1|15589|15774|511|2,914,20,4,0,26,,-332,-198,512,,409,223,510
98XA|||Three Ninety-Eighth~1|16292|28376|140|10,631,9,4,0
99A|||Smith's~3|44062|80413|66|17,1158,23,4,0,,,520,0,,,-520,0
99LA|||Lawson~a|2894|76110|8|15,610,15,4,0
99TE|||Pritchard~1|36058|35844|244|18,701,23,4,0
9AR9|||Henry~a|48874|80105|76|10,914,30,1,0,,290
9F1|||Valley Mills~5|16210|25705|229|06,923,12,4,0;14,850,12,4,0
9K0|||Cottonwood Falls~1|83581|34555|388|17,701,47,4,1,,317.5
9K5|||Slater~i|92292|69276|262|04,748,40,4,0,,224,-230,-340,,,260,260,,91
9K6|||Patty~a|78004|32010|422|18,549,18,4,0
9KS1|||Hartland~1|86594|49078|303|18,792,18,4,0
9KS4|||Rose Port Inc~1|96364|16402|457|16,792,15,4,0
9LA6|||Chandler~1|13068|73885|25|15,762,30,4,0
9LA9|||Skyline~j|7348|95554|61|09,732,46,4,0
9LL0|||Krutmeier~1|98200|87790|218|N/S,457,21,4,0
9LS1|||Bayou Meadows~1|26995|86134|26|17,762,55,2,0
9LS5|||Red Beard Dusting Service~1|23038|88713|26|08,762,18,4,0
9LS9|||4B~b|24050|86567|24|10,719,30,4,0
9MO3|||Lawlor-Justus~1|96417|51864|335|01,549,15,4,0
9MO4|||Worth~1|99784|51248|344|N/S,597,8,1,0
9MO5|||Wakefield Wings~1|70612|69007|421|18,701,18,4,0
9MO6|||Ivy Bend~1|81931|70076|210|NE/SW,549,12,4,0
9MO9|||Eagle Lodge~1|95564|67510|198|08,853,12,5,0
9OK3|||Flying Eagle Estates~1|67037|41595|210|04,671,15,4,0,,270,,,,122,,,,152
9OK7|||Cimarron Strip|61848|34497|280|17,457,15,6,0
9TA8|||Taylor~b|16841|50228|82|15,610,18,4,0
9TE0|||Twin Acres~1|23923|35957|104|17,792,24,4,0
9TE7|||Flying G H~b|2453|29172|139|18,792,30,4,0
9TS6|||Goodlett~a|23789|28217|210|17,549,24,4,0,,356.9,,,,91
9TX4|||Flying H~b|6596|20889|305|17,762,30,4,0
9XS1|||The Landing~1|18356|30472|174|06,928,30,4,0
9XS4|||Mc Keon Aviation~1|37343|33733|229|18,549,30,4,0
9XS7|||Reeder~1|29471|40414|162|04,549,20,4,0
9XS9|||Rancho Verde~1|2731|35593|84|15,407,23,4,0
AR03|||Centerville~6|51287|67942|107|09,792,12,4,0,93,,-980,-10,,,-1020,860
AR05|||John Harris~a|52159|66951|539|18,914,15,4,0,183.1,230,410,30,,,-410,-30
AR06|||Cantrell Farms~1|52325|76567|99|10,805,15,4,0,102.4,229.9,80,-430,,,-80,430
AR09|||Gravette~a|64139|55611|366|18,792,30,4,0,183.8,268,360,30,,,-360,-30
AR10|||Greenwalt Company~1|48067|83917|71|09,792,18,4,0,91.9,317,10,-440,,,-20,430
AR11|||Ozark~e|62875|59123|387|16,549,30,4,0
AR12|||Mc Donald's Strip|53206|79813|213|09,701,34,4,0
AR13|||Pearson~a|49862|73665|91|14,610,15,4,0
AR22|||Tommy's Flying Service Inc~1|43815|80415|66|18,762,23,4,0
AR23|||Cedar Creek~b|51250|65232|128|16,1128,21,4,1,,358,,,,183
AR27|||Lollars Creek~h|59390|61543|436|16,640,14,4,0
AR34|||Pine Village~1|49820|75548|186|E/W,610,30,4,0
AR35|||Henson~h|60867|58948|433|15,610,46,4,0;18,488,61,4,0
AR43|||Brickey Private~1|50976|72209|98|18,701,15,4,0
AR44|||Flying W~1|35126|59865|81|09,762,46,4,0
AR46|||Penrose~1|51889|89499|67|18,805,27,4,0,,281.7,,,,69
AR55|||R.V. Stewart~a|47398|79099|77|18,853,34,4,0
AR56|||Amos~1|56102|85638|73|N/S,885,30,4,0
AR79|||Flying G~b|36935|86204|46|09,1143,46,2,0
AR81|||Katheryn's Landing~1|41623|73962|76|03,853,18,4,0
AR82|||Gillespie Strip|41712|73040|150|17,518,15,4,0
AR88|||Poe's~1|50548|76460|90|11,823,15,4,0
AR89|||Landers Loop~1|54001|69340|223|02,640,30,4,0,,270,,,,,,,,91
AR91|||Circle S Farms~1|62259|59679|366|18,625,30,4,0
AR93|||Ark-Mo~1|64861|97224|94|09,732,27,4,0
AR97|||Chael~1|52201|75035|98|18,762,18,4,0
AS11|||Rohrscheib~1|44473|91925|52|11,814,24,4,0
AS91|||Gaylons~1|42926|90043|47|9,1244,30,4,0
AZU|||Arrowhead Assault Strip|52780|57757|239|07,1372,18,4,0,,221
BUTL|||Smith~a|49697|81688|77|18,931,23,4,0
F09|||Olustee~5|45126|5705|410|17,610,15,1,0,180,,740,-430,410,,190,-430,410
F23||RGR|Ranger~5|24526|13172|448|01,1041,23,4,0;18,564,24,4,0
F78|||Horseshoe Bend~1|25729|21275|218|17,914,9,5,0
F92|||Kingfisher~1|58765|20471|325|17,786,114,4,0,,,220,40,325,,-490,50,325
FWB|||Branson West~1|66985|65978|411|03,1525,23,2,1
H49|||Sackman~a|84506|97641|128|03,747,46,4,1,,201.4,-130,-220,,,470,190
H57|||Bismarck~i|77588|93832|316|17,625,15,1,1,,268.7,280,-30,,,-280,30,,36
H66|||Nowata~5|67220|43780|207|17,762,14,1,0;5,744,14,4,2
H75|||Hernando Village~j|47978|99646|74|14,1018,20,4,1,,180.3,,,,,,,,67
H97|||Pawnee~5|63772|31947|267|18,649,30,4,0
IL12|||Kinsey~1|98800|95349|139|09,792,21,4,0
IL86|||Krohe~1|99362|95332|137|E/W,762,15,4,0
IS69|||Kloker~1|99189|94890|134|18,515,21,4,0
K00R|||Livingston~5|6859|49821|46|12,1129,18,1,1,131,,330,-450,46,,-330,440,46
K03B|||Mansfield~5|71268|73784|457|07,914,15,1,1,68.6,255.3,-70,-420,,,80,550
K07||RLA|Rolla Downtown~1|79357|81865|301|09,923,12,1,1,93,,20,-530,291,,-30,520,294,136
K07F|||Gladewater~5|25288|50283|90|14,1006,23,1,1,143,,440,-360,87,,-280,290,90;17,701,15,1,0,179,,210,40,89,,-420,50,90
K09M|||Charleston~5|39915|99214|53|18,914,15,1,1,178,296.8,420,310,,,-410,340,,303
K09R|||Tyler~8|7748|55412|118|16,1219,18,1,1,163.4,223,570,-160,118,54,-490,210,,193
K0F2|||Bowie~5|36017|22244|336|17,1098,18,1,1,174,,490,-50,336,,-500,60,330
K0F7|||Fountainhead Lodge~j|53887|43998|204|18,914,15,1,1,191,,400,110,,,-410,-70
K0F9|||Tishomingo~j|41985|33255|197|17,945,18,1,1,180.5,316.9,430,10,,,-430,0
K0H1|||Trego WaKeeney~1|90045|1071|742|17,1222,15,1,1,172,,540,-90,741,,-550,90,739
K0M0|||Billy Free~5|38848|84655|50|18,1525,23,1,1,182,,680,20,49,,-690,-30,49
K0M8|||Byerley~1|28259|88123|32|17,974,23,1,1,175,,380,-40,31,53,-360,40,31,162
K0M9|||Delhi~5|24107|85013|28|18,914,23,1,1,179,,400,-50,28,,-400,40,28
K0R4|||Concordia Parish~1|15620|84935|16|14,1128,23,1,1,144,,400,-340,,,-410,360
K0R5|||David G Joyce~1|19637|73397|45|9,915,30,1,1,89,,-10,-480,45,,0,490,36
K0R6|||Hampton~5|35226|75397|54|02,1319,15,1,0,19,233.6,-560,-240,53,,560,250,54
K11R|||Brenham~5|2190|36257|94|16,1830,23,1,1,171,,750,-130,94,,-750,130,76
K13K|||Eureka~5|78516|37083|368|18,1068,18,1,1,191,,380,140,367,,-570,-80,364;08,653,17,4,0,90,,150,-410,368,,150,310,365
K14M|||Hollandale~5|31826|91693|35|08,914,18,1,1,80,360,-60,-480,,,70,490
K15F|||Haskell~5|31915|2821|495|18,1042,15,1,1,188,,460,80,484,63,-470,-70,495
K19M|||C. A. Moore~1|31255|99744|104|01,975,18,1,1,12,,-430,-100,99,,430,110,103
K1F0||AHD|Ardmore Downtown Executive~1|41470|28773|257|17,1524,23,1,1,179,,690,-10,256,,-690,20,257
K1F4|||Madill~5|41404|31880|271|18,916,18,1,1,186,,410,50,263,,-410,-60,269
K1H0|||Creve Coeur~1|87268|94917|141|16,1372,23,2,1,158,,480,-510,137,,-670,70,141;07,938,67,4,0,66.3,270,-40,-150,,,300,820
K1H3|||State Technical College of Missouri~1|84716|81827|290|09,1036,18,2,1,92.5,211,10,-500,,,-30,690
K1H5|||Willow Springs~i|69896|80459|380|17,1067,18,1,1,170,332.5,480,-100,380,,-470,110,373
K1K2|||Lindsay~5|48493|24147|295|01,917,18,1,1,15,,-400,-130,295,,400,120,294
K1K4|||David Jay Perry~1|51551|25296|356|13,916,18,2,1,136,,270,-330,356,,-340,360,352;17,550,18,1,0,181,,290,10,356,,-210,0,354
K1K7|||Fredonia~1|75805|41628|268|17,1389,18,2,1,180,319.1,650,10,,,-610,20
K1L0|||Port of South Louisiana Executive~4|870|94174|2|17,1570,23,1,1,172,,570,-90,1,,-530,80,2
K1M2|||Belzoni~5|31452|94847|34|03,914,15,1,1,32,,-350,-250,33,,350,260,33,152
K1MO|||Mountain Grove~i|71207|76888|450|08,891,18,1,1,81,,-70,-610,444,,80,600,450
K1O1|||Grandfield~5|42376|12580|344|17,945,23,1,1,181,,610,340,343,,-250,330,344,301;08,469,23,1,0,90,,590,-250,344,,590,260,344
K1O4|||Thomas~5|57335|12694|528|17,1149,18,1,1,180,,510,30,528,,-340,50,528
K1O8|||Tipton~5|44586|8287|380|17,933,15,1,1,180,,420,0,380,,-420,0,380
K1R1|||Jena~1|16669|78423|65|17,1160,23,1,1,178.7,181.5,570,-60,,,-480,-40
K1R4|||Woodworth~1|11264|74986|43|01,945,23,1,1,15,,-410,-140,,,400,160
K1R7|||Brookhaven-Lincoln~8|16058|95907|149|04,1524,23,1,1,48,,-460,-600,149,193,470,590,148,305
K21F|||Jacksboro~5|32287|18533|322|17,981,23,1,1,175.5,352.4,440,-40,322,,-440,40
K24F|||Cypress River~1|27460|56956|67|05,975,18,1,1,53.1,216,-270,-410,66,,260,420,66
K26|||Carrollton~i|93114|64934|204|18,792,15,1,1,181,,460,10,,,-250,0
K2A2|||Holley Mountain~j|56507|75962|387|05,1462,15,1,1,57,,-360,-680,387,121,360,670,387
K2A6|||Holly Grove~5|45824|88348|54|15,1362,15,1,1,148,247,520,-400,53,,-510,390,54
K2F7|||Commerce~5|32929|41036|157|18,1191,18,1,1,183,,530,30,157,,-540,-30,154
K2H2|||Jerry Sumners Sr Aurora~5|69623|63047|437|18,915,18,1,1,181,,410,10,437,,-410,-10,435
K2K4|||Scott~a|48926|4718|501|17,1280,23,1,1,180,218,580,0,494,,-580,0,501
K2K7|||Neodesha~5|74354|43539|256|02,914,14,1,1,29,,-430,-360,251,,290,130,256;15,640,14,4,0,156,196.1,350,10,256,,-170,310,251
K2K9|||Haskell~1|58329|43326|179|17,1131,9,1,0,180,218,270,50,,,-730,50
K2L0|||Pineville~5|13419|75564|30|18,914,23,1,1,,,440,10,,,-380,0
K2MO|||Mount Vernon~5|70684|61151|379|18,974,18,1,1,181,,370,80,374,,-510,60,380
K2O8|||Hinton~5|55059|16576|484|17,1219,18,1,1,180,,680,0,481,244,-420,0,484
K2R6|||Bunkie~5|9567|77659|19|18,916,23,1,1,180,,420,0,18,,-410,0,18
K2R7|||Franklinton~1|8194|98875|53|13,914,23,1,1,137,270,340,-250,,,-270,420
K32A|||Danville~5|50870|65725|118|11,1361,23,1,1,106,,190,-860,113,,-200,850,118
K33K|||Kinsley~5|79090|5969|662|18,1003,17,1,1,187,,450,70,661,55,-450,-70,662
K33R|||Groveton Trinity~8|10849|48359|104|16,1067,18,1,1,163.7,316,460,-160,101,,-460,160,104
K34|||Gardner~5|88069|50438|318|17,983,18,4,1,,,280,-270,314,,-610,-270,320;08,731,11,1,1,90,,310,-280,314,,300,760,315;03,570,18,4,0,39,,-460,-300,,,0,170
K34M|||Campbell~5|64859|99842|87|18,914,15,1,1,176.9,,440,20,,,-400,80
K37F|||Munday~5|34680|4139|449|17,975,15,1,1,178,,2120,-30,449,,1240,10,449
K37K|||Higgs~1|39260|27037|210|18,1341,23,1,0,189,,590,110,210,,-600,-120,210
K37T|||Calico Rock Izard~8|61645|78555|223|15,915,18,1,1,151,,480,-330,223,,-240,170,212
K3AU|||Augusta~5|76716|29221|405|18,1372,23,1,1,184,,580,60,404,,-570,-50,397
K3DW|||Downtown~1|72227|67517|419|11,1230,15,1,1,108,,160,-650,412,,-190,660,419
K3F2|||Cisco~5|24150|10031|491|17,1128,18,1,1,180,,690,-340,485,,-330,-340,491
K3F3|||C E 'Rusty' Williams~1|20735|62345|99|04,1545,46,1,2,45.5,,-770,-510,,,210,660;18,1526,30,1,1,185.7,,610,70,97,,-620,-80,99
K3F4|||Vivian~1|28613|59898|79|09,914,23,1,1,89.6,,0,-480,,,10,490
K3F7|||Jones~i|58069|35781|259|17,1036,14,1,1,181,,460,10,245,,-470,-10,259
K3F9|||Mineola Wisener~a|26767|44892|131|18,976,12,1,1,180.6,,440,10,131,,-440,-10,123
K3GV|||East Kansas City~1|90151|57847|255|09,1374,13,1,1,91,,-80,-830,249,91,-110,750,249;05,672,6,1,0,57,,-100,-110,249,,220,540,254
K3JC|||Freeman~a|90445|31554|336|18,1066,23,1,1,193.7,,460,150,330,,-470,-140,335;13,580,43,4,0,139.1,,-80,80,332,,-470,510,333;05,559,61,4,0,56.6,,-330,-30,334,,-40,550,331
K3K8|||Comanche~8|72281|6691|636|17,1372,18,2,1,175,,100,-170,636,,-1140,-50,632
K3M9|||Warren~5|35604|79146|72|03,1167,23,1,1,37.5,,-410,-380,60,,420,380,72
K3O3|||Purcell Municipal - Steven E. Shephard field|49845|26172|348|17,915,18,1,1,174,,300,-40,345,,-530,70,348
K3O4|||Sayre~5|51676|3421|590|17,1303,40,2,1,179,,680,-10,,107,-690,10
K3O9||NRI|Grand Lake~4|65776|51381|241|17,1196,18,2,1,174,,470,-60,,70,-600,80,,70
K3R2|||Le Gros~i|1616|75183|5|04,1312,46,2,1,44.8,,-470,-800,,,360,170;13,1220,46,2,0,135.1,,330,-760,,,-440,130
K3R4|||Hart~1|15449|65135|97|12,1342,23,1,1,121.1,,250,-340,,,-320,760;01,549,23,4,0,23.7,,-150,-580,,,310,-340
K3R7|||Jennings~1|2427|73266|7|08,1525,23,1,1,78.1,,-80,-1160,,,200,370;13,1098,23,1,1,134.9,,200,-100,,,-490,700;17,603,46,4,0,180,,220,580,,122,-290,580
K3R9|||Lakeway~j|3575|20055|277|16,1198,21,1,0,168.8,,530,-120,269,,-530,120,277,190
K42A|||Melbourne Municipal John E Miller~a|60710|81699|224|03,1220,23,1,1,32,,-470,-360,223,,470,350,215
K42M|||Thayer~i|65223|84280|241|09,1280,15,1,1,90,,0,-710,,,0,720
K45K|||Minneapolis City~8|90947|22794|379|16,1210,6,1,0,166,,530,-160,,,-530,170
K45R|||Hawthorne~a|3363|57425|22|13,1312,23,1,1,139.7,,450,-450,21,,-450,440,20
K47K|||Moundridge~5|82091|24973|454|17,1038,15,1,1,170,,460,-110,454,,-460,100,454
K48K|||Ness City~5|84733|907|703|17,1219,18,1,1,180,,210,120,703,,-650,120,695
K4A5|||Buffalo River~1|58986|73435|294|05,1220,23,1,1,52,,-330,-510,281,,360,540,294
K4F2|||Panola County Sharpe~a|21761|57012|76|17,1219,23,1,1,177.8,,550,-30,74,,-550,20,76
K4F7|||Kizer~a|38039|66378|97|18,1056,15,1,1,182,,470,20,97,,-480,-10,94
K4F8|||Stephens Ouachita~8|34434|69458|70|02,914,15,1,1,17.5,,-730,-300,70,,80,0,59
K4K3|||Lexington~5|92100|60731|211|13,945,38,6,0,136,,280,-360,,,-330,400;04,892,12,1,1,42.4,,-310,-340,211,,280,360,210;18,686,38,6,0,180,,280,-360,,,-340,-360
K4M1|||Carroll~8|63813|63754|367|07,1084,23,1,1,73,,-130,-570,,,140,580
K4M2|||Booneville~5|51495|61365|142|09,992,15,1,1,91,,10,-530,142,,-10,560,135
K4M3|||Carlisle~5|48082|82879|73|09,1372,23,1,1,91.1,,-220,-1040,73,,-240,460,73;18,1370,23,1,0,181.1,,850,310,73,,-390,290,73
K4M9|||Corning~5|64042|93521|89|18,1310,18,1,1,180.6,,590,0,89,,-590,-10,89
K4O4|||McCurtain County~4|39094|51406|144|02,1524,23,1,1,23.2,,-640,-320,144,,630,330,140
K4O5|||Cherokee~5|67880|16415|359|17,1088,15,1,1,180,,490,10,359,61,-490,0,359,55
K4R7||UCE|Eunice~1|4663|75762|13|16,1524,23,1,1,166,,670,-190,12,,-670,190,13
K4T2|||Kenneth Copeland~1|29773|25116|210|17,1811,39,2,1,176,,170,-10,,,-1480,130;12,914,38,1,1,123,,0,0,,,-440,820
K50|||Cook~9|75654|28254|410|17,1058,12,1,0,,,460,-30,,,-230,-30;01,488,15,4,0,,,-150,-20,408,,260,170,404
K50F|||Bourland~a|25818|24092|266|17,1234,18,1,1,171,,550,-100,266,119,-560,100,255
K51R|||Madisonville~5|9128|40480|87|18,976,15,1,1,190.1,,440,90,87,,-430,-90,79
K52F|||Aero Valley~1|30516|27679|196|17,1067,12,1,1,180,,310,-10,196,110,-660,-10,,88
K55K|||Oxford~5|72687|29066|362|17,1030,18,1,0,177.3,,570,170,,,-370,230
K55M|||Star City~5|39255|81389|121|18,914,18,1,0,180,,470,40,,,-350,40
K5F0|||Arcadia Bienville Parish~1|25320|70473|134|14,914,23,1,1,144.7,,220,-420,,,-480,160
K5F4|||Homer~5|27885|69963|74|12,975,18,1,1,122.6,,240,-430,,,-240,440
K5M4|||Fordyce~5|38458|76345|59|05,970,18,1,1,48,,-290,-390,59,,290,390,57
K5M5|||Crystal Lake~1|63436|55552|360|13,1177,23,1,1,134,,370,-470,352,,-380,470,360
K5M8|||Gurdon Lowe~a|39239|68313|70|08,1342,18,1,1,90,,110,-160,,,110,1290
K5R8|||De Quincy Industrial~j|4412|65265|25|15,1524,23,1,1,157.7,,620,-310,,,-650,300
K60F|||Seymour~5|36487|7394|410|17,1311,15,1,1,180,,570,-70,410,,-610,-70,408
K60R|||Navasota~5|3719|38867|69|17,1525,23,1,1,178.2,,440,-10,69,,-440,20,63
K61R|||Newton~5|8844|62582|98|14,1219,18,1,1
K63|||Council Grove~5|86764|34273|429|04,562,37,4,0,,,-180,-210,,,180,250;12,515,23,4,0,,,130,-290,,,-100,230
K63M|||Hermann~5|87052|85094|155|07,975,15,1,1,67,,-170,-510,155,,170,520,155
K64|||Vinland Valley~e|88375|48178|271|16,924,24,4,0
K67|||Oswego~5|71598|49575|253|17,762,15,1,0,,,280,110,,,-400,110
K68|||Garnett~5|82772|47847|301|01,809,14,1,0,,,-340,-120,,,370,140
K68F|||Teague~5|16613|36900|160|15,1006,15,1,1,159,,420,-190,160,,-430,190
K69K|||Wamego~5|91972|37411|294|17,970,9,1,1,174.6,,440,-50,,52,-430,50
K6K4|||Fairview~5|62901|15242|388|17,1341,23,1,1,180,,500,10,386,,-490,-10,388
K6M0|||Hazen Municipal Airport - David Duch~a|47594|83619|70|18,1234,46,1,1,180.2,,590,10,,61,-570,0
K6M2|||Horseshoe Bend~1|62214|82445|238|13,1372,18,1,1,125,,360,-620,238,152,-360,630,237
K6M7|||Marianna/Lee County Airport Steve Edwards~a|47803|91894|67|18,1226,23,1,1,180.9,,810,80,66,,-290,60,66
K6R3|||Cleveland~5|3564|49920|46|16,1523,23,1,1,161.8,,660,-250,46,,-650,250,43
K71|||Lincoln~5|90581|18330|430|02,823,40,4,0;15,823,113,4,0
K72F|||Throckmorton~5|31801|8502|388|17,1135,18,1,1,180,,350,10,388,151,-510,10
K77F|||Winters~5|19472|142|570|17,977,12,1,1,180.4,,440,0,569,,-440,-10,570
K78|||Abilene~5|89041|27641|351|17,1250,23,1,1,180.1,,560,10,351,,-570,0,350
K78R|||San Augustine~8|15395|58299|135|17,1158,15,1,1,173.3,,530,-110,135,,-510,30,119
K7F3|||Caddo Mills~5|30362|37569|165|13,1219,46,2,0,136.1,,470,-250,165,,-320,660,163;18R,1219,23,2,1,181,,480,-200,165,,-620,-230,163;18L,427,84,4,0,180,,450,200,,,60,200
K7F5|||Canton Hackney~1|25884|41369|152|18,1143,15,1,1,184.3,,300,80,150,,-730,-10
K7F7|||Clifton Municipal Isenhower~a|18173|24303|232|14,914,15,1,1,145.1,,290,0,231,,-390,550,228,43
K7M1|||McGehee~5|36202|86352|43|18,1221,23,1,1,181.4,,550,10,43,,-550,-20,43
K7M2|||Mountain View Wilcox Memorial~a|58645|79097|245|09,1372,21,1,1,93,,30,-760,245,,-30,760,238
K7M3|||Mount Ida-Bearce~1|45291|64706|196|08,1219,15,1,1,77,,-130,-420,,,120,880
K7M4|||Osceola~5|56911|99899|71|01,1158,23,1,1,8.9,,-510,-100,71,,520,100,71
K7M5|||Ozark Franklin~8|55107|61607|198|04,1006,23,1,1,41.6,,-340,-370,185,,340,370,198
K7M8|||Rector~1|62501|96805|86|18,1038,18,1,1,178.6,,430,10,,,-480,30,,81
K7M9|||Salem~1|63569|81696|240|02,1067,15,1,1,23.1,,-540,-290,240,376,340,180,232
K80F||ATE|Antlers~5|41926|43501|175|17,1006,18,1,1,179.8,,450,0,175,,-450,10,173
K81R|||San Saba County~5|12352|12830|381|13,1282,18,1,1,136.3,,370,-410,381,,-380,420,378
K84R|||Smithville Crawford~5|282|28330|98|17,1219,23,1,1,174,,770,-50,98,,-320,80,98
K86F|||Carnegie~5|51236|14248|413|17,914,18,1,1,180,,410,-10,,,-410,10
K87|||Hiawatha~5|98792|44747|344|17,1036,30,4,0;10,741,40,4,0
K87I|||Yazoo~8|28832|95364|32|17,1524,30,1,1,174,,690,-90,32,,-680,80,32
K87K|||El Dorado Springs~i|78567|60009|284|04,1004,15,1,1,44,,-590,-800,,,60,-10;18,741,15,6,0,183.8,,270,50,,,-390,-10
K88R|||Austin Air~b|4736|18785|253|17,1276,9,1,0,180,,830,40,253,141,-320,40
K8F5|||Greater Morris~8|31481|52998|123|17,914,15,1,0,173.5,,-1710,80,,24,-2550,200,116
K8K2|||Harper~5|72783|19568|435|17,996,12,1,1,175,,360,-40,435,,-530,70,434;12,652,49,4,0,134,,300,-360,435,,-110,170,435
K8WC|||Washington~8|79292|92685|292|02,1219,18,1,1,19,,-520,-220,292,,520,220,288
K90F|||Jewel B Callaham~5|40140|52414|123|17,975,15,1,1,180,,430,0,,,-460,0
K91|||Horton~5|96792|44664|346|17,678,30,4,0;15,499,30,4,0
K91F|||Arrowhead~1|51563|43787|259|15,1067,18,1,1,160,,460,-190,,,-450,200
K92F|||Chattanooga Sky Harbor~1|43687|13179|346|17,1036,18,1,1,180,,1100,-570,,,160,-570
K93F|||Mignon Laird~5|56075|2953|635|18,1226,18,1,1,187,,120,270,,,-980,100
K93M|||Rueter~9|98491|84051|200|18,778,14,4,0
K94K|||Cassville~5|66974|60995|452|09,1097,18,1,1,90,,0,-620,452,,0,610,448
K95F|||Cleveland~5|62838|35367|278|18,1219,18,1,1,187,,540,80,278,,-550,-90,274
K9F0|||Dublin~5|20680|16742|456|15,975,18,1,1,163.2,,450,-90,456,,-410,220,455
K9F9|||Sycamore Strip|26285|26464|232|17,1029,9,1,1,180,,540,0,232,91,-570,0,232
K9K7|||Ellsworth~5|87523|17712|492|17,1372,23,1,1,176,,460,-270,,,-620,-170;12,679,76,4,0,126,,-300,-500,,,-660,140
K9K8|||Kingman Airport Clyde Cessna~a|76690|18761|490|18,1311,23,2,1,188,,490,260,487,,-680,50,487;11,1036,18,2,0,116.6,,330,-710,490,,-90,340,485
K9M6|||Kelly~1|28492|85961|34|18,1158,18,1,1,184,,500,80,33,80,-320,10,33
K9M8|||Sheridan~5|43274|76487|71|01,976,23,1,1,14.3,,-320,-90,,,480,160
KAAO|||Colonel James Jabara~1|77476|27789|433|18,1860,30,2,1,187,,830,120,427,,-830,-130,433
KACP|||Allen Parish~1|7503|73117|33|18,1524,23,1,1,170,,710,-10,33,,-670,270,33
KADM|1|ADM|Ardmore~5|43030|29804|237|13,2744,46,2,1,135,,830,-550,232,,-590,1130,222;08,2202,46,2,2,85,,300,-360,,,480,2020;04,2061,46,2,2,46,,-970,-380,221,,330,1210,225;17,1647,30,1,0,180.4,,580,-390,230,,-800,-400,221
KADS|1|ADS|Addison~1|29686|31636|196|16,2195,30,1,1,160,,920,-410,193,298,-930,400,195
KAGO|1|AGO|Magnolia Municipal Airport / Ralph C Weiser~a|32280|67830|97|18,1526,30,1,1,181,,630,30,92,,-630,-20,97
KAIZ|1|AIZ|Lee C Fine~i|80960|74505|265|04,1980,30,1,1,37,,-710,-680,263,,710,680,265
KANY|1|ANY|Anthony~5|71585|19204|408|17,1097,21,1,1,180,,520,60,408,,-470,50,407;10,674,18,4,0,104,,40,-470,405,,-110,270,407
KAOV|||Ava Bill Martin~i|69719|73181|400|13,1108,15,1,1,137,,370,-430,389,,-370,420,400
KAQO|||Llano~5|7837|13380|336|17,1281,23,1,1,179.2,,580,-10,336,,-570,10,336;13,978,46,4,0,137.5,,510,60,336,,-150,750,332
KAQR|||Atoka~5|43983|38519|180|18,919,18,1,1,181.2,,420,10,,60,-410,-10
KARG|1|ARG|Walnut Ridge~4|61247|90749|85|04,1829,46,2,1,45,,-1110,-860,83,366,50,580,83;13,1525,46,2,0,135.2,,990,-620,83,,20,580,83;18,1524,46,2,1,180,,800,180,83,,-570,180,83
KASG|1|SPZ|Springdale~5|61764|58807|412|18,1616,23,1,1,187,,720,120,408,111,-720,-110,412
KASL|1|ASL|Harrison~8|25205|56922|109|15,1525,30,1,1,156.7,,540,-320,109,,-720,320,98;02,1006,18,1,0,22,,-280,-200,103,,560,200,104
KATA|||Hall Miller~5|31018|58047|85|05,1158,18,1,1,52.1,,-220,-440,85,,420,540,82;15,690,23,4,0,156,,310,-170,82,,-310,160,80
KAVK|||Alva~4|67732|13301|449|18,1524,23,1,1,180,,750,90,449,,-410,80,447,44;09,424,52,6,0,90,,-380,-510,448,,-380,130
KAWM|1|AWM|West Memphis~5|51351|97656|65|17,1830,30,2,1,180.5,,820,0,65,,-830,-10,65
KAXS|1|AXS|Altus Quartz Mountain~4|46980|6615|437|17,1677,23,2,1,180,,830,40,437,,-680,40,429
KBDQ|||Morrilton~5|51362|72865|98|09,1219,23,1,1,90,,-280,-660,98,,-280,660,94
KBEC|1|BEC|Beech Factory~1|76945|27850|429|01,2439,30,2,1,11,,-1080,-250,418,,1080,250,429
KBFK|||Buffalo~5|68633|3813|555|17,1219,18,1,1,180,,590,10,555,,-520,10,555
KBKD|1|BKD|Stephens~8|27190|11090|391|17,1525,30,1,1,179.6,,560,0,391,,-810,10,391;13,732,15,1,0,134.6,,160,-450,380,,-300,110,388;04,731,15,1,0,44.7,,-230,-360,385,,240,190,382
KBKN|1|BWL|Blackwell Tonkawa~5|67452|26504|314|17,1067,18,1,1,179.9,,470,0,313,,-490,0,307
KBMQ|||Burnet Municipal Airport/Kate Craddock~a|7389|17614|391|01,1524,23,1,1,16.1,,-660,-220,384,,660,220,391
KBMT|1|BMT|Beaumont~5|706|57843|10|13,1220,23,1,1,132,,380,-480,9,101,-350,450,10;16,701,30,4,2,169,,300,110,9,,-420,270,9
KBQP|||Morehouse~i|27560|81194|51|16,1220,30,1,1,163.7,,540,-180,,,-520,190
KBUM|1|BUM|Butler~i|82898|56599|272|18,1219,23,1,1,181.9,,550,20,265,,-550,-30,272
KBVO|1|BVO|Bartlesville~5|67625|39888|217|17,2088,30,1,1,178.8,,850,-20,209,,-860,30,217
KBVX|1|BVX|Batesville~4|57262|83527|142|08,1829,46,1,1,80,,-310,-1380,138,,-20,610,141;18,855,18,1,0,181,,750,790,133,,-100,770,141
KBWD|1|BWD|Brownwood~4|17936|10435|423|17,1707,30,1,1,179.4,,830,140,422,,-710,160,418;13,1405,31,1,1,134.3,,370,-710,421,,-510,350,418
KC71|||Crosby~5|12960|89471|102|17,953,18,1,0,170,,420,-80,,,-420,90
KCCA|||Clinton~5|55978|75484|157|13,1221,18,1,0,132,,370,-500,156,,-370,500,153
KCDH|1|CDH|Harrell~a|36228|72366|40|01,1982,30,1,1,9,,-880,-170,37,,880,170,40
KCEA|1|CEA|Cessna Aircraft~a|76486|27494|420|17,1180,12,1,0,180,,530,0,418,46,-530,0,418,46
KCFD|1|CFD|Coulter~a|7157|36686|112|15,1219,23,1,1,152,,480,-300,109,,-490,310,112;17,405,12,4,0,180,,270,-250,106,,-90,-250,107
KCFV|1|CFV|Coffeyville~5|70940|44281|230|17,1789,30,1,1,180,,920,-250,227,,-690,-240,226;04,1221,23,1,0,44,,-550,-100,230,,220,820,229
KCHK|1|CHK|Chickasha~5|50974|20323|351|18,1555,30,2,1,180,,600,80,351,,-190,80,344;03,733,30,4,0,33,,-340,-20,,,240,440;01,680,30,4,0,360,,,,347,,,,349
KCHT|||Chillicothe~5|97822|65043|239|14,1188,23,1,1,143.3,,420,-410,239,,-430,420,233;02,1068,34,6,0,25.6,,-450,-370,239,61,390,160,239
KCKA|1|CKA|Kegelman AF Aux~a|67343|18765|366|17,2377,46,2,0,182,,2050,80,366,150,-130,-10,354;13,1676,46,2,2,140,,1930,-150,366,,770,1060,352
KCKM|1|CKM|Fletcher~a|42997|94877|53|18,1647,30,1,1,183,,740,40,52,,-740,-40,52
KCLK|1|CLK|Clinton~4|55383|10673|493|17,1312,22,1,1,179.2,,470,50,489,,-710,70,485;13,411,75,4,0,135.6,,480,-350,,,200,-20
KCNK|1|CNK|Blosser~5|95493|23477|453|18,1219,23,2,1,180,,470,-100,449,,-520,-90,453;12,622,18,4,0,132,,310,-280,449,,-110,310,443;03,507,79,4,2,38,,-290,10,449,,60,360,442
KCNW|1|CNW|TSTC Waco~1|16411|29267|143|17L,2621,46,1,1,177.5,,1050,-50,143,,-1310,70,139;17R,1917,23,2,0,177.5,,270,-250,142,,-1460,-170,140
KCOM|1|COM|Coleman~5|18411|5964|517|15,1373,23,1,1,155.2,,570,-310,517,,-560,300,512
KCPS|1|CPS|St Louis Downtown~1|85707|98438|126|12R,2134,46,1,1,122.2,,330,-890,126,,-690,1190,124;12L,1616,23,2,1,122.3,,310,-200,125,,-250,920,124;05,853,23,1,0,47,,170,-1230,125,,690,-520,125
KCPT|||Cleburne~4|23538|25663|260|15,1736,30,1,1,159.2,,730,-330,260,57,-740,320,258
KCQB|||Chandler~4|57238|31797|300|17,1219,18,1,1,180.2,,580,0,293,,-520,0,300
KCRS|1|CRS|C David Campbell Field Corsicana~5|20281|35994|137|14,1525,23,1,1,145,,500,-210,137,,-620,720,132;02,975,23,4,0,22,,-320,-590,134,,500,-200,137
KCRT|1|CRT|Z M Jack Stell~a|31783|81198|56|05,1527,23,1,1,51.6,,-410,-650,54,,440,630,56
KCSM|1|CSM|Clinton Sherman~1|53398|7995|586|17R,4116,61,2,1,180.1,,1990,-90,586,,-1720,-100,583;17L,1583,23,2,0,180.1,,390,250,581,,-1040,250,581
KCUH|1|CUH|Cushing~5|59505|32276|279|18,1585,30,2,1,179.5,,680,310,279,,-750,330,268;08,823,12,6,0,90,,10,-930,279,,10,-10,279;02,808,18,6,0,28.5,,-320,-230,279,,350,210,279;11,762,15,6,0,122.4,,40,-870,279,,-340,-140,279
KCVK|1|CKK|Sharp County~4|62649|84374|218|04,1572,23,1,1,41,,-540,-580,204,,530,570,218
KCWC|1|KIP|Kickapoo Downtown~1|38578|15096|306|17,1356,23,1,1,180.3,,890,0,298,46,-330,0,306,76
KCWF|1|CWF|Chennault~3|2106|68568|5|15,3262,61,2,1,155,,1330,-730,5,,-1330,730,5
KCXW|||Conway~4|50199|74449|84|04,1830,30,2,1,,,,,84,,,,84
KCYW|||Clay Center~5|93871|28428|368|17,1279,23,1,1,181,,580,20,368,,-570,-20,368
KDEQ|||J Lynn Helms Sevier~8|40470|56006|108|08,1524,23,1,1,83.1,,-80,-820,108,,80,820,108
KDKR|||Houston~8|13070|45962|106|02,1219,23,1,1,21.4,,-520,-240,100,,510,230,106
KDMO|1|DMO|Sedalia~i|87074|68241|277|18,1676,30,2,1,182,,810,350,269,,-700,290,275;05,1073,15,1,0,54,,-570,-1010,277,,-10,-10,271
KDTN|1|DTN|Shreveport Downtown~1|25402|62550|55|14,1529,46,1,1,140.3,,580,-540,54,,-490,500,55;05,1280,23,1,1,55.3,,-320,-400,53,70,180,460,54
KDTO|||Denton Enterprise~1|32018|28020|196|18L,2134,46,1,1,181,,720,20,195,,-930,-20,191;18R,1525,23,1,0,,,,,196,,,,195
KDUC|1|DUC|Halliburton~a|44709|20401|340|17,2027,30,2,1,180,,910,-10,339,,-920,20,332
KDWH|1|DWH|David Wayne Hooks~i|618|44472|46|17R,2136,30,1,1,172.8,,1150,-200,46,307,-760,80,44;17L,1067,11,1,0,172.8,,210,40,46,,-880,200,44;17W/35W,771,30,12,0
KDZB|||Horseshoe Bay Resort~j|5271|16413|333|17,1822,30,1,1,181.1,,820,10,326,,-830,-20,340
KE30|||Bruce~a|16745|230|530|17,1191,18,1,1,180.3,,540,0,529,,-540,0,529
KEGT|||Wellington~5|73236|26117|389|18,1585,30,2,1,179,,580,-10,389,,-570,0,387
KELK|1|ELK|Elk City Regional Business~1|54308|6057|614|17,1646,23,2,1,180.1,,740,10,610,,-740,0,602
KEMP|1|EMP|Emporia~5|83321|38088|368|01,1526,30,1,1,12,,-670,-180,367,,670,180,364;06,1183,91,4,0,63.6,,-600,-340,366,,-110,910,366
KEOS|1|EOS|Neosho Hugh Robinson~1|68108|56083|383|01,1524,30,1,1,12,,-670,-180,382,,670,180,371
KEQA|1|EDK|Captain Jack Thomas El Dorado~1|77741|31824|420|04,1281,23,1,1,43,,-390,-550,419,,450,450,420;15,1280,23,2,1,159,,510,-220,420,,-570,310,420
KETN|1|ETN|Eastland~5|24135|11902|446|17,1524,18,1,1,181.8,,560,30,446,,-550,-20,440
KEWK|1|EWK|Newton City-County~1|80582|27255|467|17,2135,30,1,1,180,,670,-190,466,,-1250,-190,465;08,1067,18,1,1,91,,260,-450,467,,240,770,467
KEZZ|||Cameron~i|97276|57236|317|17,1219,23,2,1,174.6,,540,-40,316,,-550,100,316
KF00|||Jones~a|36128|38207|188|17,1219,23,1,1,179.2,,580,-40,188,,-520,-20,187
KF01|||Quanah~5|42771|2407|488|17,1355,18,1,1,180,,370,70,488,,-820,70,485;11,713,37,4,0,118,,-320,-490,488,,-630,210,487,110;06,691,21,4,0,64.3,,-320,-490,488,,-40,210,486,110
KF05||WIB|Wilbarger~8|42257|7162|386|02,1554,30,1,1,31.9,,-590,-400,385,,600,490,383;16,1312,24,1,1,165.7,,560,-220,383,,-590,130,384
KF08|||Eufaula~5|52980|43726|194|17,914,12,1,1,180,,200,210,,,-630,210
KF10|||Henryetta~5|54069|39842|259|18,1067,15,1,1,181,,480,0,253,,-480,0,259
KF14|||Wichita Valley~1|39477|13833|306|13,1012,12,1,1,141,,360,-340,306,,-350,340,299;04,930,30,4,0,49.4,,-370,-340,300,,180,440,300;16,610,13,4,0,172.9,,380,110,300,,-180,190,303
KF17|||Center~5|18316|58436|97|17,1677,23,1,1,170.5,,750,-150,97,,-750,140,89;14,732,12,1,2,143,,120,30,,,-410,500
KF22|||Perry~5|63856|27228|305|04,1585,46,1,2,45,,-700,-170,,,310,1080;13,1585,46,1,2,135.6,,470,-170,,,-560,1080;17,1555,23,1,1,180,,700,-10,297,,-700,0,305
KF24|||Minden~1|26460|67019|85|01,1525,23,1,1,16.6,,-680,-220,85,,650,250,80
KF29|KRCE||Clarence E Page~5|54881|21764|413|17R,1833,30,2,1,180,,820,-120,411,,-830,-120,409;17L,1067,23,1,1,180,,490,220,409,,-470,210,408
KF30|||Sulphur~5|45245|30103|320|17,1067,18,1,1,175,,480,-50,,,-480,50
KF31|||Lake Texoma State Park~1|39910|33572|211|18,914,15,1,1,185.3,,410,50,,,-410,-40
KF32|||Healdton~5|42493|25261|291|17,920,18,1,0,180,,400,0,,,-430,0
KF35|||Possum Kingdom~1|29232|15636|307|02,1067,18,1,1,30.5,,-400,-340,307,,360,190,307
KF36|||Cordell~5|52976|10326|484|17,1045,18,1,1,180,,500,-10,,,-500,0;04,575,30,6,0,39,,-200,-230,,,200,160
KF41|||Ennis~5|23297|33361|152|15,1219,15,1,1,161.5,,520,-210,152,,-520,210,145,228
KF43|||El Dorado Downtown Airport-Stevens~a|31912|73368|78|18,914,18,1,1,180,,420,-10,,,-410,0
KF44|||Athens~5|21638|41716|135|17,1216,18,1,1,180,,550,0,134,,-540,10,133
KF46|||Rockwall~5|29306|35645|175|17,1028,14,1,1,172.5,,460,-70,170,143,-460,70,172,88
KF51|||Winnsboro~5|29388|47211|156|01,980,15,1,1,18,,-420,-160,150,,420,160,156
KF53|||Franklin~8|32154|47626|126|13,1189,18,1,1,136.5,,390,-440,120,,-380,440,125
KF56|||Arledge~a|29091|2640|476|17,1130,18,1,1,180,,510,0,476,,-500,0,474;08,674,15,4,0,90,,450,180,,,450,880;13,519,15,4,0,133,,450,380,,,120,790
KF68|||Anadarko~5|50522|17357|392|17,945,15,1,1,182,,420,10,,,-430,-10
KF69|||Air Park Dallas~1|30235|31631|212|16,939,9,1,1,166,,400,-120,212,91,-410,110
KF75|||Harrison Field of Knox City~1|34369|1842|457|01,975,15,1,1,16.5,,-300,140,457,,550,440,454
KF84|||Stigler~4|52891|49061|183|17,1309,18,1,1,180,,500,0,182,29,-500,0,182
KF86|||Caldwell Parish~1|21222|79455|20|01,1067,23,1,1,9.9,,-440,90,,,500,280
KF87|||Union Parish~1|27250|76628|37|16,915,23,1,1,163.6,,380,-130,,,-410,140
KF88|||Jonesboro~1|22020|72671|78|17,976,23,1,1,179.2,,440,-10,76,,-440,0,78
KF89|||Winnsboro~5|21530|83014|23|18,914,23,1,1,180,,530,-140,,,-270,-140
KF99|||Holdenville~5|50859|35833|262|17,991,30,2,1,180,,440,0,263,,-450,0,261;13,975,30,2,2,135,,190,-240,,,-430,520
KFAM|1|FAM|Farmington~4|77611|95714|288|02,1318,23,2,1,24,,-520,-280,277,68,550,300,288
KFCY|1|FCY|Forrest City~5|49420|92250|76|18,919,15,1,1,181.4,,410,10,76,,-410,-10,74
KFDR|1|FDR|Frederick~4|43520|10161|383|17,1859,46,1,0,180,,860,-540,382,,-820,-540,377;17R,1829,46,1,3,180,,830,-540,382,,-820,-540,376;03,1467,18,2,0,44,,-570,-420,376,,370,670,381;12,1395,23,2,0,135,,630,-390,381,,-260,670,379;08,1316,46,2,2,90,,-820,-540,,,-820,890;17L,969,15,2,0,180,,330,670,381,,-540,670,376
KFLP|1|FLP|Marion County~4|62909|74097|219|04,1524,23,1,1,51,,-430,-660,204,274,430,670,219
KFLV|1|FLV|Sherman Army Air~a|93683|50853|235|16,1621,31,1,1,159,,760,-370,235,179,-760,370,234
KFSK|1|FSK|Fort Scott~5|77984|52306|280|18,1342,23,1,1,179.9,,600,0,275,,-610,0,280
KFTT|||Elton Hensley~i|88381|79974|270|18,1220,23,2,1,181.9,,290,270,267,,-810,230,267;06,976,18,1,0,57,,-40,-560,268,,430,380,269;12,758,30,6,0,122.4,,350,-640,268,,-10,90,265
KFWS|||Fort Worth Spinks~1|25652|26919|213|18R,1829,30,1,1,180,,730,-160,213,,-920,-160,210;18L,1116,18,4,0,180,,730,170,212,,-370,170,212
KGAG|1|GAG|Gage Heibeck~1|62955|2236|678|17,1534,23,1,1,180,,750,0,659,,-740,-10,677
KGBD|1|GBD|Great Bend~5|83443|11408|575|17,2393,30,1,1,180,,1360,180,573,,-800,200,574;11,1434,23,1,1,120,,-160,-1030,575,,-800,390,574
KGCM|||Claremore~4|62927|45204|223|18,1585,23,1,1,180,,720,0,212,,-710,0,223,76
KGDJ|||Granbury~4|24422|21756|255|01,1585,23,1,1,17,,-690,-251,255,,677,241,239;14,1098,18,1,3,150,,,,235,,,,237
KGKY|||Arlington~5|26639|29057|191|16,1853,30,2,1,168,,810,-200,191,,-820,210,182
KGLE|1|GLE|Gainesville~5|36514|28030|258|18,1829,30,1,1,181,,980,-250,258,,-660,-290,241;04,1430,46,1,2,49,,-680,-200,242,,160,960,247;13,1313,23,1,0,133,,370,-210,252,,-430,830,241;08,1195,46,1,2,91.1,,-650,-270,242,,-670,1020,241
KGLY|||Clinton~i|83566|63158|251|04,1220,18,1,1,44.9,,-390,-490,250,,390,490,251
KGMJ|||Grove~4|66068|52614|253|18,1600,23,1,1,180,,710,0,250,,-730,0,252
KGOK|1|GOK|Guthrie-Edmond~4|58498|25844|326|16,1585,23,2,1,165,,540,-180,322,,-540,180,324
KGOP|||Gatesville~5|14213|22030|276|17,1036,18,1,0
KGPH|||Midwest National Air Center~1|93325|56904|237|18,1677,30,1,1,187,,750,120,237,,-750,-130,236
KGPM|1||Grand Prairie~5|26988|29531|179|18,1220,23,2,1,180,,550,0,180,,-550,-10,180
KGTU|||Georgetown Executive Airport at Johnny Gantt~a|6775|23215|241|18,1525,30,1,1,183.6,,840,60,239,,-530,-40,228;11,1249,23,1,1,120.6,,390,-770,240,,-180,350,231
KGVT|1|GVT|Majors~1|30678|39347|163|17,2448,46,1,1,181,,1110,10,158,,-1100,-20,160;13,1524,46,2,2,135,,660,-220,,,-310,950
KGYB|||Giddings-Lee~8|1693|30200|148|17,1219,23,1,1,174.3,,540,-70,147,,-550,60,134
KH04|||Vinita~5|66330|48486|212|17,1283,18,1,1,180,,400,0,,34,-500,0
KH05|||Wilburton~5|49200|46060|204|17,914,18,1,1,180,,420,0,,,-410,0
KH17|||Buffalo~5|76542|69123|352|03,980,15,1,1,29.2,,-390,-260,,91,360,270
KH19|||Bowling Green~5|93699|87807|270|13,976,23,1,1,134,,310,-400,,,-310,410
KH21|||Camdenton~i|79740|73087|324|15,1525,23,1,1,155,,500,-280,320,,-500,310,324
KH34|||Huntsville~5|60782|62452|533|12,1111,18,1,1,126,,240,-400,532,,-340,600,532;03,381,18,6,0,36,,-70,-20,,,210,230
KH35|||Clarksville~5|54707|65728|147|09,1373,23,1,1,93.1,,50,-750,137,,-50,760,147
KH58|||Owen~a|71847|72624|488|01,853,14,6,0,12,,-750,200,,,0,410;15,526,8,4,0,153.4,,-30,340,,,-450,610
KH68|||Hefner Easley~1|59626|46581|186|18,1037,18,1,1,180,,470,30,,,-470,50
KH71|||Mid America Industrial~1|62254|46699|190|18,1524,22,1,1,180,,690,0,189,,-690,0,183
KH76|||Pawhuska~5|66717|35944|305|17,975,18,1,1,177.2,,440,-20,,,-450,30
KH79|||Eldon Model~j|83606|74284|277|18,1219,23,2,1,178.5,,230,-370,,,-680,-340
KH88|||A Paul Vance Fredericktown~4|76058|97127|268|01,1219,23,1,1,14.5,,-530,-170,267,,530,170,267
KH92|||Hominy~5|64427|36128|251|17,978,18,1,1,180,,450,0,250,55,-440,0,,55
KHAE|||Hannibal~4|97245|85563|234|17,1341,30,2,1,170,,660,-150,235,,-530,120,233
KHBZ|||Heber Springs Municipal Airport/Charlie Evans~a|55117|79870|193|06,1220,23,1,1,60,,-280,-580,189,,280,580,193
KHDC|||Hammond Northshore~4|5216|95816|14|13,1982,30,1,1,136,,640,-720,13,,-640,720,12,207;18,1524,46,2,1,179.5,,700,-80,13,,-680,-70,12
KHEE|1|HEE|Thompson-Robbins~1|45766|93238|74|18,1524,30,1,1,180,,930,-140,73,,-450,-150,73;09,918,18,1,1,90,,-430,-170,72,,-430,830,74
KHEZ|1|HEZ|Natchez–Adams County Airport / Hardy-Anders~a|16148|87027|83|14,1981,46,1,1,136,,580,-860,80,,-710,580,82;18,1524,46,1,1,181,,510,180,82,,-860,160,80
KHFJ|||Monett~4|69062|59872|401|18,1829,30,2,1,179.2,,690,-10,400,,-690,20,396
KHHW|1|HUJ|Stan Stamper~5|40348|44581|174|17,1221,23,1,1,179.9,,580,0,173,,-350,0,174
KHIG|||Higginsville Industrial~5|90729|63225|256|16,1341,23,1,1,165,,540,-180,256,,-630,210,243
KHKS|1|HKS|Hawkins~a|23345|97778|104|16,1642,46,1,1,159,,840,-450,104,,-540,180,93;11,1046,46,2,1,115,,100,-550,95,179,-450,870,98
KHLC|1|HLC|Hill City~5|93788|1685|682|18,1524,23,2,1,181,,830,20,682,,-550,-10,667
KHQZ|||Mesquite Metro~1|27470|34696|136|17,1828,30,2,1,181,,820,10,136,,-830,-20,135
KHRU|||Herington~4|86947|31920|451|17,1275,23,1,1,180,,-570,0,451,,-1720,0,451
KHSD|||Sundance~j|56018|22938|364|17,1524,30,2,1,178,,690,-30,351,,-680,30,364
KHZR|||False River~4|7183|85213|12|18,1525,23,1,1,184.3,,690,60,12,,-680,-60,10
KI63|||Mount Sterling~5|99875|91958|224|18,1800,23,1,1,180,,600,20,,,-1020,-10,218
KIDL|||Indianola~5|34857|93211|38|18,2135,46,2,1,180,,970,0,38,,-960,10,37;04,1372,23,2,2,45,,-680,-520,,,200,530;13,1372,23,2,2,135,,200,-520,,,-680,530
KIDP|1|IDP|Independence~5|71584|42216|251|17,1677,30,1,1,180,,630,180,250,,-880,180,250;04,1037,18,1,1,45.3,,-140,-700,250,,520,130,250
KIER|||Natchitoches~4|17357|69009|37|17,1525,46,1,1,166.5,,400,-40,35,,-940,340,37;07,1219,18,1,1,76.4,,210,-830,35,,470,420,36
KIJX|1|IJX|Jacksonville~5|97746|97617|190|13,1524,23,1,1,135.3,,470,-640,188,,-500,610,189;04,1220,23,1,1,45,,-370,-480,188,,410,530,188
KILE|1|ILE|Skylark~a|10858|23135|258|01,1675,30,1,1,16.8,,-720,-250,257,257,730,250,256
KINJ|||Hillsboro~5|20835|29028|209|16,1219,23,1,1,164.8,,530,-170,209,,-530,170,206
KIXD|1|JCI|New Century AirCenter~1|88309|51097|331|18,2237,46,1,1,180,,860,-130,331,,-1150,-130,320;04,1564,30,1,1,47,,-270,-480,323,,690,840,331
KJAS|1|JAS|Jasper County Airport Bell~a|8857|59651|65|18,1676,21,1,1,180.9,,760,10,65,,-760,-20,54
KJDD|||Wood County Airport - Collins~a|27422|45035|132|18,1220,18,1,1,182.1,,550,30,123,,-550,-20,132
KJEF|1|JEF|Jefferson City~i|85912|78439|167|12,1829,30,1,1,123,,450,-770,167,,-430,1000,167;09,1037,23,2,1,91,,-20,-800,166,,-30,390,166
KJSO|1|JKV|Cherokee~8|18693|47826|206|14,1526,23,1,1,140,,530,-520,206,,-530,520,200
KJSV|||Sallisaw~5|54382|51972|161|17,1221,23,1,1,180.3,,550,0,161,,-550,-10,158
KJWG|||Watonga~4|58647|15792|472|17,1220,18,1,1,180,,550,0,472,,-550,0,467
KJXI|||Fox Stephens Field Gilmer~5|26990|50511|126|18,1219,18,1,1,180.2,,450,10,126,,-650,0,126
KK06|||Greater Beardstown~1|99734|95963|142|18,1219,18,1,1,178,,490,-30,141,,-600,40,142
KK15||OSB|Grand Glaize Osage Beach~1|81105|73195|267|14,977,18,1,1,142.3,,340,-350,267,,-350,330,261
KK32|||Riverside~1|77481|25933|407|16,975,9,1,1,165.4,,350,-120,,,-500,160
KK33|||Salem~i|76152|83956|378|17,914,18,1,1,167.5,,410,-120,372,,-400,110,378
KK38|||Washington County~i|97353|29524|437|17,1038,18,2,1,180,,290,-10,,67,-650,-10
KK51|||Medicine Lodge~1|72660|14519|470|16,975,13,1,1,170,,90,90,,,-770,280;01,692,27,4,0,23,,-540,-80,,,40,230;13,515,24,4,0,139,,-410,0,,,-770,390
KK52|||Captain Ben Smith Airfield - Monroe City~1|96344|82730|225|09,1071,15,1,1,91.9,,20,-620,225,,-10,620,224
KK58|||Harold Krier~a|71671|2275|595|14,956,91,4,1,151,,320,-510,,,-410,-20;02,953,91,4,0,29,,-430,-530,,,350,0
KK59|||Amelia Earhart~1|95711|48236|324|9,1219,23,3,1,90;16,914,15,1,3,173,,350,-450,317,,-470,-330,327,62
KK61|||Moritz~i|94712|18712|432|17,1280,23,2,1,179,,660,180,432,,-330,200,431;04,713,37,4,0,45,,-320,-460,429,,140,130,430;08,505,27,4,0,91,,-250,-450,429,,-260,130,431
KK75|||Osborne~5|94336|13205|477|02,1282,18,1,1,26.3,,-930,-310,,30,50,310;12,886,24,4,0,126.3,,-210,-420,,,-680,410
KK77|||Freedom~5|67584|8976|462|12,914,11,1,0,133.8,,190,-320,,,-370,410
KK79|||Jetmore~5|79845|1057|752|17,1282,23,1,1,181,,570,10,750,,-580,-20,751
KK81|||Miami~8|85397|50795|287|03,1036,18,1,1,38,,-220,-270,283,,510,460,284;15,591,18,4,0,153,,350,-330,282,,-300,100,286
KK82|||Smith Center~5|97624|12055|549|14,1341,23,1,1,151,,620,-440,544,,-430,340,549;17,1098,15,1,3,180,,420,70,548,,-560,60,545,31
KK83|||Sabetha~5|99060|42237|405|01,978,12,1,1,14,,-600,-450,,,230,-180;12,439,21,4,0,124.2,,-280,-270,,,-500,150
KK88|||Allen~8|78701|46136|309|01,1677,30,2,1,13,,-550,-160,308,,550,170,309;17,357,15,1,2,174,,610,320,308,,290,370,309
KK89|||Macon Fowler~i|97287|75355|266|02,1265,23,1,1,20,,-430,530,266,,420,930,265
KK94|||Rush~8|85468|7102|631|17,975,15,1,1,177.2,,600,90,,,-290,150
KL32|||Jonesville~1|16202|81656|17|06,914,23,1,1;14,671,37,4,2,137.9,,1260,500,,,810,970
KL33|||Tensas Parish~1|19774|87595|23|16,1070,23,1,1,180,,2480,-670,,,1540,-670
KL38|||Louisiana~4|1727|90594|4|17,1525,30,1,1,171,,550,-100,4,,-540,90,4
KL39|||Leesville~1|11686|66575|86|18,1160,23,1,1,180.1,,480,10,85,,-560,0,81
KL66|||Pollock~5|14775|75389|62|13,1384,46,1,2,135.4,,580,50,,,-310,1080;04,1372,46,1,2,44.7,,-580,190,,,280,1190;18,1371,23,1,1,180,,390,280,,,-860,280
KLBO|||Floyd W. Jones Lebanon~1|76483|73476|403|18,1524,23,1,1,181.7,,690,20,398,,-680,-30,402;09,701,15,1,2,91,,-350,-820,399,,-360,-30,401
KLBR|||Clarksville Red River City-J D Trissell~a|35932|49364|134|17,914,15,1,1,173.8,,410,-50,,,-410,60
KLHB|||Hearne~5|8718|33778|87|18,1220,23,1,1,180,,550,0,87,,-550,0,87
KLLU|||Lamar~5|74872|56867|308|17,1219,23,2,1,169,,,,308,,,,302;03,884,18,1,1,33,,-110,-90,306,,570,450,304
KLNC|||Lancaster~1|25776|32825|153|13,1981,30,1,1,140.3,,690,-670,153,,-370,360,146
KLQR|||Larned Pawnee~8|82086|9140|613|17,1280,23,2,1,179.9,,780,90,613,,-370,90,613;04,872,52,4,0,45.1,,-450,-420,612,,170,360,612;12,863,55,4,0,135.3,,160,-470,611,,-440,290,611
KLRY|||Lawrence Smith~i|86099|56565|279|17,1219,23,1,1,177,,580,-40,279,,-520,30,267
KLUD|||Decatur~5|32546|24194|319|17,1280,18,1,1,172.4,,540,-80,317,,-530,90,315
KLWC|1|LWC|Lawrence~5|90112|47834|254|15,1738,30,1,1,153,,750,-350,253,,-650,550,252;01,1189,23,2,1,19,,-590,-340,254,,420,110,253
KLXT|||Lee's Summit~5|89597|56286|306|18,1677,30,2,1,183,,,,303,,,,302;11,1219,23,2,1,113,,,,303,,,,305
KLXY|||Mexia Limestone~8|16398|34853|166|18,1524,23,1,1,189,,550,100,166,,-540,-110,162
KLYO|1|LYO|Lyons-Rice County~5|83395|17713|515|17,1341,23,2,1,180,,600,10,516,,-220,20,511;17L,777,46,4,2,180,,800,340,515,76,110,340,512;14,518,30,4,2,146,,580,0,515,,190,340,512
KLZZ|||Lampasas~1|11062|18041|370|16,1281,23,1,1,170.7,,570,-110,370,,-570,110,353
KM01|||General Dewitt Spain~1|52007|99460|69|17,1158,23,1,1,166.5,,510,-150,68,,-510,150,68
KM11|||Copiah~8|19019|96333|135|17,914,23,1,1,179,,520,-210,,,-310,-190
KM16|||John Bell Williams~1|23033|95915|75|12,1676,30,1,1,124,,310,-540,73,,-300,540,74
KM17|||Bolivar~5|75961|66523|333|18,1219,23,1,1,183,,550,30,333,,-550,-30
KM18|||Hope~5|37201|63412|109|16,1677,30,2,1,167.6,,760,190,109,,-720,590,104;04,1616,30,2,0,48,,-530,-1070,101,363,500,280,107
KM19|||Newport~4|56377|88236|73|04,1525,46,2,0,43.9,,-770,-680,72,,210,490,72;18,1525,46,2,1,181,,970,110,73,,-400,80,73;09,1524,46,2,2,86,,880,-1570,,,970,110;13,1113,46,2,2,132,,900,-360,,,230,560
KM27|||Waldron~5|48760|58907|212|09,1219,12,1,1,93,,20,-670,212,,-10,670,212
KM32|||Lake Village~5|33460|86843|38|01,1341,23,1,1,13.8,,-530,-160,38,,530,160,37
KM36|||Frank Federer~i|48803|88236|59|02,1220,23,1,1,27,,-500,-290,59,76,490,290,58
KM37|||Ruleville Drew~1|37764|94750|42|18,914,18,1,1,180,,410,0,42,,-410,0,41
KM48|||Houston~i|73301|80268|365|16,1067,18,2,1,170,,380,-300,,,-560,-90
KM60|||Woodruff~8|52719|87303|61|09,1157,23,1,1,91,,10,-700,60,,-10,570,60
KM66|||Alfred Schroeder~a|83409|27861|437|17,984,13,1,1,175.3,,660,20,,,-230,110
KM70|||Pocahontas~5|62455|90448|83|18,1219,23,1,1,180.8,,550,10,83,,-550,-10,83
KM71|||Greensfield~1|89018|90397|167|09,984,15,1,0,92,,10,-570,161,,-20,560,170
KM73|||Almyra~5|44123|85337|64|18,1065,18,1,1,180.5,,340,-120,64,,-620,-130,62;10,914,15,1,0,105.6,,310,-130,64,,90,830,62
KM77|||Howard~8|39967|61619|169|01,1217,23,1,1,12,,-490,-130,,36,500,120,165
KM78|||Malvern~5|43333|72385|164|04,972,18,1,1,38,,-310,-290,163,54,270,250,162
KM79|||John H Hooks Jr~i|24856|82276|25|18,1219,23,1,1,181.9,,520,30,25,366,-580,-20,25;09,671,30,4,0,92,,0,10,,,-20,730
KM80|||Scott~1|24163|88511|26|18,915,23,1,1,182;17,805,43,4,0,175
KM89|KADF||Dexter B Florence Memorial~a|40998|69339|55|04,1525,23,1,1,42.1,,-500,-560,55,,510,550,55
KMBO|1|DXE|Bruce Campbell~a|24387|98969|99|17,1355,23,1,1,175,,610,-60,99,,-610,60,99,61
KMBY|1|MBY|Omar N Bradley~1|94644|75716|264|13,1524,23,1,1,130,,250,-390,263,,-500,780,263;05,1021,18,1,1,53,,-240,-410,264,,310,540,262
KMDF|||Mooreland~5|64848|8058|600|17,1067,18,1,1,180.1,,480,0,600,,-480,0,599
KMEZ||UMZ|Mena Intermountain~5|45454|57973|329|09,1672,30,1,1,91.3,,-240,-540,328,,-300,1450,320;17,1524,23,1,1,174,,1010,-630,317,,-360,-440,329
KMHL|1|MHL|Marshall Memorial~5|90958|67971|237|18,1526,23,1,1,181,,610,260,235,61,-680,230,237;09,1007,46,6,0,95,,80,-1000,,,-10,240
KMIO|1|MIO|Miami~5|69092|51125|246|17,1530,30,1,1,180,,690,10,246,,-690,-10,244
KMKN|||Comanche County City~1|19168|13997|422|17,1371,23,1,1,180,,740,0,422,,-510,0,418
KMKO|1|MKO|Muskogee-Davis~4|56565|46333|186|13,2195,46,2,1,136.6,,420,0,185,,-1010,1670,177;04,1371,23,1,0,46.6,,50,-440,186,,900,660,182;18,580,18,1,0,180,,940,420,,,420,420
KMKV|||Marksville~5|10947|79309|24|04,1158,23,1,1,36.6,,-410,-370,22,,420,350,24
KMMS|1|MMS|Selfs~1|42315|97104|49|02,1020,21,1,1,17,,-440,-160,49,,440,170,49
KMNF|||Mountain View~1|69928|82855|360|10,1526,23,1,1,99,,110,-840,360,98,-110,850,347
KMNZ|||Hamilton~5|16659|18514|396|18,1528,23,1,1,189,,680,120,396,,-680,-130,396
KMO1|||Richland~5|78750|75915|338|14,914,18,1,1,146.3,,330,-290,,52,-360,290,,40
KMO3|||Stockton~5|76603|61832|318|01,933,15,1,1,16.4,,-410,-150,315,,400,150,316
KMO6|||Washington~4|85876|90062|149|15,1525,23,2,1,154,,620,-380,149,,-620,380,148
KMO8|||North Central Missouri~4|97700|69873|257|18,1525,23,2,1,181,,550,10,257,,-550,-20,252
KMPJ|1|MPJ|Petit Jean Park~1|51389|70908|281|03,1784,23,1,0,29,,-710,-470,272,137,700,480,280
KMPR|1|MPR|Mc Pherson~1|83524|23087|457|18,1677,30,2,1,186,,640,230,456,,-860,40,456;08,763,23,4,0,90,,250,-750,455,,260,130,455
KMXA|1|MXA|Manila~5|58944|98454|74|18,1280,23,1,1,180,,580,10,73,,-570,0,74
KMYJ|||Mexico~i|91575|81817|251|06,1677,30,2,1,66,,-320,-720,251,,300,1040,247,113;18,975,15,1,1,181.7,,460,-250,247,,-420,-280,249
KMYZ|||Marysville~5|98564|33693|391|16,1280,18,1,1,161,,550,-250,389,,-540,250,389;02,668,23,4,2,34,,-570,-200,389,,-70,240,388
KNRN|||Norton~5|98504|1053|726|16,1433,18,2,1,164.5,,830,-240,726,,-410,200,720;08,645,38,4,0,92,,-460,-320,716,,-470,430,717
KNVD|1|NVD|Nevada~5|78521|56951|272|02,1524,23,1,1,26.5,,-760,-480,272,,690,430,268;13,787,12,1,0,135.4,,330,-240,267,,-180,390,266
KO11|||Stilwell / Cherokee Nation~1|57570|53501|330|17,1283,18,1,0,178,,580,-40,,,-590,20
KO35|||Hollis~5|47053|914|505|17,914,18,1,1,180,,410,10,505,,-420,10,505
KO47|||Prague~5|54823|32813|318|17,1097,18,1,1,180,,380,0,317,,-370,0,309
KO53|||Medford~5|67906|22510|333|17,917,18,1,1,180.1,,410,0,333,,-410,0,331
KO65|||Christman~9|61125|16913|367|17,914,18,1,0,179.9,,200,0,368,,-630,0,365
KOCH|1|OCH|A L Mangham Jr.~4|15780|52905|108|18,1524,23,1,1,184.5,,660,0,103,,-710,-130,100;15,1100,23,1,3,153.9,,480,-180,103,,-410,330,108
KOJA|||Thomas P Stafford~1|55448|13315|489|17,1554,23,2,1,180,,610,0,488,,-600,0,487
KOJC|1|OJC|Johnson County Executive~1|88476|52624|334|18,1249,23,2,1,180.1,,560,0,334,,-560,0,320
KOKM|1|OKM|Okmulgee~4|56681|40513|219|18,1570,31,2,1,179,,710,0,219,,-700,20,209;04,1311,46,2,3,45,,-990,-800,208,,-160,220,211
KONY|1|ONY|Olney~5|33509|11808|389|17,1555,23,1,1,180.3,,700,-100,389,,-700,-110,384;04,1554,23,1,0,45.3,,-260,-530,385,,720,650,387;13,1554,23,1,0,135.3,,260,-530,387,,-730,640,379
KOPL|1|OPL|St Landry Parish Ahart~a|5584|79006|23|18,1828,30,2,1,180,,960,50,22,46,-650,50,22;11,1387,30,2,2,119.6,,50,-670,,,-560,580;06,1235,30,2,0,60,,-530,-630,21,,20,490,23
KORG|||Orange~8|692|61991|4|04,1676,23,1,1,42,,-450,-470,3,,450,470,4;13,914,15,4,2,137,,300,-990,4,,-300,-340,3
KORK|||North Little Rock~5|48331|77459|166|05,1525,23,2,1,55,,-450,-490,165,305,330,880,158;17,920,23,1,1,179.7,,520,-330,166,,-300,-330,165,152
KOSA|1|MPS|Mount Pleasant~4|30955|50385|111|17,1830,30,1,1,172,,680,-120,111,,-680,110,104
KOUN|1|OUN|University of Oklahoma Westheimer~1|52456|25279|360|17,1585,30,1,1,179.7,,1080,-100,360,,-340,-90,359;03,1447,30,1,1,36.1,,-940,-370,358,,110,570,359
KOWI|||Ottawa~5|85387|47470|294|17,1372,23,1,1,179.8,,690,90,294,,-540,90,294;05,715,25,4,2,52,,-260,-330,293,,140,310,293;13,472,29,4,0,131.3,,100,-390,292,,-240,110,293
KOWP|||William R. Pogue~5|61753|38482|272|17,1768,30,1,1,176,,790,-80,269,,-800,80,271
KPGR|1|PGR|Kirk~a|60629|94922|88|04,1372,23,1,1,46,,-430,-550,88,152,430,550,87,41;08,851,30,4,0,91,,260,-840,88,,240,100,88
KPHG|||Phillipsburg~5|97358|6829|581|13,1555,18,1,1,142.7,,390,-390,581,,-590,580,575;03,535,46,4,0,36,,-130,-450,577,,470,130,579
KPLK|1|PLK|M. Graham Clark Downtown~1|66259|67711|287|12,1139,30,1,1,119,,250,-550,286,35,-250,560,284
KPOF|1|POF|Poplar Bluff~5|67739|96751|101|18,1526,30,1,1,181.4,,690,30,100,,-680,-20,100,91
KPPF|1|PPF|Tri-City~1|73299|44938|274|17,1524,23,1,1,180,,780,0,274,,-780,10,264;04,1221,30,2,2,45,,-110,-970,263,,680,0,273
KPPQ|||Pittsfield Penstone~5|96389|92216|216|13,1219,18,1,1,135,,390,-520,216,,-390,490,212
KPSN|1|PSN|Palestine~5|17797|42937|129|18,1526,30,1,1,180.5,,900,0,126,,-470,-10,125;09,1220,23,1,1,90.6,,-260,-640,129,,-270,650,118
KPTS|1|PTS|Atkinson~5|74495|52689|290|16,1676,30,1,1,169,,890,-110,284,,-590,220,283;04,1219,23,1,0,40,,-640,-520,286,,200,360,280;10,917,30,1,2,110,,-240,-570,289,,-520,400,281
KPTT|1|PTT|Pratt~4|77016|12531|595|17,1676,30,1,1,180.1,,760,10,594,,-750,0,593
KPVJ|||Pauls Valley~5|47111|27768|296|17,1524,30,2,1,180,,330,-100,295,,-1040,-100,288;12,1066,46,2,2,134,,460,-310,294,,-220,510,289
KPWA|1|PWA|Wiley Post~1|55342|23529|396|17L,2194,46,2,1,180,,1010,160,393,,-960,160,396;17R,1525,23,1,1,180,,910,-210,391,,-460,-210,389;13,1284,30,2,1,135.1,,90,-510,387,,-730,490,395
KPWG|||McGregor Executive~1|14849|26835|180|17,1677,23,1,1,179,,890,-180,180,,-620,-150,173;04,1062,17,1,0,44,,-550,-120,173,,140,650,180
KPYN|||Piedmont~5|71267|92871|142|03,1005,18,1,1,30.1,,-420,-270,,,390,320
KRAW|||Warsaw~5|83469|66546|285|18,1219,23,2,1,182.9,,470,-40,,,-440,-100
KRBD|1|RBD|Dallas Executive~1|26809|31318|201|13,2175,30,1,1,135.1,,640,-820,200,,-610,660,197;17,1158,46,1,1,180.1,,490,140,198,,-550,140,201
KRBM|1||Robinson Army Air~a|48477|77005|179|04,1738,23,1,1,39.4,,-290,-590,179,,780,470,170
KRCK|1|RCK|H H Coffield~4|6316|30103|144|17,903,15,1,1,180,,420,0,144,,-410,0
KRCM|||Skyhaven~1|87842|61971|243|01,1282,23,1,1,8,,,,240,,,,242;14,854,18,1,1,137,,-20,-390,243,,-580,280,240
KRCP|||Rooks County~4|93466|6954|609|18,1524,23,2,1,,,793,13,609,,-687,-23,609
KRFI|||Rusk~8|21417|51483|135|16,1220,23,1,1,170,,600,-120,133,,-480,100,134;12,915,23,1,0,126,,170,-380,132,,-320,400,133
KRKR|1|RKR|Robert S Kerr~1|50216|53787|137|18,1221,23,1,1,190,,540,120,136,,-540,-110,137
KRNV|||Cleveland~5|37611|92421|42|18,1526,23,1,1,178,,550,-20,43,,-550,30,43
KROG|1|ROG|Rogers Municipal Airport-Carter~a|63723|58931|414|02,1832,30,1,1,19,,-770,-340,414,,790,330,408
KRPB|||Belleville~5|98179|23404|468|18,1067,18,1,1,181.5,,540,-60,468,,-420,-90,468;14,431,30,4,0,141,,100,-100,463,,-320,340,464
KRPH|||Graham~5|31102|14447|342|03,1524,23,1,1,40,,-450,-430,339,,440,440,339;18,1011,15,1,0,183,,470,20,336,,-440,-30,342
KRQO||RQO|El Reno~4|54727|19942|433|17,1707,23,2,0,180,,850,150,430,,-690,150,431;18,1224,58,4,0,180,,530,-180,432,,-740,-180,432
KRSN|1|RSN|Ruston~4|25142|74115|95|18,1829,30,1,1,180,,730,20,84,,-650,20,94
KRUE|||Russellville~4|52591|69067|123|07,1678,23,1,1,75,,-180,-820,112,,190,830,123
KRWV|||Caldwell~5|5155|32959|119|15,991,15,1,1,152.4,,390,-240,119,,-400,240,111,74
KRYW|||Lago Vista Texas Rusty Allen~1|4986|20305|375|15,1161,15,1,1,161.3,,490,-190,375,,-500,200,369
KSEP|1|SEP|Stephenville Clark~4|22153|18223|403|14,1283,23,1,1,149.2,,500,-350,403,,-490,350,393;03,763,15,1,2,39,,-250,-540,397,,280,-30,401
KSET|||St Charles County Regional Airport/Smartt~a|89297|95700|133|18,1158,23,1,1,181,,380,-80,133,,-660,-100,133;09,610,23,1,1,90.7,,270,-170,132,,260,530,133
KSGT|1|SGT|Stuttgart Municipal Airport / Carl Humphrey~a|45995|84250|68|18,1833,30,1,1,182,,470,-350,67,,-1180,-410,68;09,1525,46,2,1,92,,450,-370,67,,400,1290,67
KSLG|1|SLG|Smith~a|61919|55100|363|18,1523,23,1,1,185.3,,680,80,363,,-690,-80,358
KSLR|1|SLR|Sulphur Springs~5|31598|43789|149|01,1524,23,2,1,10,,-670,-140,149,,680,130,142
KSNL|1|SNL|Shawnee~4|53579|30572|327|17,1828,30,1,1,180,,760,0,326,,-770,0,325;13,1280,46,1,2,134.5,,40,-330,,,-760,670
KSPH|||Springhill~1|29834|65908|66|18,1281,23,1,1,181,,550,0,66,,-540,0,63
KSRC|1|SRC|Searcy~5|52106|82625|81|01,1831,30,1,1,13,,-800,-220,72,152,810,220,80
KSRE|||Seminole~5|52747|33248|312|16,1525,23,1,1,166,,770,-180,312,,-560,240,305;05,610,46,6,0,36,,-450,-340,303,,-10,60,308
KSUD|1|SUD|Stroud~5|57896|33443|274|18,914,18,1,1,180,,460,-50,275,,-360,-50,272
KSWI|||Sherman~5|36242|34139|227|16,1219,23,1,1,166.1,,530,-160,227,,-540,150,217
KT12|||Kirbyville~1|6458|60864|37|13,1142,15,1,0,133,,490,-610,37,99,-210,260,35,69;04,604,14,1,2,43.9,,-240,-270,36,,150,170,36
KT15|||Marlin~1|13407|31480|125|17,921,15,1,1,181,,410,10,125,,-420,-10,123,27
KT23|||Albany~5|27190|7324|434|17,1524,23,1,1,180,,490,10,428,,-540,10,430
KT24|||Pineland~5|12335|60181|79|17,1128,23,1,1,180,,510,0,79,,-490,0
KT31|||Aero Country~1|32085|32578|241|17,1312,12,3,1,180,,590,30,,91,-600,30,,76
KT35|||Cameron Municipal~j|8794|30289|123|16,975,15,1,1,164,,420,-140,,,-410,140,123
KT36|||Paul Pittman~i|11460|98319|117|18,921,18,1,1,178,,410,-20,,,-410,10
KT39|||Archer City~5|35823|13813|325|17,975,18,1,0,180,,440,0,,,-440,0,325
KT47|||Finney~a|35351|33504|254|18,777,12,4,0
KT50|||Menard~8|9319|1912|588|15,1250,18,1,1,154,,670,-1090,588,146,-360,-510,584
KT51|||Dan Jones~3|429|43328|51|17,1049,15,1,1,179.5,,460,-10,49,78,-490,0,51,122
KT67|||Hicks Air~a|29305|25877|261|14,1140,18,1,1,141,,470,-320,261,104,-330,440,,58
KT74|||Taylor~5|5726|25568|183|17,1219,23,1,1,178.7,,550,-10,183,,-550,20,167,168
KT78|||Liberty~5|778|53014|21|16,1159,23,1,1,165.8,,510,-140,21,,-510,150,21
KT82|||Gillespie~8|2432|10908|517|14,1525,23,1,1,146.7,,580,-430,517,,-570,440,511
KT92|||Mason~8|7322|8157|458|17,1133,15,1,1,181,,510,10,458,,-510,-10,457;13,914,18,4,0,138,,330,-270,461,,-310,400,454
KTKI|1|DTX|McKinney National~1|31779|34095|178|18,2134,46,1,1,182,,970,40,175,,-960,-50,178
KTKO|||Mankato~1|98050|17794|567|17,1079,15,1,1,175,,280,-110,,,-690,0;09,764,30,4,0,97,,-110,-610,,,-190,230
KTKX|1|KNT|Kennett~i|62259|99634|80|02,1524,23,2,1,18,,-870,-400,79,,440,120,79;18,918,23,1,1,179,,760,200,79,,-70,230,79
KTQH|||Tahlequah~5|59289|49955|266|17,1524,23,1,1,182,,550,20,266,,-550,-30,259
KTRL|1|TRL|Terrell~5|27092|37326|144|18,1526,23,1,1,180,,620,30,144,,-760,30,139;14,919,23,1,3,145,,450,-330,144,,-230,230,143
KTVB|||Cabool~i|71324|79160|372|03,915,18,1,1,32.8,,-340,-280,372,,350,280,368
KTVR|||Vicksburg Tallulah~4|23516|89723|26|18,1525,30,1,1,179,,690,-10,26,,-690,10,26
KUBX|||Cuba~5|80688|85711|312|18,1042,18,1,1,186,,460,60,312,,-470,-50,311
KUKL|||Coffey~8|83025|42750|358|18,1676,23,2,1,179.7,,750,0,357,,-760,10,356
KUNO|||West Plains~4|68784|80973|374|18,1555,23,1,1,180.9,,700,20,373,,-700,-10,374
KUTA|1|UTM|Tunica~5|46850|96522|59|17,2591,46,1,1,167,,740,-200,59,,-1130,320,59
KUUV|||Sullivan~4|82335|88357|284|06,1372,23,2,1,60,,-310,-680,284,,310,680,282
KUXL|||Southland~a|1314|66239|3|15,1524,23,1,0,150,,600,-400,3,,-590,380,3
KVBT|1||Bentonville Municipal-Louise M Thaden~a|63457|57807|395|18,1540,23,1,1,180,,560,0,393,69,-560,-10,393
KVER|||Jesse Viertel~i|89467|73173|218|18,1219,23,1,1,185,,550,60,216,,-540,-50,217
KVIH|1|VIH|Rolla National~1|81274|82305|350|13,1677,30,1,1,137,,290,-640,350,,-800,680,350;04,1676,30,1,1,47,,-260,-720,346,65,780,670,338;18,1524,23,0,2,181.7
KVKS|1|VKS|Vicksburg~5|22393|90716|32|01,1524,30,1,1,8,,-700,-90,32,91,670,130,32,146
KWDG|1|WDG|Enid Woodring~4|63792|22089|356|17,2625,30,1,1,180,,800,0,355,27,-950,0,349;13,960,23,1,1,135,,240,240,353,34,-390,1000,353
KWEA|1|WEA|Parker~8|27463|23176|302|18,1005,12,1,0
KWLD|1|WLD|Strother~a|71686|29624|354|17,1678,30,1,1,180,,870,150,353,,-640,150,351;13,956,23,1,1,140,,140,-590,354,,-520,100,351
KXBP|||Bridgeport~5|31753|21716|260|18,1526,23,1,1,181,,550,10,247,,-550,-10,263
L89|||Kibs Air Park|3813|78540|16|09,805,24,4,0
LA01|||Millers Flying Service~1|4835|74532|13|18,549,9,1,0
LA13|||Shaw Crop Service~1|5782|96841|29|09,914,30,4,0
LA16|||Castille~a|2440|81317|8|05,859,17,4,0
LA21|||Chloe~1|2549|68648|3|15,1219,21,4,0
LA25|||Central Farmers Coop~1|6974|75860|21|18,914,21,1,0
LA26|||Unicorn~1|6611|97667|45|01,724,76,4,0
LA32|||Lake Air Service~1|947|72991|3|09,914,53,2,0,90,,-1120,1260,,,-1120,2210
LA33|||Cuba~h|25760|78917|24|09,610,46,4,0
LA34|||Reno Flight Park~1|24052|79336|21|18,457,76,4,0
LA40|||F L Braughton~1|13384|84067|15|18,1006,9,1,0,182.2;N/S,1006,9,4,0;12,884,18,4,0
LA41|||Dupuis~1|3106|80603|6|12,823,46,4,0
LA42|||Capozzoli~1|3503|90778|7|18,945,6,1,0,173.5,,250,-60,,,-590,50
LA46|||Omni~1|5057|86914|7|05,1067,76,4,0
LA48|||Max~1|9939|79554|17|09,853,15,4,0
LA51|||Stuart~6|20174|65682|40|N/S,457,30,4,0
LA53|||Tensas Flying Service~1|19786|87355|29|2,914,24,4,0
LA54|||Gilliam~1|28405|61601|59|08,945,23,4,0
LA56|||Naylor~1|23418|63415|47|18,610,91,4,0
LA57|||Kinder Ag Service~1|3991|75910|14|18,671,15,4,0
LA61|||Kenan~6|86|77612|6|18,596,30,4,0
LA63|||Travis~1|29717|81692|37|06,457,6,4,0
LA67|||Angola~6|9516|84152|14|N/S,853,27,4,0
LA68|||Zaunbrecher Strip|3158|74801|8|08,716,18,4,0
LA71|||O'Brien Flying Service~1|2244|69998|8|03,1158,30,4,0
LA75|||Glenn's Strip Ultralightport|2053|77856|9|09,457,43,4,0
LA76|||Spillers Club~1|2266|81012|5|05,1433,30,4,0
LA77|||Tebow~1|9632|78254|18|17,1036,23,4,0
LA79|||Sycamore~1|7185|96421|55|18,732,18,4,0
LA83|||McCutcheon~a|8865|89688|83|N/S,640,29,4,0
LA87|||Covington-Vincent~1|5096|98471|11|18,1036,61,4,0
LA90|||Leblanc~1|2945|75738|8|08,732,34,4,0
LA91|||Gary Landing Strip Ultralightport|2220|81679|6|05,823,24,4,0
LL49|||Raymond Restricted Landing Area|90622|97278|201|02,488,30,4,0
LS14|||Lyon~1|710|71749|2|18,732,35,4,0
LS16|||Circle G~1|20109|82432|23|09,805,15,4,0;18,402,15,4,0
LS18|||Ag Aviation~1|2239|72214|6|18,792,29,4,0;09,762,43,4,0
LS25|||Annison Private~1|7046|89393|37|01,853,15,4,0
LS34|||Bordelon~j|3064|81405|7|06,910,24,4,0
LS35|||Nauga~a|7625|87227|12|14,472,23,4,0
LS36|||Light Plane Flyers~9|2502|70280|8|18,407,23,4,0
LS38|||Richard's~1|131|81308|5|07,671,14,4,0
LS39|||Country Bend~1|5894|90154|15|05,914,15,4,0
LS41|||Tater Patch Ultralightport|25671|61211|73|13,640,23,4,0;09,305,23,4,0
LS54|||Brian's Ultralightport|6949|88072|20|04,457,18,4,0
LS70|||Lake Air Service-Pine Island~1|3406|72630|12|18,1181,37,2,0
LS76|||Hickham~a|4627|98299|8|18,610,30,4,0
LS77|||Magnolia~j|7271|88513|43|18,914,30,4,0
LS83|||Delta Dusters~1|20617|87485|23|06,838,23,1,0
LS88|||Kreswell~1|4497|76737|13|14,618,23,4,0,143,,224,-426,13,,-220,213,13
LS91|||Tim Bullard~i|4175|80253|10|09,549,30,4,0;17,229,30,4,0
M74|||Bald Knob~5|53004|84424|65|09,679,15,1,0,,,20,-330,,,-30,420;04,564,30,4,0,,,-380,-290,,,-20,150
MO00|||Turkey Mountain~1|65917|63361|305|18,1204,24,4,0
MO01|||Cuinche~1|72500|68940|450|18,750,9,4,0
MO07|||Adventures Aloft~1|88725|86998|265|18,632,15,5,0
MO10|||Hawk Air~1|92043|77376|265|18,710,26,4,0
MO11|||Barron Aviation~1|94003|84192|227|09,792,18,4,0
MO14|||Marshall~a|74228|67914|355|06,579,23,4,0
MO16|||Baugh Flight Park Ultralightport|71639|58317|300|ALL/WAY,671,152,4,0
MO2|||Flying Bar H~b|71752|68711|419|06,805,21,4,0,,,-180,-400,421,,180,370,416
MO22|||Jta Asbell~a|71917|54503|287|14,914,18,4,0
MO23|||Phillips~a|86406|74708|250|18,732,15,6,1,178.9,,-370,-440,,,-1080,-420
MO26|||Peterson~h|93939|56470|262|17,732,15,4,0
MO27|||CCC~1|97348|58070|300|11,457,18,4,0
MO29|||Inter-State~1|87722|56651|293|N/S,620,12,5,0
MO30|||Harbour~1|82699|71885|251|06,776,14,1,0
MO31|||Malina~1|70495|69276|411|02,457,11,4,0
MO32|||Table Rock~1|65287|63231|321|09,709,30,2,0
MO33|||Barlet's Base~1|71292|57462|326|01,725,18,4,0
MO35|||Harvey~1|92128|90826|216|18,457,18,4,0
MO37|||Ridgeview~b|87213|56189|305|18,762,30,4,0;09,732,30,4,0
MO39|||Baldwin~1|91110|89596|154|14,823,23,4,0
MO43|||Wilkins~1|89685|85565|255|02,814,15,4,0
MO45|||Sky-Vu~1|88922|84340|244|01,518,23,4,0
MO46|||Walker~1|95203|88282|155|02,506,18,4,0
MO49|||Five Mile~1|69692|54227|335|16,780,12,1,0
MO5|||Bollinger-Crass~i|70070|89929|197|02,792,15,1,0,,,-80,-190,,,560,230
MO51|||Schaback Strip|94236|51523|305|14,728,10,4,0
MO54|||Dudley~1|67835|99111|94|09,805,32,4,0
MO56|||Lost Mine~1|65142|73598|250|11,914,15,1,0,110,,140,-480,,,-140,480
MO58|||Waldemer Flying W~b|66584|93596|140|N/S,722,30,4,0
MO59|||K & N~a|89145|90999|152|09,427,30,4,0
MO61|||Bel-Voir Acres~1|65618|63607|347|1,502,40,4,0,92,,-213,-77,334,,219,90,341
MO64|||Kimberling~1|66098|65554|320|12,792,8,1,0,,,230,-260,320,,-240,400,320
MO66|||Linden Air~1|70592|68544|390|07,869,24,4,0
MO67|||Hayes~a|67112|96860|98|18,914,30,4,0;12,732,30,4,0
MO71|||Block Air Village~1|94631|55817|314|17,1006,30,4,0;09,854,18,4,0;16,458,18,4,0
MO72|||Flying 'J'~b|70403|91332|210|08,579,30,4,0
MO73|||Rolling Shoals~h|69899|94369|137|10,762,18,4,0
MO74|||Cedar Creek~1|89194|78363|250|12,823,46,4,0
MO77|||Arnika~b|69751|74573|402|12,671,15,4,0
MO78|||Stickle Cattle Farms~1|83158|82193|213|E/W,914,24,4,0
MO80|||Oak Ridge~j|71606|76765|452|16,762,18,4,0
MO81|||Dove~6|76684|93882|329|09,701,12,4,0;14,671,12,5,0
MO84|||Viburnum~1|77191|88725|388|09,974,14,1,1,88.1,,-270,-1110,,,-240,-30
MO85|||Wells~1|72517|71662|466|18,732,18,4,0
MO86|||Sanctuary~1|89597|86961|229|09,427,24,4,0
MO94|||Starr~1|95000|54198|305|17,805,12,4,0
MO96|||Ray Johnson Inc~1|74162|90365|290|N/S,579,30,4,0
MO98|||Williams~1|87133|54147|300|09,594,30,4,0
MO99|||Miller~1|81175|69267|305|07,792,30,4,0
MS03|||Christmas Flying Service~1|39246|92111|47|18,1189,23,2,0
MS06|||Linwood~1|27908|98611|87|08,692,30,1,0
MS09|||Glidwell Flying Service~1|40964|92959|49|N/S,975,46,4,0
MS10|||Turner~a|31585|94957|33|03,1006,40,1,0,32,,-1680,-1350,33,,-980,-840,33
MS13|||Eifling Farms~1|30757|90466|34|03,792,27,4,0
MS15|||Country Club~1|33312|89630|36|E/W,610,63,4,0
MS21|||Lester~a|33321|94180|35|18,914,20,4,0
MS24|||Joe Sanford~a|22468|94177|55|02,701,15,4,0
MS28|||Alcorn State University~1|18680|88665|82|12,838,30,4,0
MS30|||Abide~j|33057|90096|35|18,696,8,1,0
MS35|||Wade~1|29817|90339|32|17,975,27,4,0
MS37|||West Bolivar Flying Service~1|36534|90110|41|N/S,1554,27,4,0,177,,-710,-110,,,690,-200
MS38|||Flautt~1|38723|97166|44|18,610,30,2,0
MS40|||Southland Flying Service~1|32255|97530|35|10,805,46,4,0
MS41|||Flying Y Service~1|40030|95741|45|N/S,732,6,1,0
MS42|||Mississippi Petrified Forest~1|25204|96763|81|15,427,27,4,0
MS43|||Whitaker~1|25494|91737|30|16,762,37,4,0
MS44|||Fighting Bayou~1|36962|95689|38|18,586,14,4,0
MS45|||Dale~f|21563|88754|26|NE/SW,1036,24,4,0
MS49|||Mc Gehee Air Park|11650|91838|96|18,823,18,4,0
MS50|||Clay~1|15793|98888|61|10,488,18,4,0
MS51|||Memory Landing~1|15557|95971|146|18,1280,24,4,0
MS57|||Fred Netterville Lumber Company / Wilkinson Community~1|12206|87540|37|06,914,9,1,0,60,,-250,150,,,160,980
MS59|||Valley of The Moon~1|19992|91601|38|18,914,30,4,0
MS65|||Delta Flying Service Inc~1|49384|97988|64|18,792,30,4,0
MS69|||Falcon~a|21088|99535|126|N/S,853,23,4,0
MS71|||Slobovia Outernational~1|24951|97071|76|15,1079,24,4,0
MS75|||Lewis~1|30134|89615|34|N/S,1128,18,4,0
MS77|||Lang Flying Service~1|33332|93574|35|N/S,899,40,4,0
MS86|||Oglesby Farms Inc.~1|30501|89166|34|14,732,18,4,0
MS95|||Dorr~a|38473|92749|43|09,853,61,4,0;16,610,30,4,0;18,549,30,4,0
MU00|||Samuel L. Clemens~i|94445|80482|223|N/S,610,15,4,0
MU02|||C.E.F.~1|88098|88965|194|13,914,30,4,0
MU07|||Angle Bar M~1|83947|56898|274|09,610,9,4,0
MU11|||Eagle's Landing~1|82209|69873|251|13,549,30,4,0
MU18|||Stark~1|87810|88355|256|09,579,15,1,0
MU20|||Robbins~1|89456|60353|277|17,732,9,4,0
MU21|||Miller~h|85237|84823|192|11,549,15,4,0
MU23|||White Cloud Flying~a|90307|76067|183|15,610,23,4,0
MU24|||Someday~b|65717|69632|247|10,914,15,4,0
MU25|||Piney Bend~1|74378|80507|290|15,701,18,4,0
MU26|||Robinson~1|87708|54409|329|08,689,9,1,0
MU27|||Woodfield Airpark Inc~1|74681|60706|320|E/W,792,37,4,0;NE/SW,518,37,4,0
MU32|||Sugar Branch~1|89516|75521|213|13,457,18,4,0
MU34|||Haven Wood~1|73362|86054|226|02,549,61,4,0
MU40|||Lake Village~1|94613|79895|229|15,792,24,4,0
MU48|||Sunburst~b|66484|77796|250|09,1158,46,4,0
MU68|||Eu-Wish~1|86689|84640|280|18,549,23,4,0
MU70|||Skyview~1|69951|68612|415|18,640,18,4,0
MU77|||Aero Britton~1|91292|72693|250|02,762,23,4,0
MU78|||Taylor~a|78480|78111|312|10,914,18,4,0
MU84|||Michael~h|88995|57706|320|09,402,37,4,0
MU85|||Thomas~1|89550|58726|271|01,640,15,4,0
MU86|||Taus River~b|74200|80423|291|17,488,30,4,0
MU89|||Woodland~6|89120|89643|191|09,533,24,4,0
MU98|||Eagles Nest~1|65181|63164|305|02,948,12,4,0
O13|||Haddock~a|52005|1023|639|17,808,11,1,0,176,,360,1630,638,,-370,1700,639
O14|||Neil's Sky~b|48908|20017|366|17,914,46,4,0
O18|||Buzzards Roost~1|61440|45823|201|17,779,24,4,0
O38|||Gundys~1|62668|42164|219|17L,792,12,1,0;17R,536,30,4,0
O44|||McCaslin~1|50923|26636|346|17,651,24,4,0
OK01|||Sky Haven Airpark/Sellmeyer~a|64290|40967|206|17,1341,23,4,0
OK02|||Dick's~1|51108|25183|354|17,823,23,4,0
OK04|||Canadian River~b|53094|41917|259|18,914,12,4,0
OK06|||Snake Creek Wilderness~1|56478|50500|344|03,866,15,1,0
OK07|||DJS~1|45182|16744|340|17,792,50,4,0
OK08|||Hill Top Private~1|45270|16515|335|01,1219,61,4,0
OK11|||Shelby~1|43139|19907|329|17,914,30,4,0,174.9,,770,-670,,,-50,-580
OK12|||Jones Farm~a|43992|17336|318|17,649,23,4,0
OK13|||Erroport~1|58458|40289|201|18,640,30,4,0
OK15|||Avian Country Estates~1|63761|42947|229|17,792,30,4,0
OK16|||Fairmont~g|63647|23322|356|17,674,20,4,0,173.3,,300,-50,,,-300,50
OK17|||Bass Aero~1|42182|29474|256|03,427,15,4,0
OK18|||Grand Isle~1|64234|48289|194|17,671,15,4,0
OK2|||Red River~1|39140|31553|241|18,574,30,4,0
OK20|||Sageeyah~9|63837|43520|195|18,762,30,4,0
OK21|||Longs Airport North~1|63334|46956|198|17,579,61,4,0
OK24|||Colby~a|42062|27689|283|01,579,17,4,0
OK25|||Cherokee~b|58133|42467|216|18,518,15,4,0
OK27|||Venture Aerodrome Airpark Nr 2 Ultralightport|54356|55251|137|06,610,18,4,0
OK28|||McDaniel Aviation~1|42283|32570|213|17,1067,30,4,0
OK29|||Travis~1|39359|29455|263|16,701,18,4,0;09,533,18,4,0
OK30|||Grandcraft~f|64918|49498|252|N/S,914,46,4,0
OK31|||Whittington~b|37785|28685|258|18,610,15,4,0
OK34|||Gustafson~1|54843|51581|261|E/W,732,24,4,0
OK37|||Dog Iron~b|64695|43322|232|17,610,8,4,0
OK43|||Logsdon~b|65306|13633|450|17,411,23,4,0
OK46|||McCrays~1|69590|19245|384|17,457,30,4,0
OK49|||Secrest~b|66448|29895|320|17,579,23,4,0
OK51|||Enix Boys~1|61042|20630|335|18,782,3,1,0
OK54|||May~b|69967|9952|559|17,610,18,4,0;08,457,23,4,0
OK55|||Bost~b|57145|27741|326|17,701,15,4,0
OK58|||Bluestem~1|63973|40950|201|09,732,15,4,0;17,732,15,4,0
OK62|||Strader~b|42487|27908|259|14,792,18,4,0
OK63|||Raab~g|46298|21850|391|17,608,18,4,0,177,,270,-17,386,,-280,17,391
OK71|||TLC~1|65037|19912|417|17,771,17,4,0
OK74|||Flying H~1|48295|39658|259|18,671,14,4,0
OK77|||Mound Valley~h|54159|14575|496|3,549,18,4,0
OK79|||Temple Airport Inc~1|42568|17588|306|17,792,9,6,0
OK80|||Thomas~b|47287|33989|247|18,1067,76,4,0
OK82|||Scottys~a|46917|6552|434|17,671,9,1,0
OK85|||Goddard~b|43001|30830|262|NE/SW,914,8,2,0
OK93|||Airman Acres~1|63334|41164|212|N/S,808,70,4,0
OK94|||Sand Ridge Airpark Inc~1|63548|41967|206|17,776,34,4,0
OK95|||Disney~1|64890|50417|291|03,914,46,4,0
OK96|||Ives~1|57564|29152|315|16,610,12,4,0
OK97|||Ketchum~b|45334|22330|335|N/S,792,30,4,0
OL03|||Ledford~h|41391|34772|226|18,547,12,4,0
OL09|||Jennings~b|48879|12447|494|01,701,9,5,0
OL18|||Flying D~1|57890|14030|515|17,1017,30,4,0
OL19|||Stuart Mountain~j|49154|38706|302|13,610,15,4,0
OL20|||Whitehorn Cove~1|59973|47411|173|17,914,30,4,0;13,610,30,4,0
OL27|||Faith~a|40315|29907|241|17,783,18,4,0
OL35|||Aviation Acres~1|58601|39180|236|9,701,15,4,0,90,,50,-380,236,,50,390,228;18,357,15,4,0,180,,60,-20,233,,-260,-20,229
OL39|||Midway~1|56986|33225|260|17,755,30,4,0
OL42|||Semper Fi Landing|52633|55091|131|13,704,21,4,0,,,,,129,,,,131
OL47|||Hallum~b|52360|34934|286|1,661,23,4,0
OL48|||Wingit~1|57071|44349|198|18,610,24,4,0
OL49|||Walnut Creek Landing|51083|22908|392|7,600,15,4,0
OL51|||Rivercamp~1|51108|5694|500|18,507,15,4,0
OL52|||Bryan Brothers~b|68274|49760|248|18,580,38,4,0
OL55|||Blackberry Hill~1|60098|29577|304|18,671,15,4,0
OL60|||STOL in~1|61364|43237|191|17,462,30,4,0
OMU9|||Kollmeyer~1|88842|70145|247|13,579,23,4,0
SN04|||Roberts~i|84231|36281|361|18,549,18,4,0
SN05|||Halstead~1|80314|24908|430|17,805,46,4,0
SN07|||Beaumont Hotel~1|76592|34728|493|18,732,24,4,0
SN08|||Fisher~1|79917|23436|436|18,853,24,4,0
SN09|||Solomon Valley~j|91139|23169|367|17,789,27,4,0
SN10|||Belle Plaine Farms~1|73958|27900|363|01,671,15,4,0
SN13|||Albers~1|76583|22255|421|18,762,15,4,0
SN18|||Sills Air Park|76667|29830|395|17,640,9,5,0;08,294,9,4,0
SN20|||Brady-Pippin~1|77195|29511|396|N/S,610,24,4,0
SN21|||Flory Private~1|88227|47116|335|18,792,21,4,0
SN22|||Hoelting~1|91122|50439|293|17,671,18,4,0
SN29|||Rucker~1|81855|4639|656|16,808,23,4,0;03,756,30,4,0;17,750,30,4,0
SN32|||Rands~1|74257|27299|369|17,671,23,4,0
SN33|||Callaway~j|94282|28759|389|18,579,23,4,0
SN34|||Rucker~1|75737|25075|396|17,792,30,4,0
SN36|||Wamsley~a|74273|23622|407|17,732,24,4,0
SN37|||Harold K. Wells~1|83864|32688|335|18,792,18,4,0
SN40|||Olson~e|75235|27979|404|18,579,15,4,0
SN41|||Ziggy Carline~1|75042|51733|396|18,518,30,4,0
SN42|||Harrod~1|85610|47933|302|09,805,23,4,0
SN44|||Bob Faler~1|73036|41013|259|N/S,960,30,4,0
SN45|||Michael's~1|88284|47328|337|18,732,15,4,0
SN46|||Taylor~1|78710|29273|408|09,792,30,4,0;18,792,30,4,0
SN47|||Converse~h|87421|39002|375|N/S,732,18,4,0
SN52|||Pilot Pointe Estates~1|74814|29880|377|18,732,18,4,0,,,110,-60,377,,-550,-60,372
SN53|||Bonner~a|74334|40831|290|N/S,975,15,4,0
SN61|||Yoder~j|76597|23705|450|18,1280,30,4,0
SN62|||Roberts~a|78746|24863|422|09,579,12,4,0
SN64|||Eck~a|76964|24560|405|N/S,805,21,4,0
SN65|||Lake Waltanna~1|75939|23845|439|17,640,30,4,0
SN68|||Lil Bird~1|78788|26910|444|18,701,18,4,0
SN69|||Emmerson~1|79314|53576|262|N/S,671,20,4,0
SN70|||Kaypod~1|72514|20455|420|N/S,701,12,4,0;E/W,477,12,4,0
SN72|||Graham Farms~1|82990|45592|300|18,704,30,4,0
SN75|||Sommers~1|98664|46579|326|16,579,18,4,0
SN76|||Sunflower Aerodrome Gliderport|79264|20933|482|17,2134,61,1,0,179,,,,475,,,,482;04,1280,11,0,2,46;13,1280,30,0,2
SN78|||Albright~1|86981|52808|305|08,518,12,4,0
SN81|||Hancock~1|91819|51300|287|18,427,15,4,0
SN83|||Highcrest Air Park|92272|50486|305|17,732,15,4,0
SN85|||Fox Fire~1|87347|48942|322|09,701,23,4,0
SN88|||Crosswind~9|85714|52819|335|E/W,488,9,4,0;N/S,183,6,4,2
SN90|||Eibes~9|92270|48078|335|N/S,701,12,4,0
SN91|||Godfrey~1|81116|38860|335|06,701,30,4,0
SN92|||Sunshine~b|93315|32999|396|N/S,640,18,4,0
SN95|||Roberts Air~a|79791|16000|538|13,960,29,4,2;17,686,27,2,0
SN99|||Laflin~b|94000|33830|363|05,610,15,4,0;N/S,457,15,4,0
T13|||Dallas South Port~1|24824|33140|144|17,1158,30,4,0
T14|||Taylor~1|29522|39042|144|18,951,18,4,0
T25|||Aero Estates~1|20818|45478|136|09,945,18,4,0
T29|||Flying H~b|36323|30592|232|18,730,30,4,0
T32|||Sudden Stop~1|35726|30949|219|17,472,18,4,0
T33|||Poetry Landing~1|28571|36917|169|04,853,12,1,0
T48|||Poetry Flying~b|28681|37809|152|13,1019,15,4,0
T58|||Ironhead~1|33318|27697|218|18,762,61,4,0
T76|||Rhome Meadows~1|31493|25039|274|13,1128,18,4,0
T80|||Bishop's Landing~1|33773|32711|229|17,482,24,4,0
T87|||Flying C~1|33422|27300|236|09,503,27,4,0;17,427,43,4,0
TA01|||Phillips~h|23418|27497|244|16,732,46,4,0
TA02|||Howard~a|31029|25358|293|01,747,46,4,0
TA05|||Anxiety~e|20377|34683|131|15,823,30,4,0
TA06|||Morris Manor~1|31612|41942|186|17,610,15,4,0
TA07|||Jet Ag Inc~1|72|50331|21|14,732,30,4,0
TA11|||Tsa Gliderport|23825|29881|201|18,1311,122,4,0
TA17|||Live Oak~b|1860|35554|118|02,614,8,4,0
TA18|||Sunset~1|27071|35206|135|NE/SW,762,15,4,0
TA19|||Post Oak~9|26746|22164|311|18,716,9,5,0
TA23|||Morris Lazy K~b|12613|37836|110|15,1219,30,4,0
TA24|||Smoky Bend~b|14725|12980|402|16,1219,15,1,0,160,,780,-1160,,,-250,-720
TA25|||Cook Canyon~b|24317|14052|450|17,1676,23,2,0
TA26|||Coyote Crossing~1|22964|29432|177|16,762,15,4,0
TA37|||Vaca Moo~1|24280|42874||18,756,12,4,0
TA43|||Anderosa~j|10475|51456|62|14,503,24,4,0
TA46|||Baum~1|25626|35989|152|15,975,24,4,0
TA47|||Richards~1|33014|27550|239|17,792,30,4,0
TA51|||Eagle~1|26803|20653|270|17,853,30,4,0
TA53|||Rocky Top~b|1305|15907|457|18,939,30,4,0
TA55|||Del Valle~1|1121|23809|140|02,671,30,4,0
TA57|||Texas Valley Air~a|16238|30075|137|15,610,46,4,0
TA59|||Flamingo~9|30993|17105|354|18,427,23,4,0
TA61|||Kay~b|24735|48342|96|17,945,6,1,0
TA65|||Sportsman's World~1|28212|15213|348|16,1280,20,1,0,135,,1071,-238,,,-78,-101
TA70|||W J E~1|17835|41025|77|17,914,21,2,0,170,,430,-80,,,-410,80
TA75|||Cotton Patch~1|3870|28942|131|17,671,40,4,0
TA78|||Putty~b|19714|19366|348|17,1067,18,1,1,170,,570,100,,,-380,300
TA80|||U U~b|38932|30719|226|12,1189,18,6,0
TA86|||Dennis's Flying~h|26060|40650|152|09,610,12,4,0
TA89|||Vaughan~b|15238|11997|399|01,1524,18,1,0,10,,-680,-140,,,670,140
TA93|||LM~b|36312|32662|235|17,914,15,4,0
TE01|||Dillard~b|13049|42034|69|06,945,27,4,0;16,579,26,4,0
TE02|||Aresti~e|24707|24397|300|14,762,18,4,0
TE06|||Casey~a|33793|36831|204|17,914,30,4,0
TE10|||Pierce~1|38157|17709|270|04,671,18,4,0
TE15|||M & M Land Company~1|8900|3674|549|13,671,49,4,0;09,573,37,4,0
TE16|||Cow Pasture~1|22504|27028|242|N/S,671,30,4,0
TE17|||Heathrow~1|14385|28542|160|14,671,30,4,0
TE24|||Horseshoe Lake~1|33932|27947|221|17,815,18,4,0
TE34|||Reb Folbre's Place~1|27626|20272|287|17,488,46,4,0
TE38|||Loghouse STOLport|5927|50906|56|12,523,9,4,0
TE39|||Bucker~a|34432|27266|267|17,610,23,4,0
TE47|||Cross Wind Acres~1|22090|26822|232|07,518,12,4,0;16,457,12,4,0
TE48|||Kings~b|10449|19572|312|17,549,12,4,0
TE50|||Hirok~1|21732|30339|213|15,457,15,4,0
TE52|||Chigger~a|25360|24114|290|17,930,61,4,0
TE55|||Flyin Armadillo~1|34217|18094|303|07,914,30,4,0
TE68|||Nuggs Flying M~1|37441|33401|221|18,724,23,4,0
TE74|||Bucker~a|29536|41331|148|05,823,23,4,0
TE75|||Lexington~9|4134|30348|143|17,1006,8,4,0
TE76|||Vance~a|33683|23178|282|18,518,12,4,0
TE81|||Smither~a|33097|29072|200|17,732,23,4,0
TE84|||Mockingbird Hill~1|14680|25266|247|05,427,9,4,0
TE85|||Marmack~1|3422|43387|90|12,747,5,1,0
TE91|||Harrison~h|20393|49172|136|15,732,30,4,0
TE97|||Cameron~b|1845|10410|536|18,610,6,1,0
TE99|||Barnstormer~1|20204|27462|191|14,1006,11,1,0,144.9,,480,-300,,,-260,310
TN43|||Isle-A-Port STOLport|50968|98856|66|03,975,34,4,0
TS00|||Fuller~1|27873|28195|149|10,457,15,4,0
TS02|||One Sixty Four Place~1|31196|17694|366|15,853,7,4,0
TS11|||Glenmar~1|31071|40700|162|17,579,12,4,0
TS14|||Smith Flying Service~1|21087|15120|389|18,716,8,1,0
TS18|||Kingsland Estates~1|6550|15151|266|18,985,46,4,0
TS19|||Uncle Raymonds~1|1445|31701|134|18,543,8,4,0
TS29|||Liberty Hill~3|12946|27030|241|18,610,12,4,0
TS35|||West Liberty~1|570|50198|24|12,884,24,4,0
TS36|||Silver Wings~1|2196|8592|643|17,1158,24,1,0,170,,510,-110,,,-520,100
TS47|||Rock Creek~b|29687|19881|344|14,549,37,4,0
TS54|||Flying B~1|30148|45656|163|18,433,30,4,0
TS57|||Red Ace~b|32418|23789|274|01,1448,12,4,0
TS61|||Little 'L'~b|22110|23572|178|09,549,9,4,0
TS63|||Square Air~1|32455|34342|200|18,564,23,4,0
TS71|||Flying B~b|25279|30561|238|18,732,21,4,0
TS74|||Glass~1|33626|27055|247|17,701,18,4,0
TS76|||Redstone~b|2502|14053|445|16,823,7,1,0
TS85|||Diamond J~1|38106|32961|244|18,732,18,4,0
TS89|||Parker~1|23672|21835|282|16,610,23,4,0
TS92|||Little Peach~1|12146|25733|216|15,488,15,4,0
TT10|||Hutson~b|34290|522|448|8,639,46,4,0
TT11|||Goggans~9|30743|43964|163|18,545,31,4,0
TT12|||Pastrana~b|22725|23066|217|15,600,23,4,0,150,,230,-160,217,,-240,160,216
TT16|||Cosmo~a|29367|16026|323|18,823,18,4,0,178,,370,-20,317,,-370,10,323
TT19|||Circle C~b|1576|52901|22|18,695,14,4,0,184,,287,27,22,,-311,-26,22
TT20|||Lazy 8 Flying~b|9648|41651|69|6,599,17,4,0
TT29|||Davidson Farms~1|35342|43051|156|17,549,23,4,0
TT32|||Kudlacek~a|30119|35895|160|9,457,23,4,0
TT35|||Mount Sharp~j|613|18797|339|12,1098,23,1,0
TT36|||Myrtle Creek~b|9736|36255|135|1,638,15,4,0
TT37|||Dragon Lady~1|28513|57893|79|18,580,37,4,0,,,,,418,,,,411
TT40|||Burkett Ranch/Jackson Pasture~1|30757|12006|370|18,774,23,4,0,183,,350,30,370,,-350,-20,361
TT44|||Flying H~a|36651|43887|175|2,914,23,4,0
TT46|||PC~1|8047|35689|122|14,634,15,4,0
TT47|||Adams~a|33861|35008|205|18,640,15,4,0
TT50|||Daniel HQ/Pease Valley~6|40510|4113|418|1,610,30,4,0
TT54|||Whiskey Hotel~j|1665|12955|545|18,686,30,4,0
TT57|||Mangham~1|16456|13553|472|16,610,12,4,0
TT61|||Salado Bluffs~1|9054|24131|226|17,853,23,4,0
TT66|||Rowdy T~b|21085|31915|164|2,838,8,2,0,28,,-370,-210,164,,300,210,157
TT73|||Vogt's Vista~1|25416|40522|144|18,513,18,4,0,,,,,144
TT75|||Berkley~b|4326|42542|99|18,651,23,4,0,179,,289,-9,94,,-298,4,99
TT86|||Buffalo Ridge~1|21617|18535|384|16,621,18,4,0
TT98|||Kelly Air~a|36588|35323|192|1,788,15,4,0
TX00|||Abilene Executive~j|24489|3800|555|17,830,64,4,0
TX03|||Stapleton~a|18751|29319|218|N/S,719,46,4,0;E/W,532,15,4,0
TX05|||Bud Dryden~1|2605|23747|152|01,701,18,4,0
TX19|||Russells~b|35385|50952|122|17,823,23,1,0;08,663,23,1,0
TX20|||Steen~1|27932|1221|509|01,701,15,4,0
TX21|||Hornady~b|34778|14538|355|18,570,18,4,0
TX22|||US Trinity~1|31022|28432|204|05,725,18,4,0;10,436,18,4,0
TX23|||FLF Gliderport|8563|20541|351|16,1372,91,4,0
TX24|||Oaks~1|22652|49171|155|12,914,30,6,0
TX25|||Lochridge~b|19893|40489|119|17,1478,18,1,1,170,,680,-140,119,,-650,140,119
TX29|||Flying O~1|22890|32956|149|18,1006,18,4,0
TX32|||Bar V K~1|33764|27566|233|18,884,30,4,0
TX34|||Windy Tales~1|28484|20157|299|09,671,23,4,0
TX35|||Key's~b|34563|51504|105|17,937,19,4,0
TX39|||Ruby~a|34772|27494|198|18,549,30,4,0
TX40|||Echo Lake~1|22543|43442|137|16,792,12,6,0
TX41|||Pippen-York~b|913|16353|408|15,610,30,4,0
TX43|||Goode~a|25099|39973|136|18,975,15,4,0
TX45|||Hawkeye Hunting Club~1|17697|28682|79|E/W,975,15,4,0
TX46|||Blackwood~j|24096|26128|255|17,792,23,4,0
TX47|||Sandy Creek Ranch~9|37077|37762|167|17,914,15,4,0
TX48|||Talley~1|18322|22811|268|01,737,30,4,0
TX51|||Smith~1|22001|36706|123|N/S,671,15,4,0;E/W,632,15,4,0;NW/SE,494,15,4,0
TX52|||Parrish~6|17946|22261|280|14,610,27,4,0
TX62|||Rhodes~b|26335|45609|123|18,884,24,4,0
TX64|||Lazy 9~b|32993|24727|311|17,1219,15,4,0
TX67|||Hodges Air~a|23606|26975|274|16,533,15,4,0
TX70|||Eberly~b|615|37743|85|06,1181,12,1,0
TX74|||Thomas Flying~a|22613|27268|253|16,549,15,4,0
TX75|||Sandbur Ranches Private~1|10097|34592|139|04,838,12,1,0
TX78|||Block~b|23292|27681|230|17,640,12,4,0
TX82|||Laguna Park Community~1|18636|26191|189|15,556,46,4,0,,,240,-180,,,-220,120
TX93|||Wright~b|21501|21599|274|18,1128,30,4,0;15,488,15,4,0
TX94|||Flying D~b|34529|27233|268|08,762,30,4,0
TX96|||Maxwell~a|33993|27430|251|17,579,61,4,0
TX97|||Cade~a|17649|22036|354|01,488,30,4,0
TX98|||Hawkins~a|24739|24984|298|17,643,11,4,0
US-0161|||Eisenbeck~b|24858|34123|110|10,914,15,4,0
US-0168|||The 88~1|35689|28094|250|16,914,30,4,0
US-0177|||Utley~a|1880|25855|126|2,1006,21,4,0
US-0239|||Stowers~b|577|4872|610|E/W,610,30,4,0
US-0388|||Polyanna~b|20794|32897|174|15,914,46,4,0
US-0400|||Flugplatz~1|80248|22661|449|17,792,15,4,0,,,360,-2,448,,-353,-2,448
US-0408|||Coose~a|73939|60400|330|3,550,18,4,0,,,-203,-166,329,,213,173,327
US-0409|||B and S Farms~9|66404|55107|348|9,787,15,4,1
US-0478|||Skyview~b|3822|3807|629|18,762,12,1,1
US-0533|||Arland~1|89688|23977|412|18,762,69,4,0,180,,345,0,405,,-351,0,412
US-0576|||Spring Creek~b|43570|32651|284|15,640,23,4,0
US-0588|||K-John~1|2197|76802|6|18,792,30,4,0
US-0606|||Sword's Landing~1|31508|39881|169|18,518,15,4,0
US-0611|||Haymaker~1|60470|21251|346|18,610,16,4,0
US-0627|||Haymaker Private~1|60540|21576|359|18,853,30,4,0
US-0629|||Squadron~a|74611|47579|289|1,600,30,4,0
US-0642|||Malinchak Private~1|57963|35719|276|7,732,15,4,0
US-0643|||Stockwell~a|97143|68598|232|18,524,45,4,0
US-0655|||Davis~a|72550|30396|369|18,616,34,4,0,179,,279,-5,369,,-276,11,361
US-0665|||Rancho Deluxe~1|19364|16544|421|18,549,15,4,0
US-0676|||Canadian River Corrientes~1|55394|15698|468|18,610,24,4,0
US-0689|||Entz Home~1|55029|14625|492|2,573,18,4,0
US-0698|||Yancey Creek~b|10270|16469|433|15,622,57,4,0
US-0699|||2C~b|19979|52002|145|14,457,23,4,0
US-0708|||McAlister~j|61622|63928|403|17,549,14,4,0
US-0711|||Lemons~6|46839|20720|432|17,402,24,4,0
US-0713|||Trigger Gap~1|63278|63781|497|10,914,23,4,0
US-0715|||Etna~1|53698|61569|163|9,649,30,4,0
US-0736|||Taylor~a|28981|58378|73|9,488,15,4,0
US-0762|||M Sansom~b|14216|1634|552|12,488,18,4,0
US-0777|||Dow~b|20103|38229|101|11,749,15,4,0,,,,,,30,,,,30
US-0785|||Rock Ridge~1|50986|22574|393|18,881,30,4,0
US-0803|||Red Oak~1|83373|85786|227|12,506,12,4,0
US-0804|||Big Creek Ranch~6|69145|45367|269|5,928,30,4,0
US-0815|||Horning Farms~6|47307|19855|335|16,402,24,4,0
US-0816|||Malcom~h|46431|19560|351|17,427,24,4,0
US-0826|||Rush Springs~6|48154|20257|430|17,1065,24,4,0
US-0842|||Carr Creek~1|72033|88767|255|12,1372,23,4,0
US-0884|||Bent Hickory Air~b|43280|67407|168|7,477,24,4,0,,,-58,-247,168,,64,249,168
US-0921|||Black I~b|64422|18961|403|17,666,10,4,0
US-0922|||Grass Strip~1|58141|31253|284|04,610,9,4,0
US-0925|||Jim Pettijohn~i|46615|18972|372|18,402,24,4,0
US-0926|||VR~6|46569|22075|390|17,402,24,4,0
US-0953|||Foggy Bottom~1|30372|47068|131|18,1067,8,4,0
US-0961|||A J Patrol~1|1428|76667|5|18,732,46,4,0,,,328,-3,,,-332,8
US-0964|||Ranch at Double Gates~1|16005|5840|491|17,1545,19,1,1
US-0992|||Comanche Hills~b|11669|17541|376|16,543,43,4,0
US-0997|||Underline OK~1|29291|22862|340|16,684,9,4,0
US-0998|||Blue Ridge~1|32940|35531|195|1,1045,18,4,0
US-1016|||Irish Creek~9|78788|21059|461|18,526,24,4,0
US-1021|||D I's Cajun Restaurant~1|3687|74170|11|3,884,37,4,0,,,-356,-211,11,,356,203,11
US-1073|||Garrison~1|37236|58547|100|18,808,18,4,1
US-1077|||Tomahawk~1|41161|36880|219|6,805,15,4,0
US-1107|||Papas Dream~1|72981|47371|271|6,610,18,4,0,74,,-124,-307,266,,133,308,271
US-1125|||Self Forward~f|11170|68457|112|17,1089,28,2,0
US-1149|||Hillbillies~1|90272|20406|407|17,777,24,4,0,,,345,-52,407,,-349,61,404
US-1164|||Plunkett Aviation Services Inc~1|26083|86172|26|18,823,24,2,0
US-1199|||Riata~b|1318|7065|612|1,782,6,1,0
US-1247|||Nelson High Point~1|51781|22516|419|17,802,21,4,0
US-1260|||Waters Home~1|56060|13613|525|18,627,18,4,0
US-12688|||Laughlin~1|81408|54912|258|18,783,9,4,0
US-12693|||King~1|44143|92706|53|5,966,24,4,0
US-12702|||Balentine Woodbine~1|23778|27810|212|17,823,12,4,0
US-12714|||V Bar~6|17595|39455|134|13,1219,23,1,0
US-12753|||Rivet~b|19886|17769|427|14,690,24,4,0
US-12754|||Fill or Kill~1|20032|22757|267|15,554,15,4,0
US-12806|||West Branch~1|79085|35625|363|17,812,12,4,0
US-12841|||Buckhorn~1|65598|77951|238|14,792,9,4,0
US-12903|||Promised Landings~1|3116|91642|2|18,914,18,4,0
US-12938|||Baham~6|5763|79823|10|5,629,30,4,0
US-12955|||Cherry Heights Flugplatz|4273|10613|634|17,614,23,4,0
US-12982|||ZQ~b|33459|39026|183|14,1676,15,4,0
US-12987|||Dreier RLA|99059|86861|202|18,747,26,4,0
US-13004|||Possumhaw~1|68121|49648|235|18,763,38,4,0
US-13007|||Lewis~a|36629|37828|198|18,914,15,4,0
US-13013|||Lazy Dog Ranch~j|37241|31735|215|18,556,24,4,0
US-13047|||LI-Luframost~b|18475|18611|385|01,580,8,4,0
US-13055|||Bedias Executive~1|8308|40964|80|01,610,6,4,0
US-13056|||Joy~1|33030|29209|188|08,514,12,4,0
US-13057|||Fox Garden Aero~1|14947|16772|429|03,458,18,4,0
US-1702|||WFK~1|59192|92703|120|17,518,23,4,0
US-1908|||Sonlef Air Strip|26298|63424|50|9,671,23,4,0
US-2546|||Willys Lake~1|81968|18174|497|11,579,18,4,0,110,,90,-310,497,,-70,320,497
US-2977|||Comanche Ridge~b|7713|4842|575|18,913,15,4,0
US-2995|||Dauenhauer~a|30159|23651|276|17,579,15,4,0
US-3052|||Wieser Angus~b|2521|11755|501|18,612,12,4,0,180,,280,3,501,,-269,2,493
US-3250|||Donna~a|38151|32653|240|18,708,15,4,0,,,,,240,,,,231
US-3782|||Lovers Lane~1|86456|58826|253|18,511,15,4,0,,,,,253,,,,247;9,472,15,4,0,,,,,245,,,,246
US-3783|||Maxwell Aviation~1|82787|19219|511|18,777,30,4,0,,,354,13,511,,-349,4,508
US-3787|||Flying E~b|41741|37759|215|1,945,21,4,0,10,,-410,-100,208,,420,90,215
US-4238|||Pilots Point~1|65958|63702|311|5,706,18,4,0,50,,-200,-300,311,,210,310,302
US-4346|||Flying 7H~b|14311|15329|470|9,914,23,4,0,,,,,482,,,,462,122
US-4407|||Hunter~a|20137|47035|179|17,671,15,4,0
US-4465|||One Eyed Creek~1|12917|53006|90|17,914,30,4,0,,,,,,122,,,,122
US-4554|||Diamond H~1|72557|47685|278|18,518,9,4,0,,,230,0,274,,-240,0,275
US-4619|||Steele Farms~1|31433|89400|34|18,884,24,2,0
US-4741|||Wildlife~b|43132|20036|308|3,1158,55,4,0,,,,,,122,,,,122
US-4795|||Snowden~a|7288|6598|528|17,579,18,4,0
US-4864|||Tamarack Landing|88454|24951|370|18,777,23,4,0
US-4972|||Hopf~a|7374|12963|338|17,453,23,4,0
US-5006|||La Pointe~1|2225|81162|6|5,975,18,4,0,,,,,,137
US-5083|||Blue Jay~9|30904|27321|204|14,499,15,4,0,,,187,-154,198,,-177,160,204
US-5139|||Snouffer~a|74563|75959|367|15,610,15,4,0
US-5175|||Hunninghake Aerial~1|98306|38351|392|18,671,18,4,0,180,,301,4,392,,-304,4,389
US-5176|||Dudes Landing~1|88592|73987|243|1,747,37,4,0,6,,-336,-54,242,,334,41,235
US-5188|||Randys~j|6420|24800|183|16,975,23,4,0,160,,416,-177,183,,-412,169,179
US-5212|||McGuire~9|73997|57903|301|1,807,18,4,0,,,-355,-59,301,,363,80,301
US-5469|||Buzzard Creek~6|13278|11952|399|16,809,24,4,0
US-5473|||Dittemore~a|97777|48577|351|18,732,30,4,0,,,330,0,347,,-320,0
US-5524|||Windsoar~1|85457|64925|284|2,732,9,1,0,,,,,,18,,,,24
US-5653|||Red Hawk~1|12181|78259|29|12,769,46,4,0,118,,154,-485,29,,-166,358,28
US-58T|||Heritage Creek~6|31687|25158|269|13,914,18,4,1
US-6300|||[Duplicate] Cedar & Sky Fly in~b|55839|16959|484|18,785,27,4,0,179,,352,-5,484,,-357,5,465
US-6340|||Bowen Lake~b|26334|43524|140|1,650,12,4,0,7,,-290,-40,140,,290,40,135
US-6346|||Parkers Landing|34001|35017|210|18,541,18,4,0,182,,248,7,210,,-239,-16,210
US-6357|||Devil's Finger~1|20220|23226|252|7,1920,30,2,0,,,,,251,,,,261
US-6364|||Rancho Hielo Brazos~1|22011|21577|283|18,1069,7,1,0,187,,417,59,276,,-541,-69,283
US-6392|||Griffin~1|44487|93382|54|17,811,24,4,0
US-6393|||Burks~1|44834|92843|53|12,893,30,1,0
US-6395|||Marvell West~1|45603|90677|59|10,778,30,4,0
US-6438|||Tidwell Flying Services~1|47783|82008|69|9,1397,14,1,0
US-6540|||Edwards 1~1|34398|91654|35|18,975,37,2,0,,,,,34,,,,35
US-6551|||Circle W~b|26864|21603|298|17,578,15,4,0,176,,260,-30,298,,-260,20,298
US-6572|||Arrowhead~j|87624|54250|337|15,975,12,1,0,146,,370,-320,337,,-360,320,329
US-6671|||Star~a|21602|10531|495|5,945,24,4,0;12,853,24,4,0;2,526,24,4,0
US-6772|||Mission Mountain~1|24925|8538|440|18,564,9,1,0
US-6777|||Baker~h|75877|82167|415|2,701,12,4,0,17,,-304,-123,415,,299,115,406
US-6783|||Whitaker's Landing|36933|46913|166|18,914,46,4,0
US-6831|||Flack~a|31135|24719|237|1,643,18,4,0
US-6857|||Cunningham~a|16429|69972|33|9,945,30,4,0
US-6863|||Edwards 2~1|34196|92004|35|18,640,40,2,0
US-6952|||Hostetler's~9|64072|65358|416|8,750,30,0,0,85,,-26,-413,411,,30,420,408
US-7088|||Bailey Air~1|19445|81950|20|8,832,27,4,0
US-7089|||WC~a|8585|71877|51|18,792,23,4,0,,,,,54,,,,45
US-7434|||Sievers~a|2664|78148|14|18,762,30,4,0
US-7479|||Shiloh~j|94705|69101|207|16,411,18,4,0,,,,,210,,,,203
US-7511|||Moore Homestead~1|87873|5599|640|17,732,15,4,0,180
US-7557|||Ambia~h|35771|43440|174|2,762,30,4,0
US-7564|||Freedom~1|30728|26017|256|15,762,18,4,0
US-7585|||Arrow~j|78345|66247|275|7,792,12,4,0
US-7689|||Frisbee Flying Services~1|26284|91345|30|17,1052,17,4,0,,,,,29,,,,29
US-7834|||Monte Carlo~1|85934|78726|227|14,500,18,4,0
US-8043|||STOL Creek~1|79288|28977|418|3,691,18,4,0
US-8169|||Chennault~9|3143|46729|52|17,914,12,3,0,180
US-8173|||7Up~b|70944|48372|257|7,457,23,4,0
US-8314|||Pilots Landing~1|17199|10990|429|3,457,20,6,0
US-8315|||Baseline~1|46425|89053|56|18,801,24,4,0
US-8318|||Jirik~a|58332|22943|326|18,661,30,4,0
US-8365|||Heird Hill~h|45027|77702|79|11,630,30,4,0
US-8372|||Rocket~b|44462|18850|328|18,616,23,4,0
US-8377|||Fly Navy~1|7368|20255|319|5,610,24,4,0
US-8408|||Promise Land Farms~1|84872|82890|227|11,404,20,4,0
US-8409|||Wodohodsky Ranch LLC~1|81285|78573|281|10,651,15,4,0
US-8410|||Pleasant Hill~1|57986|85912|126|11,407,18,4,0
US-8415|||Thunderbird Landing~1|52013|26910|346|18,530,15,4,0
US-8425|||Hayland~1|88311|13836|528|18,732,18,4,0
US-8430|||Sopwith Landing|50763|26534|332|2,541,18,4,0
US-8431|||Boneyard~6|2706|38373|67|12,817,30,4,0
US-8445|||Flyers Ridge~1|4298|46634|97|6,614,27,4,0
US-8456|||PK~a|3181|90443|6|18,457,30,4,0
US-8479|||Birddog~a|92164|6349|668|17,805,23,4,0,,,,,666,,,,668
US-8484|||Paul's Flying Service~1|45139|96213|53|18,671,6,2,1
US-8504|||Windy Hill~1|39836|12840|322|16,545,12,6,1
US-8515|||Green Berry~1|65556|62560|325|1,427,21,4,0
US-8683|||Rice~a|64570|94279|91|18,778,15,4,0
US-8692|||Doublewide~b|23794|21845|317|8,626,23,4,0
US-8955|||Deep Creek~1|91245|34999|389|6,411,14,4,0
US-8974|||Hye Sky Farms~1|2218|14077|436|18,673,30,4,0
US-8977|||Flying E~a|87816|79658|262|18,627,30,4,0,,,,,262,,,,258
US-8978|||Cedar Crest~6|64859|71368|250|18,792,18,4,0,,,,,250,,,,245
US-9074|||Beulah~a|31705|13776|341|15,922,30,4,0
US-9078|||Mans~a|73966|95312|155|2,500,23,4,0
US-9103|||Bug~a|78106|22027|449|18,774,30,4,0
US-9107|||Boice~a|46225|20193|373|18,610,30,4,0
US-9122|||Bob White~1|78726|60090|269|9,404,23,4,0
US-9142|||Alos~a|57309|92050|77|18,747,7,1,0
US-9250|||Yellow Dog~1|32311|94335|35|12,823,30,4,0
US-9283|||Homerun~1|36430|41238|186|2,944,18,4,0
X33|||Doniphan~5|66937|92152|194|07,780,17,1,1,,,-90,-380,,139,120,450
XA00|||Prose~a|31481|27200|209|18,506,18,4,0
XA03|||Edgington~b|34275|27287|270|18,686,30,4,0
XA04|||Circle Eight~b|22383|21012|244|01,640,9,4,0
XA07|||Spectre~1|32750|22833|255|13,549,15,4,0
XA09|||Menard~1|35819|19389|322|18,914,24,4,0
XA12|||McFarlin~b|6947|19672|366|18,610,18,4,0
XA15|||Holict "Private"~1|14269|30203|130|16,579,30,4,0
XA16|||Tightwaad Air~b|34942|25344|267|04,853,46,4,0
XA17|||Chuckster~1|33217|44364|145|18,671,15,4,0
XA23|||Richardson~a|30170|50300|126|17,853,18,4,0
XA32|||Wolfe~a|9115|28287|152|01,914,30,4,0
XA33|||Thorny Woods~1|29587|37356|165|17,518,23,4,0
XA34|||Allison~h|32417|25720|259|18,914,46,4,0
XA41|||Lone Star Flying Service~1|3550|7525|677|14,1128,18,4,0
XA42|||Tali Homma~a|23757|36143|104|09,728,18,4,0
XA44|||Birchfield~b|12661|15761|472|18,671,23,4,0
XA46|||Creekside Air Park|26936|45456|137|17,701,18,4,0
XA47|||Tick Hill~9|13097|25152|197|17,518,30,4,0
XA48|||Dreamland~1|36417|26843|288|14,549,12,4,0
XA51|||Smith~1|14183|28742|160|02,488,12,4,0
XA52|||Ehni~1|9235|47065|69|18,823,23,4,0
XA65|||TXAeroSport~e|35361|33197|261|17,975,30,4,0
XA68|||Akroville~1|33918|26447|273|18,945,30,4,0;06,518,30,4,0
XA71|||North Cedar~1|12773|50260|76|17,732,23,4,0
XA72|||Stocker~1|32769|27106|235|08,732,9,4,0;17,579,9,4,0
XA75|||Double A~1|23240|29003|194|18,853,30,4,0
XA78|||Melody~b|34623|29290|222|04,488,15,4,0;13,488,15,4,0
XA85|||Cougar Landing~1|16333|26833|181|14,1158,30,4,0
XA86|||Driftwood~b|25670|21952|216|15,907,12,1,0
XA90|||Fly 1 On~1|27535|44765|144|18,701,12,4,1
XA91|||Wildwood~1|5333|55619|36|18,975,46,4,0
XA98|||Jbj~b|33027|25419|271|03,671,15,4,0
XA99|||Flat Bush~1|31344|23930|263|17,701,30,4,0
XS00|||Flying D~1|6372|12517|445|01,610,15,4,0
XS01|||Tschirhart~b|4528|11134|628|18,610,11,1,0
XS03|||Herbert~b|4866|17150|347|18,762,18,4,0;08,610,23,4,0
XS08|||Polk~b|8768|8005|561|01,671,18,4,0
XS09|||Estates~j|5375|45636|99|18,1158,38,4,0
XS12|||Liberty Hill Air~b|6781|19827|354|10,914,8,1,0,100,,-140,-490,,,-280,450
XS14|||Weese~3|29694|39294|148|18,1615,30,4,0
XS15|||Womack~b|7791|1056|671|E/W,914,30,4,0
XS18|||Tom J Moore~h|3847|37753|60|17,1219,46,4,0
XS20|||Dos Arroyos~b|1541|7022|627|16,1128,15,1,0,160,,480,-200,,,-480,200
XS23|||Priour~b|1266|5288|671|16,792,61,4,0
XS30|||Burress~1|36051|45181|148|17,640,15,4,0
XS31|||Graham~a|37018|31681|212|17,640,12,4,0
XS33|||Chesson~1|626|61343|3|11,792,13,4,0
XS48|||Marlin's Meadow~1|29539|44225|149|03,866,12,4,0
XS55|||Gizmo~a|19293|30611|168|14,610,18,4,0
XS57|||Havelka Haven~1|14650|25953|217|14,686,14,4,0,,,,,,,,,,152
XS58|||Tri-County Air Service~1|443|52939|21|17,671,27,4,0
XS60|||Mustang Community~9|33184|30940|184|18,549,30,4,0;10,396,30,4,0
XS61|||Deep Creek~b|11149|9966|423|02,1280,18,4,0
XS70|||Glover~1|31346|49820|122|16,1006,30,4,0
XS72|||F R Duke~h|4817|51694|26|02,1097,30,4,0
XS75|||West~b|4544|15108|448|12,1695,23,1,1
XS78|||Santiago Cattle Company~1|13881|9001|423|14,488,24,4,0
XS88|||Parson~a|38574|42952|145|15,610,26,4,0
XS91|||Pickle Plantation~1|20865|44007|177|17,975,12,1,0,174.1,,440,-60,,,-440,50
XS99|||Lake Water Wheel~1|4710|50873|24|11,792,30,4,0
ZZ-0003|||Fainting Goat~1|21106|26437|210|15,549,5,4,0
#US|W
19T|||Tan Tar A Resort~7|81260|72836|201|NW/SE,3962,366,12,0
1MU1|||Lake Taney Como~7|66667|68457|218|06,451,61,12,0
22K|||Wilson Lake Seaplane Landing Area|89415|14872|461|03W/21W,1524,61,12,0
29LS|||L Auberge du Lac Hotel~7|2078|67347|2|07W/25W,1219,76,12,0;16W/34W,1219,76,12,0
2M5|||Stockton Lake~7|76500|62415|264|ALL/WAY,4572,610,12,0
75U|||Harry S Truman Dam & Reservoir~7|82167|65831|215|ALL/WAY,4572,1219,12,0
US-0941|||Aero Estates~7|20792|45675|105|17W/35W,1606,91,12,0
