#US|H
HEY||HEY|Hanchey Army (Fort Rucker)~2|13460|43457|97|17,145,15,1,1,,359
LOR||LOR|Lowe AHP (Fort Rucker)~2|13558|42488|90|06L,610,23,3,2;06R,610,23,3,2;18L,610,23,3,2;18R,610,23,3,2
#US|L
KATL|1|ATL|Hartsfield Jackson Atlanta~3|36367|55719|313|09L,3776,46,2,1,90,,-200,-1990,311,,-200,1920,298;08R,3048,46,2,1,90,,1010,-1030,312,,1010,2260,303;08L,2743,46,2,1,90,,1280,-1090,309,,1280,1860,302;09R,2743,46,2,1,90,,-490,-1990,313,,-490,970,300;10,2743,46,2,1,90,,-1640,-1980,305,,-1640,980,304
KBHM|1|BHM|Birmingham-Shuttlesworth~3|35629|32493|198|06,3660,46,1,1,55,,-810,-2090,184,,750,620,189,367;18,2164,46,1,1,180,,1030,350,196,,-920,350,193
KBNA|1|BNA|Nashville~3|61245|33218|183|13,3362,46,1,1,133.3,,1680,-1720,166,244,-400,1000,176,226;02C,2439,46,2,1,18,,-2120,-980,173,139,-30,-140,174;02R,2439,46,2,1,18,,-1180,1060,180,,910,1890,165;02L,2348,46,2,1,17.6,,-680,-830,183,,1330,-40,169
KCHS|1|CHS|Charleston~3|28962|99618|14|15,2744,46,2,1,147.4,,1680,-990,13,,-400,590,12;03,2134,46,1,1,24.4,,-1140,-740,6,,610,200,12
KCLT|1|CLT|Charlotte Douglas~3|52140|90569|228|01R,3048,46,2,0,176,,1310,-1000,226,,-1370,-770,211;01L,2743,46,2,1,176,,1100,-2430,226,,-1310,-2220,211;18,2644,46,1,1,176,,1040,700,227,,-1280,900,221;05,2287,46,1,3,49,,-490,-660,215,,850,1170,228
KCMH|1|CMH|John Glenn Columbus~3|99980|71081|248|10R,3083,46,1,1,94.2,,-240,-1700,245,,-450,1900,248;10L,2438,46,1,1,94.2,,520,-1570,248,,360,1270,247
KCVG|1|CVG|Cincinnati Northern Kentucky~3|90488|53322|273|09,3658,46,1,1,90,,-240,-2730,269,,-250,1500,267;18C,3353,46,1,1,180,,1590,-80,267,,-1430,-90,256;18L,3048,46,2,1,180,,710,2110,270,,-2040,2100,273;18R,2438,46,2,1,180.2,,2210,-1590,264,,10,-1600,266
KIND|1|IND|Indianapolis~3|97173|37056|243|05L,3414,46,2,1,44.5,,-1090,-2640,225,,1100,150,239;05R,3048,46,2,1,44.6,,-1710,-1000,240,,250,1490,240;14,2218,46,1,1,134.6,,1690,560,240,,230,2480,238
KJAX|1|JAX|Jacksonville~3|4925|83122|9|08,3048,46,2,1,71,,370,-1220,9,,1290,1780,8;14,2347,46,2,1,131,,-30,-1300,8,,-1410,550,7
KMEM|1|MEM|Frederick W. Smith~3|50438|237|104|18C,3389,46,2,1,179,,1080,10,83,,-1970,80,104;18R,2841,46,2,1,179,,570,-1110,88,,-1990,-1060,98;18L,2743,46,2,1,179,,500,330,85,,-1970,390,102;09,2727,46,1,1,92,,1480,-940,77,,1400,2040,89
KPNS|1|PNS|Pensacola~3|4727|28134|37|17,2135,46,1,1,167,,1020,-410,37,,-860,90,31;08,2134,46,1,1,78,,-140,-930,30,,260,1240,35
KSAV|1|SAV|Savannah Hilton Head~3|21266|88000|15|10,2850,46,2,0,91,,220,-1880,5,,190,1140,14;01,2134,46,2,0,0,,-1000,0,9,,920,-10,13
KSDF|1|SDF|Louisville Muhammad Ali~3|81706|42649|153|17R,3623,46,2,1,165.4,,1640,-1370,148,259,-1240,-420,141;17L,2615,46,2,1,165,,1670,380,152,100,-600,1150,144;11,2210,46,2,1,111,,960,-1230,145,,250,1130,146
KTYS|1|TYS|McGhee Tyson~1|58110|60060|299|05L,3048,46,2,1,44.8,,-670,-1150,281,,1090,990,297;05R,2743,46,1,1,44.8,,-1090,-1000,286,,660,1140,293,122
#US|M
K79J|||South Alabama Regional At Bill Benton~g|13088|36062|94|11,1829,30,1,1,107,,190,-760,94,,-200,770,93
KABY|1|ABY|Southwest Georgia~4|15329|58038|60|05,2012,46,1,1,42,,-330,-350,60,,1020,1070,58;17,1585,46,1,1,162,,840,-320,59,,-520,200,60
KAGS|1|AGS|Augusta Regional At Bush~a|33699|80355|44|17,2439,46,1,1,168,,1250,-630,44,,-900,-100,41;08,1829,23,1,1,78,,-390,-470,41,,-50,1450,42
KAHN|1|AHN|Athens Ben Epps~1|39488|66744|246|09,1866,30,1,1,88,,10,-1260,230,,60,560,246;02,1218,30,1,1,21,,-610,70,236,,420,540,245
KANB|1|ANB|Anniston~4|35882|41419|187|05,2134,46,1,1,48,,-640,-860,181,,630,860,187
KAND|1|AND|Anderson~4|44946|72906|238|05,1829,45,1,1,45.9,,-600,-650,229,,550,780,228;17,1523,45,1,0,165.9,,690,-270,238,,-640,130,225
KAVL|1|AVL|Asheville~4|54355|74581|660|17,2439,46,1,1,160,,1100,-450,660,,-960,470,643
KBAK|1|CLU|Columbus~5|92624|41044|200|05,1951,46,1,1,45,,-720,-930,198,,530,670,200;14,1524,30,1,1,135,,500,-630,199,,-470,620,198
KBFM|1|BFM|Mobile Downtown~1|6268|19319|8|14,2932,46,1,1,139,,630,-1180,8,,-1360,830,6;18,2377,46,1,1,180,,1520,220,8,,-620,220,8
KBIX|1|BIX|Keesler Air Force Base|4104|10756|10|04,2326,46,1,1,35,,-850,-700,7,487,860,700,5,305
KBKW|1|BKW|Raleigh County~i|77873|88758|763|01,2057,46,1,1,7.5,,-520,-160,760,,1310,150,746;10,1524,30,1,1,94,,-520,-840,758,,-620,870,762
KBLF|1|BLF|Mercer~8|72958|87923|871|05,1446,30,1,1,41.9,,-490,-540,869,,480,550,871
KBLV|1|BLV|Scott AFB/Midamerica~1|85452|1648|140|14L,3048,46,2,1,136.6,,1100,170,135,,-890,2570,135;14R,2440,46,1,1,136.5,,660,-2670,140,,-930,-750,133
KBMG|1|BMG|Monroe~8|91460|33833|258|17,1981,46,1,1,171.4,,1220,-140,258,,-550,190,255;06,1158,30,1,1,61.6,,-820,-630,253,93,-320,560,256,68
KBQK|1|BQK|Brunswick Golden Isles~1|12588|85335|8|07,2439,46,1,1,65,,-460,-1160,6,,460,1160,6
KBWG|1|BWG|Bowling Green Warren County~4|69645|35803|167|03,1982,46,1,1,29.9,,-580,-530,167,,970,580,158;12,1206,46,1,1,120,,-40,-610,162,,-580,560,162
KBYH|1|BYH|Arkansas~3|59643|560|77|18,3536,46,1,1,180,,1600,0,76,,-1590,0,77
KCAE|1|CAE|Columbia Metropolitan~1|39382|88770|72|11,2622,46,1,1,105,,590,-1480,70,,0,1270,64;05,2439,46,1,1,45,,-970,-100,69,,600,1760,64,305
KCBM|1|CBM|Columbus Air Force Base|36438|15562|67|13C,3659,91,1,1,134,,1160,-1710,59,,-1130,1130,65;13L,2439,46,1,1,135,,1160,-760,59,,-400,1130,67;13R,1926,53,2,1,134,,690,-1600,59,,-480,-150,63
KCEW|1|CEW|Bob Sikes~1|7788|34779|65|17,2440,46,1,1,171,,1090,-200,65,,-1080,200,47
KCGI|1|CGI|Cape Girardeau~4|72253|4292|104|10,1981,46,2,1,105.8,,210,-1090,103,,-280,1050,104;02,1218,30,1,1,21.2,,-450,-200,104,,570,290,103
KCHA|1|CHA|Chattanooga Metropolitan Airport (Lovell Field)|50353|47962|208|02,2256,46,1,1,16.7,,-1260,-370,208,,680,340,203;15,1699,46,1,1,145.5,,990,-450,205,32,-140,500,205
KCKB|1|CKB|North Central West Virginia~1|92966|97719|371|03,2377,46,1,1,23,,-880,-480,361,,890,480,371
KCRG|1|CRG|Jacksonville Executive at Craig~1|3363|84856|12|14,1222,30,1,1,135,,750,-450,10,,-30,440,12;05,1220,30,1,1,45,,-740,-450,12,,40,440,12
KCRW|1|CRW|Yeager~1|83731|84068|299|05,2047,46,1,1,47,,-350,-850,288,,830,760,273;15,1448,46,1,3,141,,210,-460,285,,-810,580,299
KCSG|1|CSG|Columbus~1|25164|50604|121|06,2133,46,1,1,53.8,,-520,-570,115,,610,1260,119;13,1218,23,1,1,127,,230,-920,121,,-430,120,112
KCSV|1|CSV|Crossville Memorial Airport Whitson~a|59513|49150|573|08,1653,30,1,1,73.5,,-210,-880,573,,210,880,569
KCUB|1|CUB|Jim Hamilton L.B. Owens~1|39705|90048|59|13,1527,23,1,1,127,,410,-660,59,,-420,660,55
KDAY|1|DAY|James M. Cox Dayton~3|99024|57806|308|06L,3323,46,1,1,55.3,,-730,-2660,304,,970,530,304;18,2591,46,1,1,178.5,,1490,730,302,,-840,810,307;06R,2220,46,1,1,55.4,,-1140,-300,307,,-50,1750,305
KDEC|1|DEC|Decatur~1|98346|11343|208|06,2590,46,1,1,59.1,,-750,-880,205,,450,1710,208;12,2072,46,1,1,119,,670,-910,207,,-240,1210,207;18,1615,46,1,1,179.1,,690,-870,207,,-770,-840,205
KDHN|1|DHN|Dothan~4|13213|45504|122|14,2591,46,1,1,135,,930,-1200,122,,-720,720,116;18,1677,31,1,1,180,,520,400,120,30,-850,400,115
KDNL|1|DNL|Daniel~a|34665|79606|129|05,1220,30,1,1,45,,-570,-420,114,152,210,510,99,88;11,1138,30,1,1,104,,320,-640,129,99,70,550,128
KDTS|1|DSI|Destin Executive~1|4001|35285|7|14,1524,30,1,1,142,,540,-480,7,,-550,490,6
KECP|1|ECP|Northwest Florida Beaches~3|3571|42046|21|16,3048,46,2,1
KEET|||Shelby~8|31770|32172|179|16,1524,23,1,0,157,,710,-360,175,,-560,270,179
KEGI|1|EGI|Duke~a|6504|34771|58|18,2446,46,1,1,181,,1090,20,58,,-1100,-20,58;180/360,1067,18,1,2
KEVV|1|EVV|Evansville~4|80370|24676|127|04,2445,46,1,1,38,,-640,-350,116,396,1100,1370,127;18,1916,46,1,1,181,,900,-170,121,,-820,-210,117,238;09,1066,23,1,1,91,,130,-640,116,160,110,570,117
KFFO|1|FFO|Wright-Patterson Air Force Base|98261|59517|251|05L,3840,91,1,1,48.9,,-1120,-1680,245,,1150,1700,251;05R,2134,46,1,1,48.9,,-700,-340,246,,570,1540,249
KFTK|1|FTK|Godman Army Air~a|79071|40279|230|18,1580,46,1,1,176.6,,710,180,230,61,-710,280,230;09,1524,46,1,2,96.6,,150,-770,225,,-10,950,222;15,1479,23,1,1,148.3,,460,-600,230,61,-680,290,230;05,579,27,1,0,46,,-30,120,221,,330,580,226
KFTY|1|FTY|Fulton County Airport Brown~a|37791|54786|256|08,1767,30,1,1,79.7,,-40,-870,244,,240,1010,248;14,1267,30,1,3,139,,130,-750,244,,-730,150,255,61;09,854,18,1,2,80,,180,-130,244,,320,770,247
KGMU|1|GMU|Greenville Downtown~1|48479|76498|319|01,1644,30,1,1,4.7,,-740,160,301,,740,200,319;10,1219,24,1,1,91.7,,20,-860,303,81,-10,470,309
KGPT|1|GPT|Gulfport Biloxi~3|4056|9302|9|14,2744,46,1,1,135,,940,-1250,6,,-810,770,7;04,2134,46,1,2,40;18,1504,46,1,1,180,,1040,350,7,,-320,360,8
KGSP|1|GSP|Greenville-Spartanburg~3|48957|77811|294|04,3353,46,1,1,32.2,,-1280,-970,294,,1280,980,294
KGTR|1|GTR|Golden Triangle~4|34503|14086|80|18,2439,46,1,1,180,,900,10,79,,-890,-10,78
KHBG|1|HBG|Hattiesburg Bobby L Chain~5|12648|7472|46|13,1857,46,1,1,131,,570,-750,45,305,-530,730,43
KHKY|1|HKY|Hickory~4|57411|86105|363|06,1951,46,1,1,55,,-610,-780,346,,390,990,362;01,1341,46,1,3,8,,-420,-270,348,,770,-60,356
KHOP|1|HOP|Campbell Army Airfield (Fort Campbell)|66742|25103|175|05,3330,46,1,1,44.2,,-1300,-1540,175,273,1030,1270,175;18,1372,30,1,0,179.1,,300,-670,172,,-940,-640,170
KHRT|||Hurlburt~a|4278|33107|12|18,2926,46,2,1,176,,1430,-60,10,,-1200,160,11
KHSV|1|HSV|Huntsville~3|46362|32256|192|18R,3840,46,1,1,181,,1660,-770,191,,-1800,-840,186;18L,3048,46,1,1,181,,1690,890,186,,-1060,840,180,61
KHTS|1|HTS|Tri-State Airport / Milton J. Ferguson~a|83667|74420|252|12,2139,46,1,1,112.4,,500,-1210,252,,-190,900,252;03,917,18,1,3,22.4,,-730,130,252,,40,530,252
KHUA|1|HUA|Redstone Army Air~a|46787|33152|208|17,2225,46,1,1,169,,980,-220,209,,-990,220,200
KHUF||HUF|Terre Haute Regional Airport, Hulman~a|94515|26924|180|05,2750,46,1,1,47,,-1100,-1560,174,,580,790,178;14,2195,46,1,1,134.9,,820,-280,173,,-570,1520,180;18,1220,46,1,3,180,,890,-230,173,,-210,-230,175
KHXD|1|HHH|Hilton Head~1|22244|93025|6|03,1524,30,1,1,26,,-530,-300,6,91,530,310,4,123
KI39|||Central Kentucky~4|76308|56677|305|18,1524,30,1,1,174.6,,620,-80,294,27,-610,70,305
KILN|1|ILN|Wilmington~j|94279|62079|328|04L,3262,46,2,1,37.3,,-850,-1720,321,,1480,580,328;04R,2743,46,2,1,37.3,,-1350,-290,318,,610,1640,328
KINT|1|INT|Smith Reynolds~1|61337|97780|295|15,2028,46,1,1,145,,510,-430,295,179,-980,880,275;04,1200,46,1,1,31,,-60,-710,290,,870,-30,293
KJKL|||Julian Carroll~1|75939|66827|421|01,1341,23,1,1,8,,-600,-100,412,,590,110,421
KJQF|1|USA|Concord-Padgett~4|53878|92909|215|02,2256,30,1,1,10.5,,-1000,-230,195,,1000,220,213
KLCK|1|LCK|Rickenbacker~3|98138|70722|227|05R,3689,61,1,1,45.3,,-1270,-1420,224,,1060,1640,225;05L,3628,46,1,1,45.3,,-1050,-1630,226,280,1260,1390,226;06,989,18,1,2,46,,120,750,226,,730,1590,226
KLEX|1|LEX|Blue Grass~1|80351|53933|298|04,2135,46,1,1,42,,-740,-840,288,,700,770,296;09,1219,23,2,1,87,,423,-1158,295,,557,219,297
KLOU|1|LOU|Bowman~a|82280|43363|166|06,1328,23,1,1,60,,-260,-570,166,258,350,730,163;15,1091,23,1,1,143,,340,-480,164,63,-450,260,158
KLOZ|1|LOZ|London-Corbin Airport/Magee~a|70822|59151|369|06,1753,46,1,1,52,,-10,-30,369,,950,1530,361
KLSF|1|LSF|Lawson Army Air~a|23325|50120|71|15,3049,46,1,1,144.7,,1050,-850,69,,-1190,1020,69
KLUK|1|LUK|Cincinnati Municipal Airport Lunken~a|91024|55811|147|03R,1860,46,1,1,21,,-970,-60,147,,600,710,145;07,1563,30,1,1,62,,20,-900,147,134,680,690,145;03L,1159,30,1,1,23,,-280,-530,147,,680,-10,146
KLWB|1|LWB|Greenbrier Valley~1|78579|95996|702|04,2135,46,1,1,35.3,,-740,-610,697,,830,790,699
KMCN|1|MCN|Middle Georgia~4|26928|63508|108|05,1981,46,1,1,48,,-680,-1140,101,,520,430,108;14,1524,46,1,1,130,,560,-160,108,,-330,1090,105
KMDH|1|MDH|Southern Illinois~1|77781|7480|125|18L,1983,30,1,1,181.2,,1240,410,123,,-540,360,122;06,1269,30,1,1,60.6,,-260,-680,125,,300,580,123;18R,1066,18,1,1,181.2,,160,-650,123,,-800,-670,125
KMEI|1|MEI|Key Field / Meridian~4|23326|12481|91|01,3049,46,1,1,9,,-1490,-450,87,305,1220,70,89,305;04,1540,46,1,1,44,,-160,-100,88,,750,940,91
KMGE|1|MGE|Dobbins Air Reserve Base|39154|54837|326|11,3049,91,2,1,106.2,,370,-1590,326,,-400,1580,301;110/290,1065,18,1,0
KMGM|1|MGM|Montgomery Regional (Dannelly Field)~1|23006|36060|67|10,2749,46,1,1,96,,180,-1600,67,,-80,1300,59;03,1223,46,1,1,33,,-560,-10,67,,360,690,57
KMKL|1|MKL|McKellar-Sipes~4|55999|10844|132|02,1830,46,1,1,22.2,,-940,-410,132,,580,350,125;11,1079,30,1,1,112.3,,490,-500,124,,120,600,127
KMMT|1|MMT|Mc Entire Joint National Guard Base|39208|91987|77|14,2747,46,1,1,134,,660,-1000,77,,-1060,1140,74;18,1372,46,2,2,181.8,,970,570,,,-260,530;05,619,27,1,1,44.5,,640,-480,,,1030,-20
KMOB|1|MOB|Mobile~4|6912|17572|67|15,2591,46,1,1,144,,1110,-1120,65,,-790,470,65;18,1334,46,1,1,180,,340,630,66,,-860,630,65
KMQY|1|MQY|Smyrna~1|60090|34799|166|14,2450,46,1,1,139.1,,880,-860,166,,-790,920,158;01,1690,30,1,1,4.1,,-840,-100,158,,680,30,159
KMSL|1|MSL|Northwest Alabama~4|47451|23870|168|11,2040,46,1,1,114,,390,-400,165,,-360,1630,168;18,1219,30,1,1,181,,580,-270,164,,-520,-310,165
KMWA|1|MWA|Veterans Airport of Southern Illinois|77512|9834|144|02,2442,46,1,1,22.7,,-280,-140,138,,1750,920,142;11,1523,30,1,1,107.7,,10,-20,138,,-410,1630,143
KMXF|1|MXF|Maxwell Air Force Base|23829|36342|52|15,2441,46,1,1,148,,850,-730,52,,-1030,630,51;009/189,919,18,1,0,7,,-150,190,,52,680,100,,51
KNBC|||Beaufort MCAS - Merritt~a|24774|92768|11|05,3719,61,1,1,41.8,,-680,-730,11,,1810,1910,4;14,2439,61,1,1,135.2,,720,-820,10,,-840,1010,7;10,1958,46,1,2,90,,-180,-1180,,,-180,900;18,1201,46,1,2,180,,430,-760,,,-660,-760
KNDZ|||Whiting Field Naval Air Station South~1|7044|29770|54|14,1829,61,1,1,137,,-140,0,52,,-1350,1300,51;09,1829,61,1,2,90,,-410,380,53,,-410,2240,52;18,1829,61,1,2,180,,730,880,52,,-940,880,52;05,1828,61,1,1,47,,-980,370,49,,140,1760,52
KNIP|1|NIP|Jacksonville Naval Air Station (Towers Field)|2358|83194|6|10,2744,61,1,1,101,,-420,-1240,7,305,-410,1620,2;14,1822,61,1,1,135,,680,170,4,833,-480,1520,3
KNMM|||Naval Air Station Meridian / McCain~a|25531|14459|96|01L,2439,61,2,1,9,,-2270,-1700,78,,-90,-1290,90;01R,2438,61,2,1,9,,660,170,83,,2840,580,97;10,1951,61,2,1,99,,-420,-40,91,,-700,2020,93
KNPA|1|NPA|Naval Air Station Pensacola Forrest Sherman~a|3527|26814|9|07L,2439,61,1,1,68,,-190,-1050,7,,620,1310,5;07R,2438,61,1,1,68,,-370,-970,7,,440,1390,5;01,2175,61,1,1,6,,-1070,-300,9,,880,-50,5
KNQA|1|NQA|Millington-Memphis~1|53567|1297|98|04,2439,46,1,1,38.9,,-860,-860,84,,850,830,98;14,1478,46,1,2,142.2,,270,-220,90,,-780,770,92;18,1295,61,1,2,185.6,,10,750,,,-1150,610
KNRB|1|NRB|Naval Station Mayport / Admiral David L McDonald~a|3911|85753|5|05,2439,61,1,1,43,,-780,-850,4,,830,880,4
KNSE|1|NSE|Whiting Field Naval Air Station - North|7242|29781|61|05,1830,61,1,1,47,,-890,-1110,52,,230,290,56;14,1829,61,1,1,137,,600,-650,61,,-600,650,49;09,1829,61,1,2,94,,-230,-1560,51,,-340,330,49;18,1829,61,1,2,180,,360,-480,60,,-1250,-480,54
KOGB|1|OGB|Orangeburg~5|34568|91405|59|17,1646,30,1,1,167.3,,380,-240,53,,-1070,150,57;05,1374,30,1,1,42.3,,-40,-440,52,,870,550,59;13,853,50,4,2,121.7,,900,-80,59,,510,670,59
KOWB|1|OWB|Owensboro Daviess~8|77401|28332|124|18,2438,46,2,1,178,,880,-100,124,,-900,-10,122;06,1524,30,1,1,52,,-410,-620,123,,440,740,123
KOZR|1|OZR|Cairns AAF (Fort Rucker) Air~a|12757|42866|92|18,1532,46,1,1,181,,890,80,92,,-490,50,90;06,1386,46,1,1,61,,-510,-700,90,,100,570,90;14,1372,46,1,2,134,,970,-460,,,100,570
KPAH|1|PAH|Barkley~4|70608|12262|125|04,1981,46,1,1,44,,-730,-770,125,,560,770,116;14,1676,46,1,1,139,,560,-430,119,,-580,790,123
KPAM|1|PAM|Tyndall Air Force Base|696|44246|5|14R,3081,46,1,1,134,,780,-1280,4,,-980,780,5;14L,3050,61,2,1,134,,1040,-900,4,,-880,1360,4
KPDK|1|PDK|DeKalb Peachtree~1|38763|56979|306|3R,1829,30,2,1,21,,-770,-190,304,,770,500,300,304;16,1209,46,1,1,157.4,,640,-340,304,,-370,160,302;3L,1142,46,1,1,20.5,,-740,-350,302,,230,80,298;09,1031,46,1,3,86.4,,-260,-530,305,,-200,590,298;H1,17,17,2,1,,,1531,-423,304
KPIB|1|PIB|Hattiesburg Laurel~4|14671|6629|91|18,1982,46,1,1,180,,900,0,91,,-890,10,90
KPKB|1|PKB|Mid Ohio Valley~4|93451|85608|262|03,2207,46,1,1,22,,-730,-420,246,,1000,480,262;10,1220,46,1,1,95,,-180,-750,253,,-280,660,255
KRHP|||Western Carolina~4|51952|61370|517|08,1676,30,1,1,71.3,,-240,-880,513,,250,870,518
KRMG|1|RMG|Richard B Russell~1|43506|48420|196|01,2137,46,1,1,4.9,,-780,-150,193,,860,30,190;07,1371,30,1,0,69.9,,-220,-780,196,76,200,620,191;14,1096,23,1,2,134,,290,-240,193,,-390,620,192,152
KRYY|||Cobb County International Airport-McCollum~a|40132|54028|317|09,1919,30,1,1,88.8,,-20,-1020,313,327,20,1060,304
KSGH|1|SGH|Springfield-Beckley~5|98403|61598|320|06,2746,46,1,1,54.2,,-520,-1120,320,,920,1480,316;15,1676,30,1,1,144.2,,280,-860,318,,-940,290,317
KSME|1|SME|Lake Cumberland~4|70534|53841|283|05,1768,30,1,1,43,,-440,-510,279,,720,840,281
KSPI|1|SPI|Abraham Lincoln Capital~1|98441|3221|182|04,2439,46,2,1,41.5,,-720,-850,179,,920,1040,182;13,2255,46,1,1,127,,540,-970,180,183,-610,1030,178;18,1615,46,1,1,180,,620,-160,180,,-830,-200,179
KSSC|1|SSC|Shaw Air Force Base|39727|95294|73|04L,3052,46,2,1,34.7,,-1100,-1090,73,,1160,790,73;04R,2443,46,2,1,34.7,,-940,-560,72,,870,950,72
KSSI|1|SSI|St Simons Island~1|11518|86087|6|04,1702,30,1,1,36,,-660,-810,4,305,630,290,5;16,1010,23,1,1,154,,440,240,5,,-380,700,4
KSVN|1|SVN|Hunter Army Air~a|20100|88543|12|10,3467,60,1,1,92,,60,-1860,5,,-60,1800,9
KTCL|1|TCL|Tuscaloosa National~1|32206|23886|52|04,1981,46,1,1,41,,-1050,-780,47,,300,620,50;12,1219,30,1,1,117,,860,-460,51,,370,720,50
KTLH|1|TLH|Tallahassee~3|4012|56457|25|09,2438,46,1,1,89,,-990,-220,19,,-970,2310,15;18,2134,46,1,1,179,,1040,-470,25,,-630,-450,18
KTOI|1|TOI|Troy Municipal Airport at N Kenneth Campbell~a|18604|39879|121|07,1889,30,1,1,69,,-170,-980,119,,320,530,120;14,1531,30,1,1,143,,480,-280,121,,-620,700,112
KTRI|1|TRI|Tri-Cities Regional TN/VA~1|64752|75926|463|05,2438,46,1,1,42.6,,-990,-1170,454,,630,670,463;09,1354,46,1,1,89,,310,-310,463,,330,1200,460
KTUP|1|TUP|Tupelo~4|42681|12301|105|18,2179,46,1,1,180,,890,0,104,,-890,0,105
KUOX|1|UOX|University Oxford~1|43843|4632|138|09,1707,30,1,1,91,,10,-930,126,,-10,930,137
KVAD|1|VAD|Moody Air Force Base|9678|68070|71|19L,2835,46,2,1,180,,1400,220,71,,-1150,190,63;19R,2439,46,1,1,180,,1150,-220,70,,-1050,-240,67
KVLD|1|VLD|Valdosta~4|7825|67233|62|18,2439,46,1,1,171,,800,150,60,,-910,470,61;04,1706,30,1,1,36,,-460,-850,61,,790,200,60;13,1108,23,1,3,126,,150,-510,61,,-440,420,60
KVPS|1|VPS|Destin-Fort Walton Beach~1|4813|34842|27|12,3659,91,1,1,120,,750,-3640,27,,-880,-330,16;02,3052,91,1,1,12,,-850,-210,15,,1850,460,18
KVQQ|1|VQQ|Cecil~1|2187|81233|25|18L,3811,61,1,1,180,,1630,260,24,,-1810,290,22;09R,2439,61,1,1,90,,-300,-1500,24,,-290,1040,20;18R,2439,61,1,0,180,,1630,40,24,,-570,60,22;09L,1353,61,1,0,90,,-110,-1500,25,,-100,1040,20
KWRB|1|WRB|Robins Air Force Base|26401|64081|90|15,3658,91,1,1,144,,1340,-1150,90,,-1330,1140,84
KZZV|1|ZZV|Zanesville~5|99444|81079|274|04,1524,46,1,1,33.8,,-540,-380,273,,610,620,265;16,1523,23,1,1,152.5,,580,-530,264,,-630,290,273
#US|S
00AL|||Epps~j|48648|32297|250|01,640,27,4,0
00GA|||Lt World~1|37675|59317|213|09,792,24,4,0
00KY|||Robbins Roost~1|74094|53803|386|01,640,30,4,0
00SC|||Flying O~1|40094|97328|46|08,884,30,4,0
00VI|||Groundhog Mountain~1|66633|95005|817|09,457,15,4,0
01AL|||Ware Island~1|29460|34861|105|N/S,732,18,4,1
01GE|||The~h|26751|72289|114|10,780,15,4,0
01J|||Hilliard~j|6856|80937|18|18,1097,38,4,1,,,530,-10,18,242,-390,130,18
01LL|||Schumaier Restricted Landing Area|81258|5361|169|02,488,21,4,0
01SC|||York~1|50321|87472|237|18,786,36,4,1
01TN|||Colonial Air Park|49959|2694|113|18,823,30,4,0
02AL|||Bass~a|3715|22356|19|18,610,46,4,0
02FD|||Triple R~b|9510|33644|64|1,1049,46,4,0,,,-340,-40,58,,610,70,64
02GA|||Doug Bolton~a|42026|65710|269|13,457,30,4,0;08,366,30,4,0
02GE|||Etowah Fields~1|41753|50756|216|09,1036,30,4,0
02SC|||Harpers~1|27602|87741|34|04,1097,46,4,0
02TN|||Ellis~a|57804|34145|256|11,488,37,4,0
03GA|||HIA~1|25616|81449|73|10,607,20,4,0;11,596,18,4,0
03KY|||Flying H Farms~1|77961|24614|117|03,701,24,4,0
04I|||Columbus Southwest~1|99115|68114|280|06,726,37,4,1,,,-230,-420,280,,160,390,280
04KY|||Natchez Trace~h|71351|42106|216|15,518,9,1,0
04TN|||Hensley~j|61833|73211|436|01,914,12,1,0
05FA|||Melanie's~1|9189|37817|90|08,899,30,4,0
05GA|||Raju~1|20714|52856|191|18,671,18,1,0
05IN|||Cooper~1|96420|34958|262|08,610,30,4,0
05IS|||Hardy~1|97259|7360|184|09,610,30,4,0
06OI|||Green Acres~1|97348|56178|279|09,688,14,4,0,,,,,,,,,,15
06TN|||Hunter~1|56970|30422|195|5,610,15,4,0
07GA|||Alcovy~1|36743|62354|229|09,518,24,4,0
07GE|||Pope Pate~a|15557|67215|102|3,567,23,4,0
07IN|||Gray~1|95737|40861|229|N/S,567,24,4,0
07KY|||Blue Lick~1|80806|43067|162|11,610,30,4,0
07NC|||Hawks Meadow~1|48332|92488|191|08,610,15,4,0
08GA|||Sapelo Island~1|14258|87141|4|03,1524,46,4,1
08IS|||Hemmer RLA Restricted Landing Area|79778|7971|122|18,402,21,4,0
08KY|||Boss~1|69726|53739|250|09,762,18,4,0
08MS|||Midsouth~j|46615|1304|105|07,1135,15,1,1,70,,-100,-460,,,250,710
08NC|||Whiteheart~h|60676|95344|229|18,975,15,4,0,,190,,,,107
08NR|||Bell Mountain~1|52175|75740|655|2,427,12,4,0
09GA|||Sunbelt Strip|11210|63294|70|09,732,21,4,0
09II|||Gibbons~a|84473|35550|268|E/W,488,30,4,0
0AL1|||Resort~1|4439|23431|30|17,805,21,4,0
0AL5|||Flomaton~1|10322|27472|75|15,671,30,4,0
0AL9|||Wilson Creek~1|48505|23665|180|09,671,15,4,0
0FD3|||Dugger~a|4964|39062|21|13,1219,12,4,0;08,640,15,4,0
0FD5|||Breezy Knoll~1|8202|36556|72|09,640,30,4,0,,,,,,122,,,,152
0FD9|||Joy Farms~1|6521|38906|88|04,602,18,4,0
0GA0|||Halls Flying~b|33562|56329|244|01,655,15,4,0
0GA1|||Mustang~a|44779|71029|211|13,610,23,4,0
0GA2|||Airnautique, Inc.~1|43779|70543|219|08,792,18,4,1
0GA3|||Ayresouth~1|37701|49392|392|18,610,30,4,0
0GA6|||Sunset Strip|37334|61812|238|15,640,46,4,0
0GA8|||Paso Fino~h|8803|65856|61|03,914,30,4,0
0GA9|||Roberta Industrial Park~1|27139|59725|154|07,1067,38,4,0
0GE0|||Pinewood~1|37821|51992|331|02,610,9,4,0
0GE1|||Crystal Lake~j|16655|65529|100|04,914,12,5,0
0GE3|||Lookout Mountain~1|49047|45403|172|06,610,15,4,0
0GE5|||Mountain~j|45618|62865|438|N/S,762,40,4,0
0GE7|||Carpenter~1|35203|76275|137|01,914,27,4,0
0GE9|||Pegasus~b|26939|82014|70|03,610,30,4,0
0I2|||Brazil Clay~8|94767|29003|197|09,896,12,1,1,91,,10,-520,197,189,0,520,192,135
0II7|||Frost~a|97956|42139|274|N/S,762,30,4,0
0II9|||Winters~1|95326|34233|230|18,488,23,4,0
0IL2|||Griffin~1|88031|10022|165|18,488,30,4,0
0IL7|||Davis Restricted Landing Area|97829|14533|208|18,617,30,4,0,,,279,-2,,,-276,1
0IN1|||Snider~a|85000|24041|122|15,610,23,4,0,,,,,,91,,,,91
0IN9|||Parrish~1|79932|20515|119|E/W,732,30,4,0
0J0|||Abbeville~5|16001|47616|143|17,888,24,1,1,,,400,-40,,91,-390,90
0KY0|||Owen Air Park|86228|52211|271|13,701,24,4,0
0KY1|||Arnemann Farms~1|67656|33817|154|10,1039,23,1,0,98,,50,-540,,,-60,540
0KY4|||Cambron~a|75644|29181|130|18,511,23,4,0
0KY5|||Boyce Wafer~h|68123|36226|183|07,853,30,4,0
0KY7|||Clinton-Hickman~8|66361|10014|110|N/S,671,18,4,0
0MS0|||Topton Air Estates~1|24750|13833|138|04,975,30,1,0,40,310.3,-340,-330,,,340,340,,116
0MS2|||Morgan~a|15418|6083|91|18,701,23,4,0
0MS9|||Shenandoah Valley Farms~1|38007|9727|91|12,975,15,4,1
0NC8|||Flying S~b|57557|92647|253|03,701,30,4,0
0OI2|||Unger~a|93598|65823|287|14,671,24,4,0
0TN0|||R & S Buzzard~1|56767|31033|247|17,533,30,4,0
0TN5|||McDonald~1|58677|35021|183|09,716,30,4,0
10GA|||Beaverbrook~e|33251|57017|277|15,640,46,4,0
11FL|||Williams~a|437|81148|27|18,914,61,4,0,,,,,,305
11II|||Himsel Army~9|93393|39702|216|18,1231,22,1,0,176.9,,800,-110,,,-320,-40
11IN|||JR's~1|98192|34618|290|E/W,823,27,5,0
11OA|||Hide-A-Way Hills Resort~1|96431|75332|238|11,701,30,4,0
12II|||Pentecost~1|98563|50265|311|E/W,762,23,4,0
12IN|||J & S~a|81186|23525|142|08,588,15,4,0
12KY|||John M. Foree~1|84603|48314|260|13,762,30,4,1
12SC|||Over the Hill~1|41414|92533|76|11,518,30,4,0
12TN|||Meadowlake~1|58237|54612|229|05,792,12,1,1,,,,,,149
13GA|||Oak Ridge Plantation~1|13666|62451|107|16,1036,46,4,0
13GE|||Holt~j|23608|76819|85|11,792,18,4,0
13MS|||Greener Pastures~j|6333|3361|55|18,914,30,4,0
13NR|||Dusenbury~a|62976|98379|197|14,579,15,4,0
14KY|||Blue Haven~h|81737|56317|300|13,683,23,4,0
14MS|||Rose~a|23453|9658|122|08,1067,23,1,0,79.6,,-90,-550,,,80,560;03,488,23,4,0,30,,-190,-130,,,190,130
14P|||Boggs~a|88238|86512|283|10,1387,23,1,1
15A|||Mark Reynolds/North Mobile~8|9094|20039|18|03,610,55,4,1
15FL|||Cannon Creek~j|1506|73321|38|18,1067,8,1,0,180,,800,150,,116,-170,150;09,792,15,4,0,90,,-60,100,,93,-60,820
15GA|||Darla's~1|26802|75210|100|12,762,23,4,1
15IN|||Bugtown~1|81506|21597|141|18,457,23,4,0
15KY|||Brennan~h|81570|56984|277|11,774,30,4,0
16FL|||J-22~b|7252|27992|61|18,882,69,4,0
16IS|||Kellums~1|75776|9914|219|03,671,21,4,0
16OH|||Maci's Landing|94830|71865|245|01,610,24,4,0
16SC|||Horseshoe Landing~1|46275|81010|183|16,1158,61,4,0
17GA|||Panther Creek~1|34667|51339|259|09,762,15,4,0
17IN|||Pruss~1|89784|48903|271|NE/SW,945,18,4,0
17KY|||Lester~9|73939|27411|134|17,610,23,4,0
17OI|||Haas~1|92264|66824|229|13,585,27,4,1
17TN|||Murphy~a|62994|73958|524|08,457,15,4,0;03,305,15,4,0
18FD|||Skypark Estates Owners Assoc~1|8534|33328|76|09,919,46,4,0,,,,,,274
18GA|||Sleepy Hollow~1|36932|63423|229|16,792,7,1,0
18GE|||Lefty's Landing|20455|75324|70|16,683,30,4,0
19GA|||Willow Pond Aviation Inc~1|34240|55016|265|14,914,20,4,1
19KY|||Charlie Bravo's~1|87065|53998|287|18,671,18,4,0
19SC|||Sexton~1|43534|81907|181|15,671,30,4,0
19TN|||Ferraraccio~a|64931|28126|189|08,671,12,4,0
19VA|||Flying W~1|68888|76994|536|N/S,488,15,4,0
1AL2|||Tri-L Acres~1|32486|34025|177|05,1143,18,4,0
1AL4|||Elsanor~1|5437|24396|55|09,732,30,4,0
1AL8|||Moore~a|36111|35256|223|17,610,30,4,0
1DS|||Dry Swamp~1|33861|90932|55|02,884,18,4,0,,,,,,274,,,,274
1FL3|||Z~b|344|72179|23|07,792,30,4,0,,,,,,265,,,,282
1GA0|||Eagle Neck~1|16394|86710|3|2,1141,12,1,1
1GA2|||Flying N Estates~1|31754|52522|265|17,927,18,4,1
1GA4|||Southern Agricultural Aviation~1|23285|82446|55|09,610,30,4,0
1GA5|||Shilo Farms~1|9310|66165|64|17,960,23,4,0,,,,,,15
1GA8|||South One Ten~1|11785|67735|69|17,914,21,4,0
1GA9|||Aerie~1|37616|63473|253|NW/SE,610,91,4,0
1GE2|||C & W Air Park|28444|54561|398|10,732,46,4,0
1GE3|||Answered Prayer~1|32542|48294|271|10,610,24,4,0
1GE4|||Beckley Farms~1|25011|60667|130|09,732,12,4,0
1GE6|||Daystar Strip~1|13738|78925|32|14,879,16,4,0
1GE7|||Hay~a|35172|65603|198|12,914,15,4,0
1GE9|||Waverly Landing~1|27144|52819|206|09,884,30,4,0,,,,,,,,,,61
1I3|||Shawnee~a|90427|29973|153|18,658,46,4,1
1II0|||Webster~1|95767|44122|277|E/W,518,30,4,0
1II3|||Davis~1|89579|26054|152|18,488,46,4,0
1IL1|||Horsefeathers~b|92416|5734|199|01,640,31,4,0,,,,,,,,,,122
1IN4|||Robinson~j|81434|40149|236|09,610,9,4,0
1IN5|||Bottoms Brothers~1|82848|26180|166|18,671,30,4,0
1IS2|||Triple Creek~1|98964|14777|203|N/S,724,21,4,0
1IS3|||Cribbet~1|96956|9405|189|09,695,24,4,1,,273.1
1J9|||Fort Walton Beach~1|4063|31709|7|18,640,20,4,0
1KY7|||Jordan Hill~h|78325|58192|277|18,610,38,4,0
1LL5|||Justison~1|92428|4492|198|18,655,30,4,0
1M3|||Ardmore~1|49792|31167|280|01,823,30,4,0
1M7|||Fulton~1|65259|10844|122|09,1220,23,1,1
1MS2|||Peterson~1|29428|700|73|04,640,15,4,0
1MS6|||Eagles Ridge~1|47964|868|80|10,914,37,4,0
1MS8|||Columbus Air Force Base Auxiliary Field (Gunshy)|29401|14208|79|13,1921,46,3,0,133,,600,-750,,,-580,750
1NC2|||Atwell~1|56547|92106|253|18,518,18,4,0
1NC6|||Arant~1|50560|95499|163|15,853,21,4,0
1NC8|||Lonesome~a|55158|97419|203|01,686,46,4,0
1OA4|||Kepes Flying~a|99236|63383|329|11,488,23,4,0
1OA5|||Double J~1|92195|60473|296|09,732,30,4,0
1OA6|||Frith~1|93362|59542|277|09,905,46,4,0
1OH8|||Lisbon~9|98667|63667|354|05,549,23,4,0
1OH9|||Lewis~1|89351|66006|263|08,975,24,4,0,,,,,,,,,,152
1OI6|||Stone~1|97701|55834|298|09,762,15,4,0,,,,,,61
1SC1|||Lagniappe STOL~a|46537|74450|267|16,405,12,4,0
1SC2|||Gwinn~a|39338|92039|119|10,640,23,4,0
1TN0|||Cedar Crest~a|62464|36966|165|18,792,23,4,0
1TN3|||Wagner~a|51397|37778|297|18,579,15,4,0
1VA1|||Micro~1|67352|95512|891|08,1530,21,4,0,,,-120,-470,903,,310,1150,885
20FD|||Pratt~1|4255|64240|30|17,936,30,4,0,,268,,,,244,,,,244
20GA|||Earl L. Small Jr. Field/Stockmar~1|37565|51153|338|10,1372,15,1,1,97,,80,-810,324,,-60,700,333
20II|||Kay Air~1|95872|37244|198|09,549,23,4,0,,,,,,,,,,91
20IN|||Canary's~1|95139|39486|232|09,762,18,4,0
20KY|||Madi's Meadows~1|88157|53260|268|05,549,30,4,0
20NC|||Mountain View~1|55924|89441|311|03,610,15,4,0
21KY|||Lincoln~h|75376|42625|238|03,518,18,4,0
21OI|||Clearwater~j|91281|59073|276|07,808,9,4,0;17,567,15,4,0;H1,30,30,4,0
22GA|||Riverside~1|44293|49456|189|08,713,18,4,0
22II|||Lewis~1|79172|22386|113|18,686,30,4,0
22MS|||Sky Landings~1|8365|14294|79|13,914,23,4,0
23GE|||Lt Landing~1|23831|69000|87|14,610,27,4,0,,,,,,137,,,,244
23KY|||Barnes~h|72308|16814|152|05,792,23,4,0
23MS|||Smith Farms~1|6774|14488|15|9,785,21,4,0
23WV|||Bocamanu~1|80258|90172|762|08,488,76,4,0
24FL|||Garcon~a|4956|29132|5|09,1006,15,4,0,,,,,,183
24KY|||Williams~h|72167|25694|126|N/S,671,24,4,0
24LL|||Lambert~1|80859|5397|155|NE/SW,549,21,4,0
24NC|||Mc Gee~a|51272|95250|168|09,762,18,2,1,,,,,,122
24SC|||The~h|39358|85703|177|13,792,55,4,0
25GA|||Miller~h|36598|53369|229|09,610,23,4,0
25IL|||Holzwarth Flying Service~1|95164|1304|207|09,805,30,4,0
25SC|||Mountain Ridge~1|49609|76629|299|05,594,18,1,0,,326
26NC|||Boonville~1|62229|92844|306|01,457,15,4,0
27AL|||Little Texas~1|24535|44418|152|10,610,18,4,0,,,,,,282,,,,164
27IS|||Gelfius~3|81489|13297|162|13,549,21,4,0
27MS|||Jolly~a|27582|5913|118|15,757,15,4,0,,,264,-206,109,,-257,202,118
28A|||Goose Creek~1|51210|94127|172|04,716,11,1,1,,,,,,37
28II|||Cedar~h|79747|39438|138|13,1219,12,4,0
28IS|||O K Flying Club Inc~1|91948|6882|203|N/S,610,24,4,0
28KY|||Brandon Airdrome~1|65759|16866|160|01,640,24,4,0
28LL|||Williamson~1|94603|11316|192|18,579,21,4,0
28NR|||Dry Pond~1|53475|80050|344|8,442,23,4,0
29GA|||Rolling Meadows~9|33843|53681|246|18,549,43,4,0
29SC|||Hannah Rhea~a|29014|91464|27|18,549,21,4,0,,,,,,91
2A8|||Addison~5|42170|28416|240|04,802,34,4,0
2AL1|||Collier~j|4241|22222|23|15,884,30,4,0
2AL3|||Emerald Mountain~1|24554|38808|111|06,838,24,4,1,,309
2AL5|||Flying J~b|43928|43350|436|E/W,587,30,4,0
2AL6|||Dale O. Galer~e|4920|18027|12|18,640,46,4,0,,,,,,64
2AL7|||Mount Aero Lake~h|40628|32769|191|18,792,27,4,1,,,,,,,,,,76
2AL8|||Finkley~h|24211|47519|126|10,732,30,4,0
2B6|||Hollister~a|94376|62917|332|05,976,24,4,0,,319.6,,,,28,,,,172;13,814,24,4,0,,186,,,,76,,,,223
2FL0|||Crystal Village~1|4569|43140|34|03,1067,23,4,0
2FL3|||Folsom~1|6690|49164|47|18,762,30,4,0
2GA0|||Kennedy Intranational~1|35265|63620|212|10,1163,15,4,0
2GA1|||Poole~h|36807|61473|253|17,610,61,4,0;12,427,24,4,0
2GA2|||Swaids~a|23946|87193|26|02,914,15,4,0
2GA5|||Windrift~e|30418|55679|238|17,975,24,4,0
2GA8|||Shannon Flight Strip|43498|49231|206|03,488,30,4,0
2GA9|||Lenora~1|38046|60037|287|06,853,30,4,0
2GE3|||Smith~a|36759|67386|156|3,791,30,4,0
2GE7|||Petty Farms~1|49581|52208|232|01,762,15,4,0
2GE8|||Andy Fields~1|34642|53367|299|N/S,457,23,4,0
2IG4||OTN|Ed-Air~1|88518|25001|130|18,1394,30,1,1,179.5,335,750,0,,,-840,20
2J9|||Quincy~5|5979|54426|67|14,906,23,1,1,136,,230,-270,67,,-290,330,63
2KY4|||Oz~1|76555|41866|250|14,893,26,4,0
2KY5|||Womstead~a|83750|68453|320|16,923,12,1,1,156,,390,-220,,,-390,220
2LL5|||Justus~1|99986|19400|209|18,488,21,4,0
2MS9|||Kimmel Land & Cattle~1|38300|10772|81|18,762,46,4,0
2NC0|||Mountain Air~1|58687|76582|1351|14,884,16,1,0,136,,294,-377,1351,,-245,250,1337
2NC1|||Hawk's Knoll~1|49974|91991|212|14,549,30,4,0
2NC6|||Flying M~1|57996|96038|258|18,543,61,4,0
2OA2|||Mackie's~1|92479|60836|303|09,884,20,4,0
2OA4|||Victory~a|99314|60911|322|09,606,46,4,0
2OA7|||Utter~a|88514|58944|271|18,739,15,4,0
2OH7|||Jbr~1|89112|59740|288|14,564,15,4,0,,,,,,,,,,183
2OH8|||Port-O-John~1|97953|67768|282|NE/SW,762,23,4,0
2OH9|||Caesar Creek Soaring Club Gliderport|94767|59062|287|09,853,46,4,0
2OI2|||Air Jordan~1|95611|59481|280|01,427,24,4,0
2SC5|||Ridgewood Air~1|42917|79461|171|08,945,12,1,0,80,,-70,-490,,,70,520
2SC8|||Gaston~1|37858|89079|140|11,1021,30,4,0
2T2|||Percival Springs~1|90139|14611|168|18,610,30,4,1
2TN2|||Wings~a|52213|8098|165|18,728,14,4,0
2TN7|||Wolf Creek~1|58044|55842|271|05,732,18,4,0
2TN8|||Soggy Bottom~1|60180|40640|177|01,632,15,4,0,,319,,,,108,,,,122
2WV3|||Hales Landing~1|91163|86075|198|07,945,23,4,0
2WV5|||Willow Bend~1|75454|94658|655|03,469,12,4,0
30GA|||Elliott~a|44590|58187|457|14,1713,12,1,1,140,318.7,440,-450,,,-440,450
30GE|||Papas Place~1|41940|68054|219|14,655,20,4,0
30NC|||Happy Bottom~1|60486|95431|215|16,823,15,4,0
31A|||Sugar Valley~1|59844|94884|223|02,739,8,1,1,,219.1;02W/20W,610,30,12,0
31GE|||Tailwind~b|28192|65922|119|6,762,24,4,0
31KY|||Wild Blue~1|81099|56613|271|16,853,23,4,0
32GA|||Sebastian Cove~1|34542|67222|149|08,823,15,4,0
32II|||Roberts~1|88164|48937|250|07,610,30,4,0
32MS|||Browns Landing|11942|475|117|18,762,46,4,0
32NR|||Sandy Creek~1|56187|92870|241|3,747,23,4,0
33A|||Fairview~1|51573|78777|319|14,844,9,1,1,,298
33GA|||Hudson River Landing~1|42600|67133|203|01,610,15,4,0
33IS|||Howell~1|95445|12424|205|N/S,564,61,4,0
33NR|||Skyline Peak~1|59390|74845|1386|04,1067,23,1,0
34KY|||Lone Pine~e|69125|32172|219|18,744,15,4,0,,224.1,,,,152,,,,107;10,494,15,4,0,,349,,,,61
35IS|||Enoch~1|95284|12360|206|18,799,27,4,1,,347
35KY|||Welcome~a|67115|33640|212|11,610,30,4,1,,285.5
35NC|||Johnston~1|55383|92486|218|16,640,30,4,0
35NR|||Friendship~a|58305|74807|718|5,488,15,4,0
36AL|||Hidden Springs~j|14920|44656|105|17,914,18,4,0
36GA|||Lola Landing~1|37242|60239|265|N/S,457,30,4,0
36II|||Newby Landing~1|98412|36514|268|01,549,30,4,0
36KY|||Arnolds~1|76556|48462|257|14,686,27,4,0;06,640,30,4,0
36TN|||Ruckman~a|64718|28643|201|13,549,18,4,0
37I|||Troy Skypark~1|99909|57295|283|05,1052,30,4,1,114,,,,,69,,,,300
37LL|||Dale Curten~h|80478|29|187|06,533,21,4,0
38AL|||Sawtooth Plantation~1|21683|45962|107|4,873,30,4,0
38II|||Hampton~a|97286|31775|273|01,732,24,4,0,,,,,,91,,,,91
38IN|||Fuller~a|99020|36369|277|09,610,38,4,0;H1,27,27,2,0
38OH|||Industry Air Park|98448|74204|267|18,777,18,4,0
38OI|||Ronshausen~1|96849|69296|229|09,914,27,4,0
38SC|||La Dolce Terra~1|51778|82522|271|05,701,30,4,0,,237
38TN|||Sugar Grove~1|66255|37270|244|11,579,15,4,0
39TN|||Big Sandy~j|62726|19594|193|03,914,15,4,0
3AL1|||Flying H~b|10504|43147|80|06,549,46,4,0
3AL5|||Edwards~h|38353|42361|229|03,518,23,4,0
3AL8|||Flint River~b|46192|35331|180|17,814,9,4,0
3EV|||Skylane~1|80117|24053|116|18,679,43,4,0,,,330,0,116,,-280,-30,116
3FK|||Franklin Flying~a|94264|39417|226|03,732,11,1,1,,,-290,-280,224,38,280,140,220,50
3FL8|||Hart~1|9463|47262|38|05,762,30,4,0
3GA1|||Prattsburg~1|27282|56431|169|E/W,533,23,4,0
3GA3|||Warren~a|48711|45625|569|04,457,9,4,0,,355.1,,,,61,,,,61
3GA5|||Diamond R~b|36378|50595|370|10,549,18,4,0
3GA6|||Erlen~1|35706|51017|318|N/S,701,23,4,0,,262.5,,,,152,,,,152
3GA8|||Cauley's~6|23294|73650|77|09,457,46,4,0
3GA9|||Vintage~a|31335|56226|266|16,716,30,4,0
3GE3|||Broad River Air Park|44124|68194|210|07,914,12,2,0,70,202,-180,-830,,,90,120
3GE8|||Prater~b|38436|75212|140|14,975,43,4,0,,271,,,,111
3II1|||Shenandoah Flying~a|94167|33642|219|15,914,24,4,0
3IL1|||Silver Creek Gliderport|89253|3378|181|18,762,61,4,0
3IN1|||Weimer~a|98193|44310|302|18,792,37,4,0,,,,,302,,,,300
3IN6|||Holloway~a|85883|44942|229|18,783,37,4,0,,302.4,,,,171,,,,70
3IS1|||Mc Coy~1|97028|7904|187|18,792,30,4,1,,189
3IS3|||Noland Farms~1|97392|8539|183|E/W,610,30,4,0
3IS5|||Holmes Southeast~1|96854|4013|180|E/W,899,30,4,0
3IS6|||Davy Jones Private~1|82228|11161|152|02,541,21,4,0
3J6|||Davis~a|7975|79724|21|18,762,15,1,1,,233,230,-50,,,-460,-60,,198
3KY3|||Mason Valley~1|80383|46406|155|14,457,61,4,0
3KY4|||Craw Daddy Landing~1|86728|48172|140|15,1006,27,4,0,,,,,,61
3KY9|||Miles~a|81223|48738|259|05,610,23,4,0
3LL1|||Herschel Hunter~1|82238|2933|143|N/S,549,46,4,0
3LL3|||Kibler~1|94461|23555|179|N/S,434,21,4,0,,,,,,,,,,91
3LL6|||Bickel~1|83350|2303|162|18,675,30,4,0
3LL8|||McLeansboro~1|80760|14616|126|18,549,18,1,0
3LL9|||Compton~1|88042|3911|163|15,488,30,4,0
3LS7|||Bock Farms~1|99864|4883|180|18,526,32,4,0
3M5|||Moontown~1|47473|35386|198|09,664,49,4,1
3MO4|||Penman~1|64505|3717|87|S/N,792,30,4,0,176,,370,0,,,-360,50
3MS1|||Thomas~a|48064|5385|148|12,975,18,4,0
3MS5|||Mitchells~1|33002|1860|98|N/S,762,23,4,0
3MS8|||Fairview Farms~1|29422|16365|52|NE/SW,1097,18,4,0
3MS9|||Union~5|25810|8630|156|10,777,61,4,0
3NC0|||Clyde Valley~1|56904|82877|335|16,533,15,4,0
3NC1|||Welborn~h|62054|93416|314|14,549,23,4,0
3NC3|||Tucker~a|52469|95925|197|06,549,15,4,0
3NC4|||Mc Donald~a|50535|95910|166|03,1219,30,4,0
3NC5|||Flying Bj~1|58122|89300|305|18,610,23,4,0
3NC6|||Mc Cachren~a|53118|93558|172|09,701,7,4,0,,,,,,91,,,,122
3NR3|||Transylvania Community~1|52703|73558|643|09,885,15,1,0
3OH0|||Andy Barnhart~i|99303|59866|273|09,610,9,1,1;10,610,46,4,1
3OH1|||Morningstar North~1|96973|54573|299|14,732,30,4,0
3OH7|||Creager~1|90301|59534|273|08,579,30,4,0
3OH9|||Merts~a|95620|61422|308|18,518,24,4,0,,,,,,61,,,,91
3R8|||Scottsburg~1|86573|42098|183|02,838,30,4,0,,257,-310,-230,184,61,390,150,183
3RU|||Rust~6|33326|55981|247|E/W,838,37,4,0,,,30,-340,,,20,560
3SC4|||Crooked Fence~h|47713|80118|197|08,924,15,1,0,59.9,,-160,-430,,,290,520
3TN3|||Wayne's World~1|62646|12445|134|18,884,23,4,0
3TN6|||Wilson~a|50968|7194|133|13,914,12,1,1,,229
3TN9|||Holenthawall~1|66133|31897|197|17,640,24,4,0
40I|||Red Stewart~9|95053|58781|291|08,958,46,4,0,,293,,,,,,,,165
40IN|||Cherry Hill~1|90742|38458|227|16,1128,23,4,0
40KY|||Rooster~a|82934|47950|256|11,610,12,4,0
40TN|||Cloud 9~e|63475|67327|332|9,823,15,2,0
41IG|||Parker~a|99725|30024|238|6,610,24,4,0,,,,,,,,,,152
41NC|||Sloop~1|55220|94776|247|04,610,23,4,0,,,-231,-170,247,,226,203,235
41NR|||Monarch~a|59271|94281|244|18,701,30,4,0
41TN|||Stonewall~j|59008|37928|232|03,932,24,4,0
42KY|||Pirates Cove~1|67764|17777|116|18,775,10,1,1,179,240,420,-10,,,-410,10
42TN|||Oliver Landing~1|64119|17344|145|10,853,30,4,0,,324
43IN|||Hepler~1|81375|23236|140|09,792,27,4,0
43MS|||Circling Sky~e|25717|9|74|09,716,21,4,0
43NC|||Bahnson~1|60208|94836|247|01,914,30,4,0,6,212,-410,-50,,,410,50,,253
43OA|||Anderson~9|95814|59072|287|09,427,30,4,0,,,,,,122,,,,122
43SC|||Flying Changes Farm Ultralight Flightpark|50195|74535|277|6,457,15,4,0
43TN|||Roseanne~1|56220|39841|320|10,411,6,5,0
44KY|||Duff~1|73522|66579|250|10,701,9,1,0
44NC|||Broadway~9|55433|93481|198|09,671,61,4,0
44SC|||4 Holes~a|34819|92230|56|2,1026,23,1,1,16,,-440,-161,55,,449,144,56
45FL|||Moss Meadows~1|2374|70935|47|02,701,15,4,0,,293,,,,152,,,,300
45IN|||Aerobatic Practice~1|89964|42520|208|17,610,15,4,0,,,,,,152
45OH|||Boober~1|89760|57805|260|3,488,24,4,0
45TN|||Darnell's Landings~1|65067|72883|351|03,549,8,4,0
46MS|||Circle Bar~b|12950|150|128|09,732,12,1,0
46NC|||Brown~a|48928|96267|122|09,457,91,4,0
47GA|||Everidge~1|22207|61441|137|N/S,762,24,1,0
47GE|||Flylander~h|44822|46956|228|3,563,24,4,0
47IN|||Mann~1|89884|24819|130|18,792,21,4,0
48FL|||Mc Kinnon~j|8141|25250|69|18,725,30,4,0,,,,,,183
49FD|||Watson~h|6119|53583|84|14,610,23,4,0
49II|||Reinoehl~a|96098|29847|244|02,579,12,4,0
49IN|||Drake~1|91317|26180|152|02,671,30,4,0
49MS|||Gray~a|28045|10620|162|9,884,15,4,1
4AL6|||Bonner~a|5583|23473|32|18,488,49,4,0
4AL7|||Leon's Landing~1|47447|43102|436|16,610,30,4,0
4AL8|||Milton~1|44906|33267|195|13,683,61,4,0,,,200,-290,195,,-210,260,194
4AL9|||T W Spear~i|19747|37061|134|04,887,9,1,0,,252,,,,,,,,46
4FL0|||Turkey Scratch Plantation~1|4036|61900|35|18,914,23,4,0,,321.6
4G7|||Fairmont Municipal Airport Frankman~a|94482|98330|314|5,871,23,1,1,37,,-320,-310,314,152,310,300,308
4GA1|||Thacker~a|30448|56017|280|18,853,15,4,0
4GA6|||Chattahoochee Air Park|36623|53199|229|14,975,30,4,0
4GA7|||Kitchens~a|31346|57467|244|E/W,610,24,4,0
4GA8|||Andrews~1|14155|52870|75|18,914,18,4,0
4GA9|||Ebeneezer~1|42423|59429|375|09,427,30,4,0
4GE0|||Millhaven~1|29360|83379|50|13,1036,41,4,0;07,572,24,4,0
4GE1|||Viola~h|7237|54589|87|08,610,30,4,0
4GE3|||Whitehall~1|24994|68171|107|07,1224,21,4,0
4II3|||Oleo~1|97364|32703|265|18,442,15,4,0
4II6|||Gettlefinger~a|83792|39184|250|18,914,30,4,1,,320,,,,,,,,120
4II8|||Willis~1|97256|42851|268|09,1067,30,4,0
4IL4|||Kuebler~1|90564|11839|189|09,853,30,4,0,,226,,,,,,,,305
4IL8|||Rendleman~1|77563|6167|152|10,762,24,4,0
4IN4|||Wilson~1|99767|28188|216|18,701,23,4,1,,238.6,,,,,,,,122
4IS5|||Smith Restricted Landing Area|82584|619|128|E/W,488,21,4,0
4IS9|||Weidner~1|90859|411|203|09,844,30,4,0
4KT4|||Steele's Bottom~1|88287|51827|151|18,488,30,4,0
4KY1|||Creek Side Landing~1|68945|42248|222|08,518,15,4,0
4KY4|||Moseley~a|75925|27189|120|01,610,23,4,0
4KY7|||Mueller~h|88235|53137|271|08,488,18,4,0
4LL9|||Alan B. Janssen~1|93437|5763|196|E/W,604,23,4,0
4MS0|||Payne~1|23006|1410|109|08,701,21,1,0
4MS3|||Jeter~a|49560|6060|158|17,914,24,4,0
4MS4|||Spearman~a|41577|12398|82|18,457,15,4,0
4MS5|||Bird Nest~1|10014|14830|95|18,747,30,4,0,,221,,,,244
4NC0|||Boyd's Hawks Creek~1|58985|93838|248|11,610,18,4,0
4NC3|||Taylorsville~1|59308|88033|332|09,732,23,4,0
4NC6|||Cane Creek~1|54414|75178|640|04,817,49,4,0
4NC8|||Buffalo Creek~1|54224|93794|183|15,792,23,4,0
4OI9|||Baisden~1|91022|73893|223|16,792,30,5,0
4SC7|||Wexford Landing~1|35783|84883|107|04,1280,61,4,0
4TN2|||Buck Creek~b|58834|50305|549|11,671,23,4,0
4TN3|||Hawks Nest~1|51183|6322|125|18,1219,18,4,0,,259,,,,91,,,,91
4TN4|||Cotton~a|51900|3614|105|13,792,30,4,0
50FD|||Cattle Creek~b|5182|48012|37|05,640,30,4,0,,334,,,,,,,,91
50FL|||Odom's Flying Service~1|8533|27606|75|18,805,18,1,0
50GA|||Mallory~a|9508|67658|62|18,610,30,4,0
50II|||Way West~1|97734|32451|271|09,975,24,4,0
50KY|||Zanzibar~h|81298|56698|279|07,671,18,4,0
50M|||Puckett Gliderport|56894|33850|238|14,671,44,4,0,,,,,,183
50NC|||Ervin~9|55450|93314|276|17,747,27,4,0
50TN|||Paris Landing~j|63523|16495|122|18,792,9,1,0,,,,,,,,,,213
51GA|||Smith~a|35081|53995|280|01,549,30,4,0
51TN|||Glendale~a|55331|30231|229|15,610,15,4,0
52IN|||Higginbotham~a|93414|24686|138|18,762,30,4,0
53FD|||Charlotte's~a|4775|59653|24|10,564,30,4,0
53GA|||Dawson~a|41678|47414|206|06,1189,23,4,0,,331.6,,,,91
54AL|||Belforest~a|5975|21786|46|16,701,24,4,0,,,277,-177,46,,-269,191,43
54KY|||Rudenberg~a|67311|17528|107|10,838,18,4,0,,285.3,,,,,,,,30
54M|||Wolf River~1|50540|4200|94|18,947,30,4,0,,193.1,430,20,92,305,-420,-30,93
55FD|||Dotson~1|8185|33120|77|09,646,30,4,0,,333,,,,229
55GE|||Rostex~1|49798|52581|270|01,610,9,1,0
55NR|||Fivepoints~a|52140|97056|136|9,594,23,4,0
56AL|||Beechwood~j|47728|28254|197|18,802,18,4,0
56FD|||North American Farms~1|9646|49306|40|18,1341,46,1,0,180,293,610,0,,,-600,0
56FL|||Buchanan~1|8760|27925|75|02,884,61,4,1,,293
56NC|||Wheat~a|52067|79681|293|09,457,24,4,0
57AL|||Baswell~1|6532|22763|58|15,427,23,4,0
57GA|||Blue Ridge Skyport~1|48631|56062|593|18,945,9,1,0,180,,430,0,,,-420,0
57II|||Reimer~e|99642|34325|283|E/W,549,24,4,0
57IS|||Dozier~1|83167|17277|128|E/W,488,21,4,0
57KY|||Belcher~4|73694|76758|518|04,914,46,4,0
57NC|||Sossamon Field (Unused)|54265|65418|591|10,690,15,1,0
57OI|||Logan's Chance~1|99967|61453|335|09,457,30,4,0
58II|||Eagles Nest~1|95209|41005|235|18,716,24,4,0
58KY|||Willow Island~j|81209|46681|226|09,411,18,4,0
58NC|||Fox Haven Plantation~1|53484|79471|244|09,610,24,4,0,,,,,,61
58TN|||STOL-It~h|55442|22552|274|15,432,30,4,0
59II|||Posey Patch Ultralightport|79039|22097|113|05,518,15,4,0;09,396,30,4,0,,,,,,76;09W/27W,244,12,12,0,,,,,,,,,,61
59KY|||Samuels Springs~1|78978|44448|210|03,838,34,4,0
59OH|||Kelch~1|89753|59658|276|08,579,23,4,0
5A2|||Warner Robins Air Park|25593|63251|125|09,863,40,4,1,,,130,-640,,,140,280,,91
5AL1|||Mc Gowin~a|16807|33181|122|17,914,30,4,0
5AL3|||Flying X~b|31529|31486|142|17,762,30,4,0
5AL5|||Big River~j|46919|23486|154|18,914,15,1,1,180,,330,-140,,,-490,-140
5AL7|||John H Hataway~1|12500|38333|91|18,549,18,4,0
5AL8|||Fairlane~1|11050|40069|69|13,701,21,4,0
5FD1|||Ron Wood~1|4313|47100|43|04,945,24,4,0,,,,,,183
5FL8|||Chipola~j|8882|48323|38|18,869,107,4,0,,252,,,,91,,,,232
5GA0|||Gable Branch~1|32276|54556|256|01,549,15,4,0
5GA2|||Lyons Landing~1|35729|50893|329|09,914,30,4,0,,325,,,,183
5GA3|||Eagles Landing~1|31601|56348|299|18,1067,30,4,0;13,762,30,4,0
5GA4|||Air Acres~1|41059|55515|280|18,610,30,4,0
5GA5|||Pinebrook Estates~1|32598|56506|250|18,853,30,6,0
5GA6|||Roney Farms~1|21499|61387|107|09,884,24,4,0
5GA7|||Panacea~1|32012|47710|244|08,762,15,4,0
5GE1|||Peachtree Landings~1|25703|62781|136|18,823,30,4,0
5II1|||Layne~a|97828|33825|276|18,853,30,4,0
5II2|||Miles~a|95598|38650|242|N/S,762,18,4,0
5II8|||Jacobi~1|84101|38711|229|E/W,549,30,4,0
5II9|||Aero Plaines~1|93528|26266|174|09,747,61,4,0,,298,,,,146,,,,152
5IL2|||Panther~a|80633|6126|132|18,610,21,4,0
5IS3|||Riverveiw~1|80784|204|149|09,556,24,4,0
5IS4|||Corman Acres~1|97661|12205|216|18,607,21,4,0,,344,,,,,,,,152
5J5|||Holly Hill~1|33010|96060|29|04,1189,23,4,0
5KY4|||Standard~a|68018|28236|203|13,893,23,4,0,137,,380,-330,,,-210,330
5KY5|||Lowe~1|68624|22100|152|18,960,12,1,0,181.1,,440,-20,,88,-410,-40
5KY7|||Spring Creek~j|66388|48357|302|17,1006,18,1,1,166,210,360,-90,,82,-550,180
5KY8|||Harold Reynolds~1|78897|50722|262|03,427,18,4,0
5LL0|||Beckerman~a|84084|21625|129|18,591,30,4,0
5LL1|||Hilvety~1|96500|10249|205|17,641,30,4,0,,,,,,152;09,543,30,4,0
5LL2|||Paul E. Kroenlein~1|96084|11416|216|E/W,762,21,4,0;N/S,396,21,4,0
5LL3|||Mayhall~1|97695|19047|196|E/W,716,37,4,0
5MS2|||Turkey Bayou~j|2508|5490|3|09,610,6,2,0
5MS3|||Porter~1|11750|1969|48|09,610,18,4,0
5MS5|||Mint Julep~j|5452|5372|30|03,1768,38,4,0,30,,-600,-400,,,590,390
5MS8|||Ball~1|38726|12760|91|17,762,21,4,0
5NC1|||Tara Airbase~1|57932|94877|230|18,640,23,4,0
5OI0|||Rohrer~1|92842|57887|244|07,503,15,4,0
5R7|||Roy E. Ray~1|4544|17888|24|18,610,46,4,0
5TN4|||Mcgraw's Backyard~1|56706|58842|280|15,610,15,4,0
5TN9|||One Grand~a|61139|44050|305|09,762,30,4,0
60IS|||Nelson Private~1|84006|20114|128|16,1219,30,4,0
61GA|||Pea Patch~e|33018|78277|132|18,762,61,4,0
61IN|||Wilkerson's~1|87137|43964|223|18,777,18,4,0
61KY|||Schroder~1|85501|52367|277|17,579,18,4,0,,300,,,,30,,,,148
61LL|||Smith Restricted Landing Area|87731|4064|162|09,488,21,4,0
62AL|||Skywest~j|6835|16280|46|11,752,30,4,1,,233
62GA|||Seven Lakes~1|33246|60837|192|18,893,40,4,0
62OH|||Willard~a|96945|75325|250|18,1036,18,4,1
63GE|||Westbrook~1|20474|52599|168|18,975,30,4,0
63II|||Woods~a|95051|39697|229|18,503,23,4,0
63OH|||White's~1|97028|69061|248|15,853,23,4,0
63TN|||Providence Landing|54385|55993|296|5,481,15,4,0
64GA|||Big T~1|32835|54612|274|16,625,46,4,0
64GE|||WCC~1|37269|46881|291|9,1344,12,5,0
64I|||Lee Bottom~1|86312|45564|143|18,1244,30,4,0,,196,580,-90,144,,-530,130,141,244
65MS|||Maverick Hill~1|45647|1159|104|18,518,18,4,0,180,,230,0,104,,-230,0,94
65TN|||Roach~h|63342|73383|533|05,671,18,4,0
66GA|||Sawyer~h|14747|49972|107|09,518,18,4,0
66KY|||Mc Grew~1|75076|37945|219|10,732,46,4,0
66TN|||Basham~a|55234|41535|335|09,817,15,4,0,,,49,-443,,,-52,449
67GA|||Apalachee Bluff~j|38593|64123|224|06,701,15,4,0
67II|||Schoettmer~h|93714|44078|267|18,549,24,4,0
67SC|||Lanes Landing|29482|92337|24|12,622,30,4,0,,,150,-430,24,,-70,190,23
68FD|||Maran~1|5222|46233|69|09,1609,15,4,0
69FD|||Unicorn Place~1|8447|37186|79|10,599,15,4,0,,332.6,,,,,,,,294
69NC|||Clute's Hilltop~1|54334|81540|329|08,671,37,4,0
6AL0|||Flying Tigers Winery & Resort~1|36272|45704|269|9,549,18,4,0
6AL5|||Big Sky Farms~1|27395|37748|161|9A/27D,1219,18,1,0,,,,,140,,,,161
6AL6|||Hawthorn Pines~1|13873|19055|46|10,762,46,4,0
6GA0|||Stoney Point~a|41326|58006|351|15,762,30,4,0
6GA1|||Fagundes~a|32000|54183|263|18,671,30,4,0
6GA4|||Spring Valley~h|37971|61487|280|06,914,30,4,0
6GA5|||Kolibri~1|35794|50972|335|01,610,30,4,0
6GA8|||Flying W Farms~1|35078|48144|308|15,671,12,4,0
6GE2|||Rainbow~a|28328|54622|238|18,549,18,4,0,,301,,,,15,,,,15
6GE4|||M K~a|31687|51700|264|13,486,30,4,0
6II2|||Willis Site Number 2~1|97334|42767|269|E/W,427,51,4,0
6II7|||Bergs~1|98832|34182|297|18,549,23,4,0
6II8|||Godahavit~1|86545|27172|151|02,671,30,4,0
6IL5|||Keil~1|73864|8396|160|01,564,30,4,0
6IN2|||Whelen~1|94936|43514|265|18,792,30,4,0
6IN4|||Fischer~a|94660|43007|255|09,732,21,4,0
6IN6|||Mershon~1|95489|35233|265|16,914,30,4,0
6IN8|||Mcminn~1|95286|46833|325|18,549,23,4,0,,341,,,,,,,,30
6IS8|||Trisler~1|99895|20947|205|09,689,21,4,0
6J6|||Edgefield~8|37368|81804|186|11,805,26,4,0;15,483,17,4,0
6KY3|||Flying C Farms~1|83286|47858|259|01,686,23,4,0,,271
6KY4|||Adair~1|67533|40461|265|09,549,23,4,0
6KY6|||Jeffries~h|83606|46369|245|04,457,24,4,0
6LL0|||Williamson~1|93189|15750|202|N/S,655,23,4,0
6LL4|||Wildy~a|82669|1065|137|18,579,30,4,0
6LL5|||Smith Restricted Landing Area|97895|88|193|E/W,671,30,4,0
6LL6|||Fischer's RLA Restricted Landing Area|84917|3366|134|N/S,732,30,4,0
6MS1|||Woodbridge~1|24558|303|99|09,1219,20,4,0;18,853,18,4,0
6NC1|||Little Mountain~1|55918|89196|314|03,914,12,1,1,31,234,-370,-160,,,340,350
6NC2|||Wilhelm~1|55112|94419|229|15,472,30,4,0
6NC4|||Brown~1|59057|88605|357|06,427,12,4,0;16,366,12,4,0
6NC8|||Marchmont Plantation~j|59382|96155|223|06,762,18,4,0
6SC1|||Lesesne~1|33692|97767|25|07,762,27,4,0
6TN1|||Weakleys~a|64062|29178|215|18,1027,18,4,0,,197,,,,91
6TN4|||The Aviation Valley~1|54219|37097|271|14,549,30,4,0
6TN7|||St. Somewhere~1|50239|7950|168|08,914,61,4,0
6TN9|||Dripping Springs~h|60614|27528|222|14,427,18,4,0
6VA4|||Summit~1|72844|99311|314|12,427,18,4,0
6VA9|||Bush~1|68426|97616|457|15,853,30,4,0
6W0|||Wade F Maley~a|94070|97233|293|05,690,14,4,0
70AR|||Randal~a|59943|30|74|09,732,23,4,0
70II|||Nasby~1|95222|43139|253|09,457,24,4,0,,316.2,,,,24,,,,24
70IN|||Lewis~9|91817|48487|301|18,823,24,4,0
70KY|||Vine Grove~1|78159|40353|207|11,823,18,4,0
71AL|||Sells~1|18086|34759|116|18,549,18,4,0
71IN|||Morgan~9|86659|39942|281|18,518,23,4,0
71KY|||Sunrise Acres~1|90348|51273|142|15,488,30,4,0
72GA|||Barbour Island~1|15836|87668|3|06,792,30,4,0
72KY|||Carr~1|67653|58007|337|06,457,15,1,0
73II|||Nulltown Wingnuts Ultralightport|95717|48414|233|NE/SW,610,18,4,0
73IN|||Benham~1|89766|29773|152|16,402,46,4,0,,,,,,,,,,94
73KY|||Brooks~a|80333|41992|146|06,655,24,4,0
74FD|||Clarksville~1|4637|48203|27|05,792,30,4,0
74FL|||Jefferson Landings~1|5846|62921|37|18,1949,30,4,0,,,,,,375,,,,547
74KY|||Terry~a|68987|11533|113|18,762,12,4,0
75D|||P W Johnson~i|96840|91377|193|01,640,22,4,1
75FL|||Sandy Creek~j|1027|45204|4|09,968,18,4,1,90,,-20,1100,,91,-20,2320
75KY|||Hisle~a|79442|60022|235|02,853,21,4,0
75NR|||Hamptonville~1|60920|92110|313|2,583,18,4,0
75WV|||Nicholson~1|91659|93492|307|08,518,9,4,0,,212.3
76FD|||Peavy Farms~1|6705|55859|82|16,853,17,4,0
76GA|||Landings East Sylvania~1|27439|83859|47|08,1097,15,4,0
76KY|||Buzzard's Roost~1|80148|51584|235|E/W,442,30,4,0
77GA|||Toland~1|31631|57897|244|13,732,46,4,0
77KY|||One Oak~1|81112|61265|305|17,488,23,4,0
77OH|||Collins-Flege~j|93628|56587|262|18,457,23,4,0
77TN|||Darnell's~a|65092|73183|351|17,457,8,4,0
78A|||Swan Creek~1|62024|91319|346|10,792,38,4,0;02,281,38,4,0
78GA|||C&R~h|35043|49828|309|02,762,15,4,0
78I|||Pam's Place~1|95008|33081|242|10,1106,30,4,0,,,60,-470,,227,-70,810,,229
78TN|||Earhart Landing|55839|56863|285|6,750,38,4,1
79GA|||Coates~1|14913|49829|94|17,518,27,4,0
79II|||Sauer-Harter~1|98834|42975|283|18,792,24,4,0
79KY|||Lucas~a|78713|53895|276|09,1673,30,2,1,93.6,,40,-950,276,160,-50,940,274,155
79MS|||Thornton~a|15955|5029|117|01,610,21,4,0
7A9|||Peterson~a|20887|56275|160|18,992,70,4,1,181,,440,10,160,,-450,-10,160
7AL9|||Horak~1|4669|24584|34|18,762,30,4,0
7B4|||Miller Farm~f|98845|74109|283|09,991,15,4,1,,,,,,82,,,,84
7FD9|||Estherbrook~e|6230|67143|30|18,610,20,4,0
7GA2|||Alyssas Animal Sanctuary Air Park|7776|67943|70|09,762,30,4,0
7GA3|||Hacienda De Gay~6|26633|79247|100|17,610,24,4,0
7GA4|||Danville~j|25810|67323|140|09,732,18,4,0
7GA9|||Smisson~a|35706|51022|318|N/S,716,30,4,0
7GE5|||Sunset Strip|33592|48825|226|04,610,23,4,0
7II3|||Schroeder Private~1|80034|22436|117|17,671,18,4,0,,,,,,61
7IN3|||Garrett~a|82396|22129|122|09,732,24,4,0
7IN6|||Myers~h|85819|37464|244|11,518,27,4,0
7IS7|||Hammock~a|89141|3302|181|18,738,21,4,0
7KY2|||Ryan~a|88027|53381|271|05,549,15,4,0
7LL3|||Jasper County Flying Club~1|89306|18441|175|18,1026,30,4,0
7LL9|||Brammeier~1|82617|5291|162|N/S,583,21,4,0
7MS1|||Eagle Crest Estates~1|26035|198|85|18,1158,24,4,0
7MS3|||Maidment~a|47109|2808|113|17,640,30,4,0
7NC7|||Lewis~6|63798|98259|198|10,518,12,4,0
7OA7|||Skydive Greene County Inc~1|96792|61292|322|E/W,1067,23,4,0;18,797,46,4,0;09,686,15,4,0
7TN0|||Blue Bird~a|64356|29086|215|18,579,15,4,0,,237.6,,,,274
7TN1|||Krashinsky~9|53206|41464|303|10,1036,76,4,0
7TN3|||Stones River~1|59708|36069|164|15,632,30,4,0
7TN4|||Pegasus~a|51728|4375|116|08,914,24,4,0,,321.1,,,,122,,,,256
7TN5|||Flying D~1|51338|8132|145|17,457,23,4,0,,275.6
80AL|||Sunflower~b|21337|32242|104|8,704,11,1,0
80C|||Lone Hickory~1|60604|93098|305|16,610,18,4,0
80GA|||Murphy's Landing~1|32591|51551|250|07,610,15,4,0
80KY|||David Lowe~1|73962|27645|142|16,518,30,4,1,,272,,,,,,,,30
80TN|||Big T~1|58267|56700|274|05,518,30,4,0
81GA|||Lucky Lairds Landing~1|36409|50951|344|05,503,18,4,0
82GA|||Paces South Farms~1|28088|76147|84|02,1067,15,4,0,,357.2,,,,213
82KY|||Woodledge~h|82834|45181|207|12,518,24,4,0,,230,,,,61
83FL|||Nassau~1|6188|84663|6|12,960,18,2,1,120,324,220,-430,,,-210,430
83GA|||Brock~j|9997|54939|40|18,1052,30,4,0
83IS|||Prairie~1|84264|8688|168|18,853,27,4,0
83LL|||Lindauer~1|83036|1449|133|17,488,21,4,0
83NR|||Wootens~1|57112|90304|288|9,616,18,4,0,,,,,271,,,,288
83TN|||Highland Ridge~a|65110|40611|288|4,738,30,4,0
84AL|||Blessings Landing Air Ranch|13031|44729|122|04,549,18,4,0
84TN|||Elkins~a|62117|59717|300|6,480,15,4,0
85FL|||Thomas Farms~1|9693|29484|66|09,640,30,4,0
85IL|||Durbin~1|96369|13806|202|18,805,24,4,0,,354,,,,76
85KY|||Deer Run~j|84703|48614|271|14,945,18,4,0
86GA|||Flying G~b|48679|49389|258|03,610,30,4,0
86TN|||Dumplin~a|60165|64559|305|5,945,30,2,0
88GA|||Epic~a|27523|51981|236|2,610,23,4,0
88NC|||Corriher~a|56325|93147|256|18,610,12,4,0
88TN|||Piney Creek~1|54245|42207|597|10,914,15,1,0,,,,,,152
89IN|||Milhon~1|95112|36153|187|06,914,29,4,0
89NR|||Georgia Road~a|59774|93570|271|10,823,12,4,0
8A7|||Twin Lakes~1|59149|95432|249|09,897,15,1,1,88,,-10,-500,236,,20,490,249
8FA1|||Clark~a|530|77582|37|9,610,18,4,0,89,,-10,-310,37,,0,320,37
8FD1|||Buckner~1|988|70724|27|18,762,30,4,0
8FD3|||Blackwater~9|8777|31456|61|18,1219,30,4,0,,0.6,,,,,,,,457
8FL6|||George T Mc Cutchan~1|6735|31481|49|18,610,46,4,0
8GA1|||Gum Creek~1|34212|48381|326|06,716,20,4,1,57,,10,20,326,107,10,20,326
8GA3|||Leesburg Spraying~1|17752|58751|79|18,945,23,1,0
8GA6|||S & S~f|31614|56795|274|18,762,44,4,1,,244
8GA7|||Etowah Bend Gliderport|42020|50228|189|17,1158,18,4,0
8GA8|||Falcons Aerie~1|35773|49970|360|17,610,18,4,0
8GA9|||Brook Bridge~e|32768|55892|250|02,905,46,4,0
8GK|||Gallatin~8|86795|50711|253|6,1524,23,2,1
8I1|||Robinson~1|86945|48017|148|09,509,15,4,0,,318.2,30,-250,148,46,-20,330,146,108
8II0|||Allen and Gloss~1|88570|48987|268|03,549,24,4,0
8II1|||Careferre Acres~1|91831|28739|158|09,402,20,4,0,,270,,,,183
8II2|||Norris~a|96526|51336|331|09,762,30,4,0,,359.8,,,,,,,,91
8IN2|||Robinson~a|96233|39686|256|09,715,19,4,0
8IN7|||Brush Creek~1|90453|44847|251|09,640,9,4,0,,322,,,,244
8IN9|||Marcidale~1|96856|33978|261|18,610,18,4,0
8IS1|||Nelson~1|93083|71|187|09,975,24,4,0
8KT8|||Cherry Hill~1|83319|49220|268|15,455,27,4,0,,,,,,130,,,,101
8KY6|||Caintuckee~1|89344|54335|283|10,610,20,4,0
8LL7|||Donald A. Hamilton~1|95945|4055|184|18,579,18,4,0
8M7|||Tradewater~1|71859|23250|123|18,876,24,4,0
8MS2|||Godspeed~j|42343|14928|107|9,1189,27,4,0
8NC2|||Twin~j|52892|82143|305|14,762,37,4,0
8NC9|||Western North Carolina Air Museum~1|53079|75657|635|14,732,30,4,0
8OA7|||Bald Eagle~a|95571|82194|207|04,689,20,4,0,,,-260,-350,207,,140,270,207
8OI5|||Clum~1|98817|75854|340|01,488,24,4,0
8OI9|||Morkassel~a|90992|68834|259|03,419,20,4,0
8TN1|||Parker~1|51964|3731|114|18,427,9,4,0
8TN2|||Pleasant Grove~j|53991|34452|259|10,914,18,4,0
8TN4|||Flaglor~1|62447|70311|346|15,671,20,4,0
8TN5|||Nobuzzn~1|64860|30890|198|10,579,46,4,0
8TN6|||Rachel's Landing~1|59216|36550|171|18,610,23,4,0
8TN7|||Short Creek~1|64020|20080|119|07,780,9,4,0
8TN8|||Field of Dreams Ultralightport|55417|1286|76|16,457,9,4,0
8TN9|||Bull Run~1|55151|3212|115|06,523,18,4,0
8WV3|||Snowshoe~1|85061|99766|994|10,1408,61,4,0
90IN|||Mc Daniel's~a|94089|35558|183|09,610,27,4,1,,242
91GA|||Flying Frog~g|32736|52067|277|17,549,20,4,0
91IS|||Stanton~1|98237|4960|177|18,747,30,4,0
91TN|||Powder Mill~a|63139|29539|191|14,610,15,5,0
92A|||Chilhowee Gliderport|52265|54151|235|03,792,61,4,0,,315,,,,122,,,,61
92GE|||Midville~3|28453|77292|81|13,792,24,4,0
92TN|||Freedom~a|56503|38924|362|12,746,15,4,0
93FA|||Psycho~a|8034|32632|66|18,611,24,4,0
93FD|||Chumuckla 20-20~1|7546|28225|62|18,914,30,4,0
93IN|||Foltz~h|95886|42639|250|18,457,37,4,0,,270,,,,61
93KY|||Baggett Farms~1|74708|27467|123|17,573,20,4,0
93TN|||Center~a|63608|75496|518|14,610,15,4,0
94IS|||Adams Private~1|79015|8591|125|N/S,518,21,4,0
94KY|||Woosley~1|75006|26706|122|15,488,20,4,0
94TN|||Airborne Acres~1|52965|28880|311|17,909,9,4,0
95FA|||Spirit of Suwannee~1|4011|70436|28|1,564,23,4,0,5,,-250,-40,28,,260,20,25
95GA|||McIntosh~a|34559|50570|235|04,756,15,4,0
95IL|||Henderson~1|74852|16000|148|03,838,30,4,0
95IN|||Stewart~a|88875|41736|168|08,610,46,4,0
95KY|||Crawford Ultralightport|74203|56308|374|05U/23U,573,18,4,0
95SC|||Buckeye~a|33718|85360|94|13,730,15,4,1
96AL|||Bent Oak~1|8277|21108|27|18,427,61,4,0
96GA|||3-M's~1|31858|56319|271|18,914,61,4,0
96IS|||Hildreth Air Park|98750|21550|223|N/S,805,21,4,0
96KY|||Woosley~g|75527|27275|142|09,549,30,4,0
97GA|||B Tree Farms~1|42682|63279|305|10,701,46,4,0
97TN|||Kite~a|62786|74142|442|04,853,15,4,0,,222
98GA|||Circle T~1|32057|60876|166|13,914,9,4,0
98SC|||Cowtown~1|32278|88231|76|2,823,18,4,0
98TN|||Landing At River'S Edge|61425|63958|311|14,914,15,1,0,,279
99SC|||St. Mathews~1|36892|93114|85|14,805,34,4,0
9A9|||Shiflet~a|57207|79902|369|10,1018,55,4,1,,275.4
9FD7|||Fort Atkinson Plantation~j|1965|66884|27|09,914,18,1,0
9FD9|||Buddys Ag Service~1|1224|70321|30|01,780,30,4,0,,178.2,,,,290
9FL0|||Suwannee Belle~1|924|69146|15|02,838,26,4,0
9FL2|||Saranac~h|6525|55253|70|18,960,76,4,0
9FL8|||Finlayson~h|6166|63476|46|09,914,30,4,0
9GA0|||Brown~a|30571|56576|263|09,701,27,4,0,,358,,,,76
9GA1|||Briar Patch~1|24493|86622|30|16,792,30,4,0
9GA3|||Young~a|18398|55184|122|E/W,792,34,4,0
9GA5|||Lowell~a|20582|57098|145|09,488,18,4,0
9GA6|||Brookline - Meadowmere~1|30998|65952|152|06,610,30,4,1,,0.3
9GA8|||Chinaberry~b|26936|71011|90|12,457,27,4,0
9GA9|||Deerfield Landing~1|32181|66828|136|16,884,15,4,0
9GE7|||Neely Farms~1|35314|62081|219|15,640,37,4,0
9I3|||West Liberty~1|79145|67479|285|07,732,18,1,0
9II8|||Francis~1|90861|46289|280|07,701,15,4,0
9IN4|||Bandmill~a|85344|24083|122|18,610,30,4,0
9IN7|||Zupancic~a|93548|36926|201|09,610,18,4,0
9KY9|||Paintsville-Prestonsburg-Combs~a|77457|72220|190|13,987,23,1,0,124,360,260,-540,,,-210,330
9LL2|||Hepp~1|80337|4207|154|E/W,543,30,4,1,,359.5
9LL5|||Tommy's~j|96511|5414|181|18,671,30,4,0
9MS9|||Beets~1|12025|2502|73|18,610,23,4,0
9NC3|||Edwards~1|50708|94336|195|06,808,30,4,0
9NC7|||Willow Creek~1|53697|95600|174|12,701,24,4,0
9NR4|||Wolf Pit~1|53551|95685|163|3,457,15,4,0
9OA3|||Bellville Dam~f|90834|82224|180|09,610,15,13,0
9OA5|||Buckeye Executive~1|99612|74593|279|01,842,8,1,1,3,,-330,-20,276,58,430,30,279,54
9OI3|||Johns Landing~1|98986|78897|305|09,884,23,4,0
9TN1|||Versailles~e|57300|34622|261|06,610,18,4,0
9TN2|||Meadowlark~1|61639|17947|140|01,579,15,4,0,10,1,-260,-50,,,260,60,,120
9TN4|||Foreman~a|64577|30540|215|09,686,24,4,0
9TN5|||Askey~a|54582|30427|247|16,503,46,4,0
9TN9|||Toy Box~1|60194|37119|192|06,457,15,4,0,,359.9,,,,,,,,91
9W3|||Simpson~1|90934|99741|597|01,457,15,4,0
AL05|||Sehoy~1|22201|45320|101|04,1524,23,1,1,40,188.4,-510,-530,,,550,520
AL08|||Perdido Winds~j|4244|24647|23|17,945,30,4,0,,8.2
AL09|||Cloudmont~j|45334|44098|516|18,747,24,4,0
AL10|||Frerichs~1|46512|35831|198|09,762,18,4,0
AL12|||Kershaw~1|23585|38750|69|09,1402,15,1,1,90,215,10,-750,,,10,750,,152
AL16|||Turkey Creek~1|37268|32764|195|18,762,30,4,0
AL17|||Lazy Eight Airpark Llc~1|32340|34870|137|15,914,18,4,0
AL18|||Parker~a|36762|31325|180|13,472,30,4,0
AL25|||Spratling~a|22424|43989|112|09,488,30,4,0
AL27|||Headquarters~1|41057|44342|186|18,610,15,4,0
AL29|||New Horizon~1|41293|33667|229|16,762,30,4,0
AL32|||Flying BK~b|43226|43563|204|04,792,23,4,0,,359.4,,,,147,,,,165
AL33|||Sturdy Oak~h|10252|24142|70|03,640,30,4,0
AL34|||Elam's Landing~1|44470|26139|209|09,1067,15,4,0
AL35|||Mc Ginnis~1|6196|22956|38|03,442,15,4,0
AL37|||Benedick~1|15550|40227|102|08,549,15,4,0
AL41|||Freedom~a|11160|43745|87|10,1006,27,4,1,,232
AL43|||Henley~b|29120|16612|61|10,914,15,4,0
AL51|||Flying C's Plantation~1|24161|47008|120|12,567,15,4,0
AL54|||Bird Nest~1|38633|21547|128|17,671,24,4,0
AL55|||Shields~1|4339|25428|29|09,663,24,4,0
AL60|||Dugger's~a|38387|37886|171|10,549,18,4,0
AL62|||Striplin~9|10830|43165|78|18,792,24,4,1,,213
AL69|||Vaughn Private~1|5118|25033|9|18,1219,21,4,0
AL71|||Willow Point~1|28037|40195|168|08,1372,18,1,1,80,205.6,-100,-720,,,110,720,,122
AL74|||Grimes~a|7644|16942|66|05,549,30,4,0
AL76|||Mayfield (Private)~1|28487|31300|151|02,975,30,4,0,,327.4,,,,61
AL77|||Smart Road~1|17406|39930|130|09,671,18,4,0
AL78|||Klumpp~1|5269|21458|34|17,671,43,4,0
AL79|||Bartlett~b|22696|39012|93|18,762,61,4,0
AL84|||Pecan Ponds~h|5406|24312|40|09,808,43,4,0
AL88|||Ban~h|4270|25286|24|09,402,29,4,0
AL89|||Sommerset Strip|27187|46331|250|07,686,30,4,0,,208,,,,76,,,,91
AL92|||Hawk~a|33073|35964|128|11,1036,23,4,0
AL93|||Big Sky~1|48856|32900|253|18,610,24,4,0,,275
AL94|||Evans~a|8127|16228|65|18,792,21,4,0
AL97|||Williamson~h|6449|23295|49|18,610,30,4,0
E40|||Wilson's~1|56501|86433|300|17,663,21,4,0
F95|||Calhoun~8|4869|48862|36|18,871,23,4,0,177,,390,-40,36,134,-400,0,35
FA11|||Bird~a|6224|67407|46|03,747,30,4,0,,342,,,,198,,,,195
FA25|||Black Creek Pass~1|5009|59219|29|14,431,30,4,0,,239,,,,152,,,,274
FA26|||Dogwood~h|5372|55481|61|09,762,30,4,1,,0.1,,,,137,,,,46
FA29|||Lumar~a|1308|64506|20|03,716,30,4,0
FA32|||Circle P~1|1033|65497|25|03,711,15,4,0
FA55|||Garnair~1|7797|42317|32|18,808,30,4,0
FA88|||Pittman Oaks~1|4250|69515|25|18,838,30,4,0,,305,,,,163,,,,49
FA89|||Suwanee Valley~1|3736|72804|41|9,1676,15,4,0,90
FD03|||The Funny~h|8002|35645|61|07,549,15,4,0
FD26|||Kirkland~1|9818|45076|55|18,549,15,4,0
FD27|||Cuyler~a|3627|77738|37|09,991,20,4,0
FD35|||Redhead~1|4905|41606|31|18,1280,53,4,0
FD42|||Cooksey Brothers~1|2116|69454|27|09,1067,30,4,0
FD48|||Deep Forest~1|2419|85502|7|18,1958,18,1,1,180,225,890,10,,213,-880,10,,213
FD50|||The Trails~1|1091|68113|14|18,1056,23,4,0
FD55|||Rutten Dusting Strip|6794|56309|79|09,668,30,4,0
FD61|||Wright Farms~1|1766|70021|32|18,792,30,4,0
FD63|||Squires Aviation~b|5132|68032|34|18,792,61,4,0
FD71|||O'Brien Airpark East/West~1|483|70161|17|18,732,30,4,0
FD84|||Delta~1|1252|73363|61|09,716,15,4,0
FD89|||Collier/Pine Barren~j|8271|26417|67|09,792,30,4,0,,201.2,,,,91,,,,183
FD93|||Yellow River~6|6864|32524|46|09,777,61,4,0
FD94|||Hartzog~a|7189|43933|38|09,427,15,4,0
FL07|||Wings N Sunsets LLC~1|2502|70760|40|10,659,30,4,0
FL08|||Florida Sheriffs Boys~b|4155|69835|28|18,549,30,4,0
FL09|||Kittyhawk Estates~1|3388|68557|27|11,792,46,4,0
FL10|||Little River~1|1150|70910|27|18,1029,15,4,1,,311,,,,122,,,,305;09,813,15,4,0,,320,,,,213,,,,247
FL11|||Thrifts~1|3494|78791|30|09,549,29,4,0
FL12|||Ingalls~a|5905|59696|56|12,1646,30,4,0
FL13|||Spencer's~j|686|80393|46|09,853,23,4,0
FL17|||Ruckel~1|5196|35617|20|18,1006,23,4,1,,239.4
FL18|||Suwannee Farms~1|905|69454|15|E/W,792,30,4,0
FL27|||Lake City~j|438|73960|37|05,968,46,4,0,,293.7,,,,328,,,,408
FL28|||State Prison~a|558|78277|37|15,1480,30,4,1,,225,,,,,,,,162
FL34|||Eglin Test Site B6~1|6319|32528|37|18,1411,24,1,0,181,,860,460,36,,-520,430,36
FL50|||Rossi~a|1466|74277|56|12,1071,46,4,0
FL52|||Angel's~a|4810|59132|49|01,610,30,4,0
FL81|||Triple B~j|7819|35328|64|N/S,549,38,4,0
FL84|||Flying-A-Ranch~1|6011|84296|8|05,610,30,4,0,,283,,,,183
GA00|||Kintail~h|38256|63603|247|03,914,30,5,0
GA03|||Wilson~1|48695|48003|242|03,610,15,4,0
GA04|||Mallards Landing~1|33646|58318|255|07,1372,30,4,1,,224.2
GA06|||Monticello Sky~b|33325|62731|210|14,1189,24,4,0
GA09|||Fly-N-S~b|44517|62114|405|03,564,7,1,0
GA10|||Ridgeview~h|30804|56409|260|12,640,18,4,0,,313.9,,,,192,,,,61
GA14|||Pinebloom Plantation~1|14030|56773|52|09,1707,23,1,1,90,282,10,-900,,,10,880,,395
GA16|||Taylor~a|37243|64332|216|10,640,15,4,0,,0.4,,,,122,,,,122
GA17|||Flint River Nursery~1|21688|60265|98|18,1067,18,4,0
GA18|||Big Creek Flying~b|48324|65908|503|09,853,18,4,0,,205,,,,30
GA2|||Peach State~e|31835|56220|282|13,732,30,4,0,128,,0,0,282,,0,0,282
GA20|||Stafford~1|8111|85372|9|15,1097,23,4,0
GA21|||Patterson Island~1|14613|86613|3|11,610,61,4,0
GA22|||Jordans~1|14385|52917|76|08,914,23,4,0
GA23|||Wyatt~1|45783|46161|219|02,838,46,4,0
GA25|||Fargo~1|6913|74324|36|15,671,61,4,0
GA29|||Wellers Landing~1|31561|55688|257|07,503,30,4,0
GA31|||Two Rocks~1|34694|53310|294|04,975,23,4,0
GA35|||Cypress Lakes~1|21578|86036|9|13,823,30,4,0
GA39|||Hodges~j|19844|87538|3|12,805,18,4,0
GA43|||Briggs~a|23214|85733|24|08,701,46,4,0
GA44|||Richards~1|30811|49814|198|18,518,15,4,0
GA47|||Bivins~1|11841|77286|41|18,716,27,4,0
GA48|||McLendon~1|15861|52094|110|18,610,12,4,0
GA50|||Dream Team~1|35968|64805|184|02,610,14,4,0
GA59|||Antique Acres~1|31001|59415|244|05,762,23,4,0
GA61|||Kenley~a|32692|55024|238|NE/SW,732,30,4,0
GA62|||Cedar Ridge~1|32551|55998|250|18L,914,12,1,0,180,314.9,410,-10,,,-410,-10;18R,914,46,4,0,180,227,410,20,,,-410,20
GA67|||King Sky~b|47682|64071|561|03,491,30,4,0
GA68|||Flying H~b|31129|55496|244|02,671,30,4,0
GA72|||Pratermill Flight Park~1|48817|51103|238|17,457,18,4,0
GA73|||Shade Tree~1|31628|55548|259|08,732,15,4,0
GA74|||Takle~a|30418|55876|259|08,762,46,4,0
GA75|||Meadowlark~1|30873|55948|239|18,823,61,4,0
GA76|||Broken~b|31549|61012|189|09,472,30,4,0
GA79|||Dresden~1|33448|50887|244|18,610,9,4,0
GA80|||Whispering Pines~1|37823|60112|287|15,792,6,1,0
GA81|||Cameron~a|25498|61726|116|18,914,30,4,0
GA83|||Windy Hill~1|35468|61945|226|14,610,18,4,0
GA86|||Little Tobesofkee Creek~b|29839|59044|230|17,914,30,4,0
GA87|||High Valley~j|46981|59873|853|02,610,18,4,0
GA89|||Diamond S~1|34758|57231|277|02,823,7,1,0
GA90|||Walker~a|34513|55914|267|09,610,12,4,0
GA94|||McLendon~1|34915|55106|274|N/S,437,23,4,0
GA95|||Coleman~a|35262|54978|308|05,457,23,4,0
GA98|||Grayhill~1|29489|49495|229|17,640,12,4,0
GA99|||Miami Valley~h|25474|61988|143|18,1097,23,4,0
GE01|||Christians Folly~1|9304|69206|63|18,762,41,4,0
GE04|||Mclendon~a|26669|50344|198|18,488,18,4,0
GE05|||Gibson~a|46156|46569|229|02,732,15,4,0
GE11|||Hogjowl~1|46058|45381|546|10,853,30,4,0
GE12|||Richter~j|17486|64264|109|10,1430,30,4,0
GE20|||Critter Creek~1|30543|76751|101|18,457,15,4,0
GE21|||Anderson~1|10187|56071|42|18,1021,23,4,0
GE25|||Hutto~h|26811|61439|189|18,762,37,4,0
GE26|||Duke Strip 2|23817|69403|104|06,610,23,4,0,,,,,,61,,,,274
GE27|||Smith~a|26022|62458|145|09,853,24,4,0
GE30|||Sandy Hill~1|32211|80047|94|10,579,23,4,1,,220
GE35|||Southern Oaks~1|37314|65303|37|10,427,30,4,0
GE53|||Chigger Hill~1|33167|58494|244|5,750,,4,0
GE99|||Heaven's Landing~1|49144|65403|830|05,1543,15,2,0,50,274.2,-440,-650,,,450,650
H07|||Highland-Winet~1|87793|3596|164|18,671,30,4,0,,256,360,-20,164,,-370,10,164
I19|||Greene County/Lewis A. Jackson~4|96908|60074|289|07,1525,23,1,1,63,,-260,-650,279,,300,770,288
I41|||Robert Newlon~a|84570|76862|168|02,701,23,4,0
I42|||Paoli~5|85845|35349|249|02,1006,18,1,1,,270,-330,-130,247,,490,250,244
I44|||Dahio Trotwood~1|97651|56568|282|04,884,16,1,0,,,-290,-330,282,,290,370,282
I61|||Hagerstown~1|98892|48367|305|02,1219,61,4,1,,270,-530,-330,302,61,500,160,302,326
I62|||Schaney's Lair~1|98598|55648|316|09,745,9,1,1,,360,260,-250,317,,290,640,317
I83|||Salem~5|86043|38490|256|8,914,23,1,1,,,,,256,,,,249;10,835,15,1,3,,306,-180,560,250,,-290,1510,247,73
I91|||Boonville~1|80421|26839|116|09,701,30,4,0,,211.6,60,-390,120,91,0,300,119,91
I96|||Columbia-Adair Co.~1|70847|46513|249|08,792,18,1,1,,254.4
IG03|||Bluebird~1|93913|34029|177|08,549,23,4,0
II03|||Buell~1|91986|48636|302|18,549,15,4,0,,207,,,,152
II06|||Ferrell~1|99700|45292|326|09,835,30,4,0
II07|||Clover Knoll~1|95324|31676|268|09,792,23,4,0
II09|||Patrum~a|95731|33813|232|06,732,18,4,0
II13|||Sugar Creek Air Park|99203|44014|305|18,570,46,4,0
II30|||Ridgway Flying Service~1|89120|25933|155|18,762,20,4,1,,272;09,579,18,4,0
II32|||Raceway~1|80492|26186|122|04,1097,18,1,0
II33|||Eickholtz~1|84609|23450|189|08,914,15,4,0
II39|||Hollingsworth~1|83362|25322|146|08,488,24,4,0;17,488,24,4,0
II49|||Foertsch~1|80367|30892|145|13,549,15,4,0
II54|||Giltner~1|88159|45536|259|18,518,15,4,0
II55|||Hodges~1|95270|36997|191|E/W,518,15,4,0;N/S,518,15,4,0
II68|||Durham~1|98550|30408|250|08,671,30,4,0
II69|||Harrod/Rose~1|87181|42398|177|18,549,30,4,0
II78|||Wallace~a|98584|43984|303|E/W,610,23,4,0
II81|||Richardson~a|83806|27794|130|08,701,24,4,0
II82|||Meadors~a|97942|34222|305|03,823,23,4,0
II84|||Hilakos~1|79320|22286|116|09,427,12,4,0
II87|||Twelve Oaks~1|94514|36717|218|17,652,11,1,0
II91|||Dunbar~a|98439|34947|287|18,488,23,4,0
II93|||Bronson~1|94839|37731|238|06,666,23,4,0
II96|||Buchta~1|84928|30669|158|17,610,30,4,0
II97|||Solenberg~1|94778|41167|219|N/S,610,18,4,0
IL24|||Richardson~1|97075|1169|199|18,701,42,4,0
IL31|||Cooch Landing Area~1|98433|15467|212|N/S,1006,91,4,0
IL32|||Adkisson~1|97833|13786|204|18,658,46,4,0
IL71|||Dury Estates~1|78192|8478|120|01,765,61,4,0
IL97|||Springfield Southwest~j|97370|1902|194|18,823,30,4,0
IN01|||Kephart~g|94861|38514|248|18,762,23,4,0,180,,340,0,248,,-340,-10,248
IN03|||Alford~j|84639|27500|152|09,732,18,4,0
IN05|||Stevens Farms~1|96606|44517|283|18,457,23,4,0
IN08|||Shakamak~1|91692|28107|187|18,701,23,4,0;15,533,12,4,0
IN14|||Greenridge Restricted Landing Area|82390|39806|262|05,701,21,4,0
IN15|||T & T~1|86049|25367|168|05,520,46,4,0
IN20|||Jungclaus~1|94537|37197|233|07,549,21,4,0
IN23|||Zeller Elevator Company~1|79092|22425|115|18,744,20,4,0
IN30|||Hull~1|84022|24007|129|18,830,30,4,0,,193.7,360,-10,128,88,-360,-10,125
IN36|||Plugger~1|80356|22759|130|18,686,24,4,0,,271,,,,,,,,46
IN44|||Habermel~1|85642|39425|244|04,610,24,4,0
IN45|||4 Winds~e|98250|31160|247|18,579,30,4,1,,251.1
IN46|||Butler~a|97389|27805|209|09,634,20,4,0
IN49|||Pherigo~1|94855|41968|232|18,640,15,4,0
IN53|||Miller~1|92924|31758|216|ESE/WNW,792,15,5,0
IN80|||Roberson~1|83214|35092|210|10,701,18,4,0
IS24|||Harris~1|90778|9183|168|10,488,30,4,0,,278
IS33|||Willhoit~1|90456|1593|187|E/W,579,23,1,0
IS34|||Piper's Landing~1|87067|23666|130|18,762,21,4,0
IS43|||Riggins Farms~1|98700|19250|213|18,899,21,4,0
IS54|||Mc Christy~1|96431|8555|192|N/S,792,32,4,0
K00M|||Thigpen~a|19537|7647|107|16,914,15,1,1,161,,380,-160,101,,-380,170,109
K01M|||Tishomingo~8|44909|17990|176|17,1221,18,1,1,165,315.7,610,-180,176,152,-450,160
K02A|||Chilton County Airport / Gragg-Wade~a|28505|33886|178|08,1221,30,1,1,78,,-110,-640,178,250,110,640,173
K04A|||Frank Sikes~1|17363|37375|91|04,1417,24,1,1,40,,-490,-480,,226,490,480
K04M|||Calhoun~8|39300|6567|117|15,975,18,1,1,148,192.9,380,-230,117,,-360,320
K06A|||Moton Field~5|24605|43200|80|13,1526,30,1,1,129,,430,-630,80,,-430,630,80
K06M|||City of Eupora~1|35346|6870|137|14,914,18,1,1,147,359.5,350,-670,137,,-340,-130,130
K07A|||Franklin~a|21668|41903|91|14,1525,24,1,1,139,359,320,-400,89,,-440,380,91
K08A|||Wetumpka~5|25294|36718|60|09,918,24,1,1,89,,0,-490,60,,10,490,60;18,877,40,4,0,180,,-30,-560,59,,-750,-580,60,181
K08M|||Carthage-Leake~8|27612|4699|138|17,914,15,1,1,175,1.2,310,-130,,,-510,-30
K09A|||Butler-Choctaw~8|21193|18725|41|11,1244,24,1,1,116,,240,-590,35,,-240,600,41
K09J|||Jekyll Island~1|10745|85722|3|18,1132,23,1,1,174,,510,-60,3,,-510,60,3
K0A3|||Smithville~5|59853|41907|330|06,1298,23,1,1,58,,-300,-590,329,46,300,580,330
K0A4|||Johnson City~1|63637|76910|472|04,914,15,1,0,36.6,314,-340,-290,,244,320,320
K0A7|||Hendersonville~1|53083|75671|635|15,937,12,1,1,143,314,260,-350,,82,-420,270,,99
K0A8|||Bibb~8|29369|29095|77|10,1282,24,1,1,95,,60,-690,73,,-80,680,77
K0A9|||Elizabethton~5|63712|78267|486|06,1524,21,1,1,58,336,-330,-660,474,30,330,640,485,131
K0I8|||Cynthiana-Harrison~8|83662|57167|220|11,1173,23,1,1,106,,140,-650,219,,-150,640,219
K0J4|||Florala~5|10425|36884|96|04,974,23,1,1,38,,-350,-300,88,,350,320,96
K0J6|||Headland~5|13643|46882|109|09,1525,24,1,1,91,,-40,-730,108,,-70,870,108,56;17,873,49,4,0,175,,450,-370,109,,-340,-280,109
K0M2|||Reelfoot Lake~1|64753|6538|88|01,1067,23,1,0,8.1,276,-470,-70,,,470,90
K0M3|||Paul Bridges~a|55460|24027|296|02,1220,23,1,1,18,,-530,-210,289,,520,200,295
K0M4|||Benton~8|60111|18767|143|04,1524,23,1,1,35,,-720,-630,143,,410,340,142
K0M5|||Humphreys~8|61166|22618|230|3,1220,23,1,1,30,,-470,-340,230,,470,350,223
K0R0|||Columbia-Marion~8|12970|1872|81|05,1676,30,1,1,54,,-360,-580,74,0,360,570,82;13,741,46,4,2,132,,120,-450,,,-320,130
K0R1|||Atmore~5|10162|25532|87|18,1524,24,1,1,180,,680,0,86,82,-680,10,84
K0VG|||Lee~8|66541|67822|430|07,1525,23,1,1,60,,-340,-740,416,,340,730,430
K11A|||Clayton~5|18833|45151|133|09,1527,24,1,1,97,,80,-770,129,85,-80,770,132
K12J|||Brewton~5|10506|29344|30|06,1565,46,1,0,63,,-60,-1020,25,,580,440,25;12,1524,46,1,1,120,,100,-730,25,,-610,660,30;18,1219,46,1,0,180,,630,290,25,226,-500,290,29
K12V|||Ona~j|84409|77992|174|07,961,12,1,1,59,,-220,-470,173,41,200,440,173,39
K14A|||Lake Norman~j|56130|91006|256|14,959,12,1,1,134.9,317.4,400,-410,246,56,-230,360,256
K14J|||Carl Folsom~1|14100|39097|79|01,930,23,1,1,15,292.3,-400,-130,77,,410,130,77;09,579,30,1,2,87,,80,-30,,,110,590
K15J|||Cook~8|11378|65467|72|05,1677,30,1,1,47,,-710,-760,71,,220,420,71;15,1219,30,1,0,145,,600,-270,71,183,-300,460,71
K15M|||Iuka~1|47723|18341|192|18,1219,23,1,1,184,227.2,650,40,191,,-430,-30,189
K16J|||Dawson~5|17433|55807|101|13,1375,23,1,1,132,348,410,-540,101,,-410,540,88
K17J|||Donalsonville~5|10069|51224|45|1,1761,30,1,1,2,,-796,-42,40,45,717,34,45,32;13,1219,46,1,2,131;9,1219,46,1,2,91,,,,45
K17M|||Magee~5|18627|1994|169|18,946,18,1,1,180,,430,0,,50,-420,0
K18A|||Franklin~8|43401|68665|271|08,1524,23,1,1,72,271,-150,-550,252,,150,1060,271
K18I|||McCreary~8|66955|56087|418|04,914,23,1,1,38.7,232,-280,-350,,,360,290
K19A|||Jackson~8|41740|64393|290|17,1588,23,1,1,163,,870,-340,284,,-450,140,290
K1A3|||Martin Campbell~a|50162|56537|546|02,1067,23,1,1,13,208,-470,-130,540,,470,130,545
K1A4|||Logan~a|11038|39375|61|05,1096,23,1,1,50,310,-380,-390,,220,200,420
K1A5|||Macon~8|52226|65810|616|07,1525,30,1,1,69,,-240,-700,616,,220,670,612
K1A6|||Middlesboro-Bell~8|66103|62626|352|10,1107,23,1,0,98,,100,-610,352,70,-40,610,347
K1A7|||Jackson~8|63959|43587|157|18,1066,23,1,0,180,314,610,-40,,,-350,-40
K1A9|||Prattville - Grouby~a|24387|34873|69|09,1646,30,1,1,89,,-10,-870,69,,10,880,60
K1H2|||Effingham County~i|90704|14665|179|11,1555,30,2,1,113,,320,-780,178,,-230,870,175;01,1036,18,1,1,7,,-520,-150,174,,410,0,177
K1H8|||Casey~5|93025|19959|199|04,1220,23,1,1,39,,-460,-360,199,,400,530,199;18,592,23,4,0,177,0.1,340,-150,199,96,-200,-160,198
K1J0|||Tri-County~1|8439|43982|26|01,1645,23,1,1,10,,-350,-60,25,,730,150,26
K1M4|||Posey~a|42803|23996|283|18,1526,30,1,1,182,,690,20,283,,-680,-30,275
K1M5|||Portland~5|65927|35231|249|01,1525,30,1,1,11,,-660,-170,249,,690,160,235
K1M9|||Lake Barkley State Park~1|68178|20925|174|02,1463,23,1,1,20,263,-620,-290,168,,620,280,174
K1R8|||Bay Minette~5|8703|21807|76|08,1676,24,1,1,86,,-40,-880,63,,60,870,76
K20A|||Robbins~a|39712|36195|347|05,1283,24,1,1,50,270,-260,-550,,,320,640,,32
K20M|||Macon~5|31335|14644|73|18,914,15,1,1,179,315,410,-10,,,-410,10
K22I|||Vinton~8|93281|75582|292|09,1067,23,1,1,79,337.3,-100,-670,291,125,100,670,292
K22M|||Pontotoc~8|42759|9616|134|11,914,15,1,1,113,230,160,-460,127,,-160,460,134
K23M|||Clarke~8|20849|12611|98|16,975,18,1,1,160,202.7,420,-180,,75,-410,170,,75
K24A|||Jackson~8|53174|67901|871|15,978,18,1,1,142,216,330,-310,871,,-320,310,856
K24J|||Suwannee~8|3001|69753|32|07,1221,23,1,1,69,,-200,-600,31,,200,600,31
K25J|||Lower Chattahoochee~4|17017|51729|139|18,914,18,1,1,184,342,430,-10,139,,-390,30,140
K25M|||Ripley~1|47223|9849|142|03,1341,23,1,1,32,,-470,-340,133,,560,430,142
K26A|||Ashland/Lineville~1|32842|41914|325|09,1226,24,1,1,90,353.3,-20,-700,,65,-20,610
K27A|||Elbert County Airport Patz~a|40954|71824|184|10,1219,23,1,1,99,,60,-480,183,,-100,830,184,91
K27K|||Georgetown-Scott County~4|82344|55653|289|03,1676,30,1,1,26,,-680,-420,284,,680,420,289,18
K2A0|||Mark Anton~1|54862|50689|219|03,1524,30,1,1,29,,-600,-400,217,,610,400,219
K2A1|||Jamestown~5|63497|50533|516|18,1066,23,1,1,180,1.7,480,10,516,,-480,0,511
K2H0|||Shelby~8|94104|11546|188|18,1249,23,1,1,180,,790,-210,188,,-340,-210,188;14,712,55,4,0,142.3,218,210,-130,,,-480,560;04,441,55,4,0,39,299,-450,-240,188,148,100,340,187
K2I0|||Madisonville~4|73559|26018|134|05,1844,30,1,1,51,,-510,-820,134,,520,810,127
K2I3|||Rough River State Park~1|76100|34927|176|02,975,23,1,0,17,,-350,-130,176,,370,150,176
K2J2|||Liberty~8|17846|83588|30|14,1127,23,1,1,138,,380,-400,28,,-380,400,29
K2J3|||Louisville~5|29865|76143|100|13,1525,30,1,1,133,224.1,410,-510,,,-530,680
K2J5|||Millen~1|28936|80346|72|17,1524,23,1,1,168,,530,-140,72,,-540,140,68
K2M0|||Princeton-Caldwell~8|71151|21429|178|5,1249,23,1,1,,,-380,-510,178,,390,520,165
K2M2|||Lawrenceburg Lawrence~8|52343|27421|285|17,1525,30,1,1,167,,670,-200,285,,-670,190,283
K2M4|||G V Montgomery~1|23549|5118|158|16,1097,23,1,1,162,275.5,340,-220,,,-600,140,,91
K2M8|||Charles W. Baker~1|52790|685|75|18,1066,23,1,1,184,,480,50,75,,-480,-40,74;18U/36U,488,23,1,0
K2R0|||Waynesboro~5|16460|13652|50|02,1524,23,1,1,20,270,-650,-260,,,650,270,50,203
K2R2|||Hendricks County Gordon Graham~a|97481|35262|273|18,1341,30,1,1,176.4,180,470,-50,273,,-730,-140,263
K2R4|||Peter Prince~a|6376|30063|25|18,1129,23,1,1,182,,510,20,24,,-510,-10,24
K2R5|||St Elmo~1|5019|17249|40|06,1219,24,1,1,59,,-280,-550,39,,280,540,40
K33J|||Geneva~5|10526|41313|31|11,1219,30,1,1,110,315,160,-630,,,-170,580
K33M|||Water Valley~5|41668|3138|82|15,914,15,1,1,150,226,350,-250,82,,-360,250,82
K35A||USC|Union County, Troy Shelton~a|46870|83589|186|05,1069,18,1,1,47,,-330,-430,175,,320,420,186
K3A2|||New Tazewell~5|64089|64429|359|07,1587,23,1,1,64,,-70,-300,,,290,610
K3A7|||Eutaw~5|28203|21349|52|16,1097,24,1,1,155,,530,10,,,-390,510
K3I2|||Mason~8|89146|79014|196|07,1219,23,1,1,64.9,,-230,-630,194,,240,640,191
K3I3|||Sky King~1|95472|26214|151|08,1084,15,1,1,84,,100,-420,150,,210,840,151,247;18,603,15,1,1,179,,160,-40,150,15,-380,-30,150,88
K3I4|||Richwood~5|82584|93492|758|10,1024,18,1,0,100,,70,-550,,,-90,600
K3I7|||Dayton-Phillipsburg~1|99133|55996|314|03,914,12,1,1,23.5,,-380,-210,313,40,380,210,312
K3J0|||Hampton~8|28665|89190|34|11,1091,18,1,0,112.1,,310,-770,,,-60,310
K3J1|||Ridgeland-Claude Dean~1|24927|90077|24|36,1280,23,1,1,8,,-320,-220,20,,320,210,23
K3J7|||Greene County~4|35980|68618|206|07,1676,30,1,1,,,-330,-820,207,,270,660,210
K3K6|||St Louis Metro-East Airport/Shafer~a|87329|1934|145|13,811,15,1,1,137,,260,-320,145,39,-260,330,143
K3LF|||Litchfield~5|91625|3254|210|18,1220,23,1,1,179.8,,70,220,209,,-1030,230,207;09,1189,23,1,1,90,,490,-930,208,,490,450,210
K3M7|||Lafayette~5|65184|39417|295|01,1585,23,1,1,6.3,,-550,-70,296,,540,80,290
K3M8|||North Pickens~1|33868|19934|72|01,1568,24,1,1,7,,-710,-90,70,,700,100,72
K40J||FPY|Perry-Foley~1|693|64194|13|18,1528,30,1,1,181,,680,-440,13,,-690,-460,12;12,1449,30,1,1,121,,640,-370,13,,-20,930,14;06,1334,46,1,2,60,,-640,-390,13,,-40,810,13
K47A|||Cherokee County~4|43106|55761|372|05,1525,30,1,1,42,,-350,-380,368,,350,380,370
K48A|||Cochran~1|23994|67241|115|05,976,15,1,1,46,,-310,-380,99,,300,370,101
K48I|||Braxton~8|86870|93482|389|02,1218,18,1,1,16,,-550,-140,383,122,540,110,389
K49A|||Gilmer~8|46279|54751|453|03,1069,23,1,1,27,,-430,-270,444,,420,260,453
K4A0|||Berry Hill~1|35356|58209|235|11,914,12,1,1,109.4,,160,-480,,303,-120,470,,182
K4A4|||Polk County Airport- Cornelius Moore~a|40187|48535|298|09,1536,23,1,1,97,,70,-650,296,,-70,660,291
K4A6|||Scottsboro Municipal Word~a|46887|39941|198|04,1597,24,1,1,37,,-570,-530,198,,570,530,192
K4A7|||Atlanta Speedway~1|33899|56690|269|06,1679,30,1,1,54,,-440,-740,260,,440,730,269
K4A9|||Isbell~a|44737|42786|267|04,1524,30,1,1,40,,-530,-530,261,,530,530,266
K4G5|||Monroe~8|97790|88972|365|07,1160,23,1,1,66,,-210,-620,364,53,220,620,363
K4I7|||Putnam~8|96326|31862|257|18,1525,30,1,1,181.1,,780,20,257,,-590,-20,247
K4J1|||Brantley~8|12074|80942|25|01,1219,23,1,0,6,,-410,-50,25,,410,50,24
K4J2|||Berrien~8|12126|67737|73|10,1525,23,1,1,94,,40,-640,73,,-50,640,71
K4J5|||Quitman Brooks~8|8058|64135|56|10,1524,23,1,1,95,,40,-580,,,-50,570
K4J6|||St Marys~1|7530|84412|7|04,1524,30,1,1,33,,-440,-340,7,88,710,540,6,73;13,1219,23,1,0,127,,160,-650,7,,-500,380,6
K4J8|||Treutlen~8|23877|74363|105|16,914,15,1,0,163,,390,-150,,,-400,140
K4M7|||Russellville Logan~8|67996|31891|210|06,1219,23,1,1,63,,-210,-540,210,,280,690,200
K4R1|||I H Bass Jr~i|10155|5174|94|14,914,23,1,1,153,,360,-210,,,-370,220
K4R3|||Jackson~5|14705|21041|19|1,1525,24,1,1,9,,-670,-120,19,,690,120,10
K4R4|||H L Sonny Callahan~1|4605|21230|28|01,2013,30,1,1,7,,-890,-170,26,,900,80,28
K4R9|||Dauphin Island~1|2605|18725|2|12,914,24,1,1,123,,230,-390,2,62,-230,400,2,43
K51A|||Hawkinsville Pulaski~8|22837|65618|82|10,914,18,1,1,100,,50,-510,,,-90,450
K52A|||Madison~5|36121|65396|212|14,1160,23,1,1,141,,410,-400,194,,-400,390,212
K52J|||Lee County Butters~a|42445|97640|64|06,975,18,1,0,50.6,,-280,-410,64,,280,410,57
K53A|||Dr. C P Savage Sr.~1|23020|59925|103|18,1525,23,1,1,181,,580,10,102,,-580,0,103
K54J|||Defuniak Springs~1|7313|38484|88|09,1264,18,1,1,90,,130,-900,88,,130,400,83;18,823,18,6,0,180,,120,-160,86,50,-620,-160,82
K55J|||Fernandina Beach~5|6118|85388|5|04,1616,30,1,1,36,,-700,-530,4,,480,450,4;13,1570,30,1,1,126,,270,-720,4,,-550,610,5,46;09,1524,30,1,0,82,,150,-680,4,,380,890,4,213;18,1091,46,1,2,171,,430,-710,4,,-540,-520,4
K5A4|||Okolona Municipal Airport Richard Stovall~a|40158|12738|102|18,974,18,1,1,180,,440,0,101,,-440,0,102
K5A6|||Winona–Montgomery~8|34654|2708|111|03,1219,18,1,1,30,,-350,-250,111,,380,250,107
K5A9|||Roosevelt~i|29379|53035|268|17,914,23,1,1,170,,-40,680,268,,-850,850,266
K5K1|||Zelmer Memorial Airpark Inc~1|94200|88|202|18,884,10,1,1,179,,417,-7,201,,-269,3,198,94
K5M0|||Hartselle-Morgan County~4|44082|30670|191|18,1097,23,1,1,181,,500,10,191,,-490,0,183
K5M9|||Marion-Crittenden County James C Johnson~4|73363|18902|198|07,1524,23,1,1,66,,-440,-1220,198,,50,160,191
K5R1|||Roy Wilcox~1|14518|18055|50|12,1220,24,1,1,120,,290,-550,,61,-260,560
K5R2|||Ocean Springs~1|3894|12466|6|18,1067,15,1,1,179,,500,-20,6,,-450,10,6
K5R4|||Foley~5|4277|22990|23|18,1128,23,1,1,180,,490,20,19,,-520,20,23
K61A|||Camden~5|19797|26609|44|18,1312,24,1,1,179,,600,-10,43,,-590,10,43
K65J|||Wrens~i|32228|76156|137|11,914,15,1,1,116,,160,-370,,,-200,510
K66Y|||Diamondhead~1|3630|6123|4|18,1158,23,1,1,180,,520,0,,187,-520,10
K67A|||Fort Deposit Lowndes~8|19724|34078|149|15,1095,24,1,1,150,,400,-270,,,-460,310
K6A1|||Butler~5|25695|57548|203|18,1219,21,1,1,180,,360,-560,,,-740,-550;06,733,55,4,0,62,,-370,-900,,122,-60,-210
K6A2|||Griffin Spalding~8|32270|57251|292|14,1128,23,1,1,137,,370,-420,292,61,-370,410,286,61
K6A4|||Johnson~8|64178|81749|683|06,1371,23,1,0,58.2,,-320,-650,683,,330,650,683
K6I2|||Lebanon Springfield Airport - George Hoerter~a|76335|47582|264|11,1524,23,1,1,105,,180,-840,252,38,-180,830,264
K6J0|||Lexington~8|37946|87541|138|18,1321,18,1,1,170.7,,590,-110,137,,-580,120,137
K6J2|||Saint George~1|31955|94915|26|05,975,18,1,1,45.9,,-310,-370,25,,310,380,25
K6J4|||Saluda~8|39268|82054|169|01,972,18,1,1,10,,-450,-100,164,,420,80,159
K6L4|||Logan~8|78557|80841|508|06,1099,23,1,1,58,,-260,-530,505,,260,530,508
K70A|||Freddie Jones~a|22668|22819|49|18,1033,24,1,1,180,,460,0,,,-460,0
K70J|||Cairo Grady~8|8880|58453|81|13,1219,23,1,1,121,,280,-550,80,,-280,550,72
K71A|||Pine Hill~5|19668|24167|37|09,1360,24,1,0,90,,10,-700,,,10,750
K71J|||Ozark-Blackwell~a|14318|43794|109|12,1280,24,1,1,121,,230,-440,109,,-370,710,105
K75J|||Turner~8|16871|63672|119|16,977,15,1,1,161,,270,-110,117,,-580,230,119
K79D|||Philippi Barbour County~4|91662|99374|535|08,975,15,1,1,71.6,,-140,-530,,,140,540
K7A0|||Greensboro~5|26815|23379|55|18,1069,24,1,1,180,,470,0,55,,-480,0,51
K7A3|||Lanett~5|28118|47705|190|06,960,24,1,1,79,,-60,-510,188,,110,490,190
K7A5|||Roanoke~5|31296|46279|276|11,1127,24,1,1,113,,200,-550,268,118,-200,560,276,183
K7A6|||Stevenson~1|48863|41967|196|05,1251,24,1,1,49,,-370,-520,190,78,360,520,196,319
K7A8|||Avery County Morrison~a|59446|80043|838|17D/35A,915,18,1,0,160,,444,-213,836,,-296,119,823
K7I4|||Orleans~1|86584|35570|200|06,1053,9,1,1,58,,-360,-370,200,89,140,660,198,61
K7K4|||Ohio~8|74583|31500|163|03,1525,23,1,1,25,,-600,-340,162,,,,163
K7L8|||Post-Air~1|97500|39861|262|10,1143,14,1,1,100,,130,-810,262,,-50,500,262,387
K82A|||Marion~8|22824|54965|208|14,975,23,1,0,135,,310,-370,202,,-310,360,208
K82J|||Roscoe~a|3983|26511|10|18,975,61,1,1,180,,500,30,,,-390,30
K8A0|KBFZ||Albertville Regional Airport/Thomas J Brumlik~a|42291|37442|315|05,1864,30,1,1,48,,-560,-750,305,,560,760,315
K8A1|||Guntersville Municipal Joe Starnes~a|44030|37364|187|07,1526,23,2,0,69,,-279,-745,,,293,749;03,1027,29,1,3,25,,-780,-890,187,244,60,-420,184
K8A3|||Livingston~5|64121|46884|418|03,1571,23,1,1,33.4,,-450,-370,416,,470,380,418
K8M1|||Booneville-Baldwyn~1|45908|13524|117|15,1525,23,1,1,147,,460,-370,117,244,-460,360,114
K8M9|||Providence Webster~8|74248|22639|120|16,1158,21,1,1,158.3,,480,-240,,,-490,240
K96|||Tuscola~1|97809|16938|203|09,811,9,5,0,,,40,-500,203,,20,450,203
K99N|||Bamberg~8|33045|88916|70|05,1098,18,1,1,43.6,,-360,-410,63,,360,410,70
K9A0|||Lumpkin County Wimpys~1|45828|59801|400|15,942,15,1,1,155,,40,-300,,230,-730,130,,212
K9A1|||Covington~5|36325|61504|247|10,1829,30,1,1,96,,50,-680,242,,-60,690,239
K9A4|||Courtland~1|46590|26498|179|17,1524,46,2,0,175,,970,-90,178,,-420,50,177;13,1522,30,2,1,130,,250,-340,177,,-640,930,174
K9A5|||Barwick Lafayette~1|46886|47096|237|02,1524,23,1,1,20.8,,-700,-320,234,,690,310,236
K9M4|||Ackerman Choctaw~8|33017|7726|168|01,914,23,1,1,10,,-230,-190,,,580,-10
KA08|||Vaiden~a|25124|26144|69|16,1951,24,1,1,163,,840,-300,,,-850,310
KAAS|||Taylor~8|73583|46906|281|05,1525,23,1,1,49.8,,-450,-660,265,,440,660,281
KACJ|||Jimmy Carter~4|21108|58111|143|05,1832,30,1,1,46,,-640,-660,142,,510,730,141;10,1154,23,1,0,91,,110,-660,144,,100,570,140
KAFP|||Anson County Airport - Jeff Cloud~a|50206|99229|91|16,1676,30,1,1,154.5,,690,-400,91,,-680,390,90
KAIK|1|AIK|Aiken~4|36494|83150|161|07,1676,30,1,0,60,,-330,-1080,157,,420,490,151;01,1158,23,1,0,0,,-590,410,161,,460,420,150
KAIV|1|AIV|George Downer~1|31065|18022|46|06,1524,24,1,1,62,,-330,-710,43,61,320,710,46
KAJG|||Mount Carmel~5|86065|22733|131|13,1372,23,1,1,130.9,,440,-720,130,,-370,470,131;04,1219,30,1,1,40.6,,-450,-320,130,,390,590,130
KAJR|||Habersham~8|44999|64433|441|06,1677,30,1,1,57,,-410,-770,429,424,410,770,441
KAKH|||Gastonia~5|52026|88501|243|03,1149,30,1,1,28.3,,-450,-300,243,,460,300,239,25
KALX|1|ALX|Thomas C Russell~a|29147|40370|209|18,1653,29,1,1,178,,750,-30,206,189,-740,40,187
KAMG|||Bacon~8|15361|74934|61|15,1524,30,1,1,150.9,,600,-390,61,,-600,400,58
KAMT|||Alexander Salamon~1|88515|64337|273|05,1084,20,1,1,45.1,,-370,-460,269,,360,470,273
KAPT|1|APT|Marion County Airport - Brown~a|50607|44147|195|04,1066,23,1,1,38,,-380,-360,195,,380,360,195
KAQX|||Allendale~8|29951|87298|49|17,1521,23,1,1,162.1,,660,-250,49,,-650,250,47
KARW|1|BFT|Beaufort Executive~1|24122|93656|3|07,1047,23,1,1,60.4,,-240,-480,3,,230,490,2
KASD|||Slidell~1|3451|1792|9|18,1525,30,1,1,180,,550,0,9,,-560,10,8
KASN|1|ASN|Talladega~5|35699|39491|161|04,1839,30,1,1,35,,-670,-570,158,,670,570,161
KAUO|1|AUO|Auburn University~4|26151|45660|237|18,1604,30,1,1,181,,510,-200,237,,-940,-230,223;11,1219,23,1,1,107,,450,-330,236,,120,910,233,91
KAYS|1|AYS|Waycross Ware~8|12491|76045|43|01,1826,30,1,1,359,,-1010,-260,41,,630,-290,43;05,1537,30,1,0,42.3,,-590,-430,43,,440,660,42;13,1083,23,1,0,128.3,,440,-90,42,152,-160,790,43
KAYX||TUH|Arnold Air Force Base|53926|39142|325|03,1829,46,1,1,30,,-720,-510,325,,710,500,325
KAZE|||Hazlehurst~1|18847|73526|78|14,1374,23,1,1,141,,480,-460,70,,-480,460,76
KBCB|1|BCB|Virginia Tech Montgomery Executive~1|72076|95922|650|13,1677,30,1,1,117,,290,-700,644,,-280,690,650;08,869,46,1,2,71.1,,-270,-710,,,-10,170
KBFR|1|BFR|Virgil I Grissom~5|88400|35546|222|13,1372,30,1,1,129.3,,560,-730,217,,-220,490,221;06,942,21,1,0,57.5,,-460,-270,218,,-10,640,220
KBGE|1|BGE|Decatur County Industrial Air Park|9715|53626|43|09,1677,45,1,1,90,,130,-590,43,,140,1170,39;09R,1554,46,1,2,90,,,,41,,,,41;14,1525,30,1,0,139,,390,-750,41,,-640,310,41;05L,1524,46,1,2,50,,,,41;05R,1372,46,1,2,50,,,,39,,,,41
KBGF|||Winchester~5|51775|39338|298|18,1525,23,1,1,181.7,,690,30,296,,-680,-20,297
KBHC|||Baxley~5|17138|76062|61|08,1525,23,1,1,75,,-180,-780,61,,180,780,62
KBIJ|||Early~8|13975|51052|65|05,1675,30,1,1,50,,-490,-670,65,,490,670,62
KBNL|1|BNL|Barnwell~4|32578|86117|75|17,1560,30,1,1,160.4,,680,110,72,,-650,670,75;05,1380,21,1,0,45.4,,-520,-1000,74,,490,220,73
KBRY|1|BRY|Samuels~a|78143|45004|204|03,1525,23,1,1,22,,-640,-320,196,,640,310,204
KBXA|1|BXA|George R Carr Memorial Air~a|8137|1350|36|18,1525,30,1,1,183,,520,30,36,181,-520,-20,34
KBXG|||Burke~8|30413|79973|92|08,1525,23,1,1,71.1,,-180,-620,89,,180,620,92
KCCO|||Newnan Coweta~8|33116|52302|296|15,1676,30,1,1,142,,570,-580,296,,-580,590,285
KCDI|||Cambridge~5|99750|84224|244|04,1310,23,1,1,33.1,,-490,-420,243,122,500,420,244
KCDN|1|CDN|Woodward~a|42836|94351|92|06,1524,30,1,1,51.7,,-440,-650,87,,410,650,91;14,914,30,1,0,134.7,,310,-340,91,,-270,360,91
KCEU|1|CEU|Oconee County~4|46719|71135|272|07,1524,30,1,1,68,,-230,-710,270,,230,650,268
KCEV|1|CEV|Mettel~a|96985|48703|264|18,1982,30,1,1,179.4,,890,-100,264,,-890,-80,262;04,793,30,4,0,36.1,,-470,-560,264,181,160,40,264
KCEY|1|CEY|Murray-Calloway County Airport Kyle-Oakley~a|66646|16272|176|05,1890,30,1,1,50,,-550,-810,176,,550,810,173
KCFJ|||Crawfordsville~4|99756|30801|244|04,1678,23,1,1,42.9,,-450,-540,242,,460,550,244
KCHQ|||Mississippi~8|68421|6403|95|18,974,18,1,1,180.2,,440,10,95,,-430,0,95
KCIR|1|CIR|Cairo~4|70645|7804|98|14,1220,30,1,1,140.6,,430,-640,98,,-430,250,97;02,975,18,1,1,21,,-490,40,97,,330,440,97
KCKF|||Crisp County Cordele~1|19888|62261|94|14,1536,46,1,2,135,,520,-410,,,-460,740;06,1526,30,1,0,50,,-280,-670,94,,610,560,94;10,1524,46,1,1,97,,-70,-740,92,,-250,850,94
KCKV|1|CKV|Clarksville–Montgomery County~4|66219|25850|168|17,1828,30,1,1,166.2,,760,-260,164,,-840,230,167;05,1220,30,1,0,52.1,,-280,-500,166,123,390,570,164,153
KCMD|||Cullman Regional Airport-Folsom~a|42687|31420|295|02,1676,30,1,1,17,,-720,-260,285,,720,250,295
KCRX|1|CRX|Roscoe Turner~1|49150|13965|130|18,1981,30,1,0,174,,880,-120,123,,-890,120,130
KCTJ|||West Georgia Regional Airport / O V Gray~a|36310|48480|354|17,1677,30,1,1,164,,840,-290,354,,-660,230,338
KCUL|||Carmi~5|80895|18769|118|18,1219,23,1,1,180.2,,550,10,118,,-550,0,117
KCWV|||Claxton Evans~8|21951|81304|34|09,1525,23,1,1,89,,-20,-800,34,,10,810,34,305
KCXU|||Camilla Mitchell~8|12131|57646|53|08,1525,30,1,1,79,,-120,-770,51,,90,490,53
KCYO|||Pickaway County~i|95160|70179|208|01,1325,23,1,1,3,,-600,-50,202,,600,40,208
KCZL|||Tom B. David~a|44554|50608|197|17,1839,30,1,1,168,,810,-210,194,,-800,210,197
KD73|||Monroe Walton~8|37824|63071|267|03,1253,18,1,1,31.4,,-570,-420,264,430,390,290,253
KDBN|1|DBN|W H 'Bud' Barron~1|25644|70147|94|02,1982,46,1,1,16,,-710,40,89,,870,590,93;14,1576,30,1,0,136,,400,-930,93,180,-590,190,89
KDCM|||Chester Catawba~4|47893|88042|200|17,1524,30,1,1,168.1,,770,-460,200,200,-580,-110,194,198;05,1523,30,1,0,54.5,,-490,-390,196,,310,970,190;11,1519,30,1,2,107
KDCU|1|DCU|Pryor Field~4|46527|30546|180|18,1861,30,1,1,180,,970,20,179,,-700,20,178
KDCY|||Daviess~8|87004|28703|144|18,1525,23,1,1,180,,640,0,140,96,-630,0,142
KDKX|||Knoxville Downtown Island~1|59639|61261|254|08,1066,23,1,1,75.1,,-130,-550,254,,120,590,253
KDNN|1|DNN|Dalton~5|47229|51298|216|14,1675,30,1,1,137,,560,-630,216,,-550,620,211
KDQH|||Douglas Municipal Gene Chambers~1|14767|71395|78|04,1829,30,1,1,37,,-660,-580,77,,660,580,78
KDVK|||Stuart Powell~a|75794|52257|312|13,1524,23,1,1,122,,40,-80,309,,-670,1390,310;01,596,23,1,0,8,,-120,-20,309,,520,90,312
KDWU|||Ashland~4|85545|72620|166|10,1647,30,1,1,94,,110,-970,166,,-110,970,166
KDXE|||Dexter~5|67775|588|93|18,1524,30,1,1,181.9,,620,30,93,,-620,-20,91
KDYA|||Demopolis~5|24638|20459|34|04,1525,30,1,1,43,,-500,-550,34,,510,550,32
KDYB|||Summerville~1|30634|97207|17|06,1524,23,1,1,49.1,,-330,-460,14,,340,450,16
KDYR|||Dyersburg~4|59992|5951|103|04,1737,30,1,1,40.5,,-880,-900,90,,310,350,101;16,1220,23,1,1,161.5,,630,-230,103,,-420,190,99
KDZJ|||Blairsville~1|48551|60031|582|08,1525,30,1,1,72,,-160,-600,579,186,160,610,564
KEDN|1|ETS|Enterprise~5|12997|41001|110|05,1548,30,1,1,52,,-430,-640,105,,430,650,109
KEHO|||Shelby-Cleveland County~4|52556|83990|258|05,1524,30,1,1,46.8,,-540,-630,255,,440,640,256
KEHR|||Henderson City~8|78078|23143|118|09,2163,30,1,1,88,,-20,-950,117,,30,950,118
KEIW|||County~i|65353|4003|90|18,975,18,1,1,179.8,,440,0,90,,-440,0,90
KEKQ|||Wayne~8|68553|51439|294|03,1219,23,1,1,35.8,,-450,-400,292,,440,400,294
KEKX|1|EKX|Addington Field / Elizabethtown~4|76860|40750|236|05,1829,30,1,1,47,,-560,-760,229,,570,750,236
KEKY|||Bessemer~1|33129|30741|213|05,1831,30,1,1,50,,-510,-710,213,,500,710,213
KENL|1|ENL|Centralia~5|85151|9089|163|18,1524,23,1,1,181,,660,-50,158,,-710,-70,163;09,1006,18,1,1,87,,10,-490,159,91,60,660,158,91
KEOE|||Newberry~8|43093|83603|174|04,1220,23,1,1,36.9,,-390,-350,165,,380,350,173
KEOP|||Pike~8|91669|70718|201|07,1493,23,1,1,62.1,,-310,-760,201,,320,770,201
KEQY|||Charlotte-Monroe Executive~1|50188|93798|207|05,2134,30,1,1,47,,-510,-670,207,,520,670,202
KEUF|1|EUF|Weedon~a|19513|48711|87|18,1524,30,1,1,184,,690,50,86,,-680,-50,84
KEXX|||Davidson County Executive~1|57811|96962|223|06,1525,30,1,1,71,,-370,-1620,223,,80,-30,214
KEYE|||Eagle Creek~j|98307|37056|251|03,1280,23,1,1,25.4,,-520,-320,249,,520,320,251
KEZM|||Heart of Georgia~4|22142|68720|93|02,1983,30,1,1,15,,-640,-350,90,,1080,210,91
KFDW|||Fairfield~8|43155|88912|176|04,1598,30,1,1,38.1,,-540,-510,176,,540,510,171
KFFC|||Peachtree City Falcon~a|33573|54282|246|13,1758,30,1,1,128,,440,-670,246,,-450,670,246
KFFT|1|FFT|Capital City~1|81817|50932|246|07,1526,30,1,1,64,,-220,-570,245,,380,990,239
KFGU|||Collegedale~5|50443|49799|262|03,1520,23,1,1,29.8,,-430,30,,122,700,810
KFGX|||Fleming Mason~1|85418|62566|278|07,1525,30,1,1,67,,-260,-800,276,91,270,810,277
KFOA|||Flora~5|86649|15470|144|03,1525,23,1,1,29.7,,-660,-410,144,,530,460,142;15,828,30,6,0,147,,440,-300,144,49,-180,210,144
KFQD|||Rutherford County Marchman~a|54282|80649|328|01,1524,30,1,1,15,,-680,-210,327,,650,230,329
KFRH|1|FRH|French Lick~5|85062|33631|241|08,1676,30,1,1,75.9,,-180,-940,241,,190,930,239
KFWC|||Fairfield~5|83786|15873|133|09,1219,23,1,1,90,,-60,-950,133,,-70,450,126;18,609,18,1,1,181,,410,520,127,,-130,510,126
KFYE|||Fayette~8|52077|6055|133|01,1524,23,1,1,7.8,,-680,-110,133,,680,120,129
KFYM|1|FYM|Fayetteville~5|50597|34360|300|02,1798,30,1,1,13.8,,-790,-240,293,122,790,230,300,155
KFZG|||Fitzgerald~5|16837|67295|111|02,1524,30,1,1,12,,-720,-410,109,,630,-80,111;15,910,91,4,0,141,,450,10,111,,-270,700,101
KGAD|1|GAD|Northeast Alabama~4|39726|39110|173|06,2073,46,1,1,61,,-680,-1210,173,,240,750,167;18,1465,46,1,3,180,,980,310,165,,-340,300,168
KGAS|||Gallia Meigs~4|88341|78366|173|05,1219,23,1,1,47.9,,-370,-520,171,,370,520,172
KGCY|1|GCY|Greeneville~5|61956|71885|490|05,1920,30,1,1,47.4,,-850,-1140,477,,320,430,489
KGEO|||Brown~8|88819|61173|292|18,1076,20,1,1,170,,480,-110,291,,-470,100,290
KGEV|||Ashe~8|64324|85815|969|10,1525,23,1,1,89,,-10,-850,969,,20,610,945
KGEZ|||Shelbyville~5|95860|41960|245|01,1524,30,1,1,6.4,,-1490,-40,244,,-120,160,245;09,814,58,4,0,92.2,,-890,-710,245,140,-910,230,244
KGFD|1|GFD|Pope~a|97907|42650|273|18,660,46,4,1,,250,370,-30,273,50,-180,-30,273,180
KGHM|1|GHM|Centerville~5|58374|25546|234|02,1220,23,1,1,18.1,,-520,-210,233,,520,210,234,76
KGKT|1|GKT|Gatlinburg-Pigeon Forge~1|58578|64713|309|10,1678,23,1,1,98.8,,110,-920,309,,-120,920,306,103
KGLW|1|GLW|Glasgow~5|70318|40463|218|07,1616,30,1,1,71.4,,-230,-870,215,,230,860,218,92
KGNF|||Grenada~5|38325|2018|63|13,2134,46,1,1,132,,890,-1030,63,,-390,680,60;04,1523,30,1,0,52,,-790,-400,59,,60,900,61
KGRD|1|GRD|Greenwood~8|42487|78409|192|09,1524,30,1,1,85.2,,-50,-820,192,,60,830,189
KGRE|1|GRE|Greenville~1|88368|6235|165|18,1220,23,1,1,180,,440,0,165,,-660,10,162;09,860,76,4,0,90,,-10,-1000,165,,-10,110,165
KGVL|1|GVL|Lee Gilmer~i|42726|61698|389|05,1675,30,1,0,41,,-550,-770,389,,590,420,377;11,1220,30,1,0,108,,150,-400,388,,-180,870,384
KGYH|1|GDC|Donaldson~g|47583|76236|291|05,2438,46,2,1,39.8,,-840,-860,291,,840,850,280
KGZH|||Evergreen Regional Airport/Middleton~a|14158|29560|79|01,1526,46,1,1,5,,-650,-350,76,,440,-230,78;10,1525,46,1,1,100,,200,-360,79,,10,900,74
KGZS|||Abernathy~a|51537|29432|209|16,1618,23,1,1,153,,610,-380,209,,-610,380,196
KH96|||Benton~5|80067|10656|135|18,1220,23,1,1,179,,730,-10,135,,-370,0,135
KHAB|1|HAB|Marion County Rankin Fite~1|41176|20018|133|18,1675,30,1,1,182,,690,30,134,,-820,-30,124
KHAO|1|HAO|Butler Co Regional Airport - Hogan~a|93638|54780|193|12,1676,30,1,1,120,,260,-910,193,,-270,920,189
KHEG|||Herlong~1|2778|81941|27|07,1220,30,1,1,65,,-140,-900,27,,330,250,27;02,1219,46,1,2,20,,-1100,-620,23,,-70,-190,26;16,1219,46,1,2,155,,-120,-310,26,,-1120,230,24;11,1067,30,1,1,110,,60,-160,27,,-270,890,27
KHFY|||Indy South Greenwood~1|96284|39121|251|01,1555,23,1,1,8,,-580,-100,250,,590,100,250
KHKA|1|HKA|Blytheville~5|59404|1692|78|18,1525,23,1,1,178.9,,690,-20,78,,-690,20,77
KHLB|1|HLB|Batesville~1|93429|47416|297|18,1808,30,1,1,180,,840,0,297,152,-520,0,297,152
KHLX|||Twin~8|67661|91764|821|01,1265,23,1,1,10,,-570,-120,821,,570,130,805
KHNB|1|HNB|Huntingburg~1|82490|30463|161|09,1677,30,1,1,91,,10,-870,156,,0,870,161
KHOC|||Highland~8|91888|64612|298|05,1073,23,1,1,49,,-320,-470,298,,310,470,284
KHOE|||Homerville~1|10559|72259|57|14,1524,23,1,1,135,,390,-450,56,,-390,440,55
KHQU|||Thomson-McDuffie~8|35297|74835|153|10,1681,30,1,1,93,,30,-850,138,,-30,860,152
KHSA|||Stennis~3|3678|5454|7|18,2590,46,1,1,180,,1170,0,7,,-1170,-10,4
KHSB|1|HSB|Harrisburg-Raleigh~1|78113|14497|121|06,1528,23,1,1,63.2,,-230,-920,118,,390,640,121;14,842,23,1,1,141,,140,-30,118,,-450,570,116
KHTW|1|HTW|Lawrence County~j|84191|75051|173|08,914,21,1,1,81,,-70,-600,173,53,70,500,173
KHVC|||Hopkinsville Christian~8|68570|25449|172|08,1678,30,1,1,77.8,,-160,-920,164,,160,920,172
KHVS|1|HVS|Hartsville~4|44031|98808|111|03,1524,23,1,1,22.4,,-640,-320,104,,630,310,111
KHZD|||Carroll~8|60893|15367|151|01,1679,30,1,1,12.2,,-610,-160,151,,870,230,151
KI10|||Noble~8|98010|84637|268|05,1162,20,1,1,40.5,,-400,-440,267,,390,440,268,126
KI16|||Kee~a|76004|84407|543|08,1128,18,1,1,70,,-170,-590,525,,180,600,543,180
KI18|||Jackson~8|89298|81805|231|04,1219,23,1,1,29.6,,-480,-350,225,,470,350,231
KI23|||Fayette~8|95704|65795|299|05,1554,23,1,1,34,,-580,-510,298,,580,500,297
KI34|||Greensburg~5|93269|44775|278|18,1046,12,1,1,179.5,,470,-10,278,122,-470,0,276,30
KI35|||Tucker Guthrie~i|68594|66415|473|08,1055,23,1,0,76,,-120,-570,465,,110,580,477
KI43|||James A Rhodes~1|89814|74221|221|01,1585,23,1,1,5,,-720,-80,220,101,710,90,221
KI50|||Stanton~1|78499|61543|198|06,913,21,1,0,59,,-190,-450,,67,230,440
KI53|||Liberty-Casey~8|73087|49407|317|01,914,18,1,0,6,,-330,-10,,,490,100
KI66|||Clinton~8|95033|61372|315|03,1091,18,1,1,28,,-440,-300,313,,430,300
KI67|||Cincinnati West~1|92589|52257|178|01,856,18,1,1,0.3,,-410,0,177,94,420,0,177;09,539,30,4,2,90,,-220,-650,,,-220,-10
KI68|||Warren County Airport/John Lane~a|94622|57482|274|01,1373,23,1,1,4,,-620,-60,269,192,610,50,274
KI69|||Clermont~8|90784|57898|257|04,1087,23,1,1,37,,-310,-290,257,121,390,370,248
KI71|||Morgan County~4|96542|81968|305|12,1067,20,1,1,120,,240,-540,305,107,-240,540,305
KI73|||Moraine Air Park|96822|57610|219|08,1067,20,1,1,91,,40,-1020,219,170,30,220,219,41
KI86|||Perry~8|96916|78022|320|08,1066,23,1,1,72.1,,-150,-590,320,,150,590,317
KI93|||Breckinridge~8|77848|35587|224|09,1067,23,1,1,91,,40,-670,,,20,540
KIIY|||Washington Wilkes~8|37794|71842|197|13,1530,23,1,1,126,,320,-540,197,,-330,530,195
KIMS|1|MDN|Madison~4|87589|45345|250|03,1524,23,1,1,32,,-420,-330,246,,610,480,249
KIOB|||Mount Sterling Montgomery~8|80581|60204|311|03,1524,23,1,1,27.1,,-610,-390,311,,610,400,300
KIPJ|||Lincolnton Lincoln County~4|54833|88387|267|05,1737,30,1,1,47,,-510,-670,267,61,520,690,264
KJAU|||Campbell County Airport - Colonel Tommy C Stiner~9|63341|58370|360|05,1219,23,1,1,45.7,,-390,-480,346,,380,490,360
KJES|||Jesup Wayne~8|15540|81175|33|11,1676,30,1,0,99,,120,-870,33,,-130,870,20
KJFX|||Walker County Airport Bevill~a|39020|26858|147|09,1525,30,1,1,92,,30,-780,147,,-20,860,144
KJFZ|||Tazewell~8|70637|82017|809|07,1310,23,1,1,65.6,,-240,-670,808,,250,670,808
KJKA|1|GUF|Jack Edwards National~1|2905|23282|5|09,2122,30,1,1,90,,-20,-840,4,141,-20,1360,5;17,1096,23,1,1,175,,280,-540,5,,-710,-450,3
KJVY|||Clark~4|83654|42618|144|18,2134,30,1,1,180,,660,30,144,,-850,30,141;14,1188,23,1,1,138,,540,-500,143,,-260,410,141
KJWN|||John C Tune~1|61824|31133|151|02,1829,30,1,1,15,,-740,-240,140,,730,240,150,152
KJYL|||Plantation~j|26453|84029|57|05,1677,30,1,1,48,,-530,-350,52,,400,840,57;10,1257,46,1,2,100;15,1154,23,1,0,145.5,,520,-670,53,,-340,30,53
KJZI|||Charleston Executive~1|26982|99943|5|09,1631,30,2,1,89,,670,-610,5,,680,1020,3;04,1315,46,2,1,32.2,,-710,-10,3,,290,730,3,209
KJZP|||Pickens~8|44534|55426|468|16,1524,30,1,1,159,,640,-290,458,,-650,300,468
KK02|||Perryville~4|78687|1379|113|02,1976,30,2,1,17,,-920,-360,112,,910,360,113
KK20|||Wendell H Ford~1|73848|67403|383|14,1676,30,1,1,138.9,,570,-610,379,,-470,520,382;06,989,18,1,1,59.3,,470,-1010,379,84,920,-50,379
KK22|||Big Sandy~4|77510|73633|372|03,1540,30,1,1,31,,-590,-450,357,,590,450,372
KK24|||Russell~8|70097|48973|308|17,1527,24,1,1,175.4,,680,-70,308,,-680,70,292
KK62|||Gene Snyder~1|87042|56084|274|03,1220,23,1,1,27,,-500,-330,274,,480,310,268
KL31|||St. Tammany~4|4451|111|12|18,916,23,1,1,180,,410,0,,,-430,0
KLCQ|1|LCQ|Lake City Gateway~1|1820|74231|61|10,2439,46,1,1,97,,210,-1320,60,,-60,1190,60;05,1219,23,1,1,52,,-470,-360,57,,210,640,59
KLGC|1|LGC|LaGrange Callaway~1|30089|49257|211|13,1981,30,1,1,127,,300,-490,207,,-620,980,206;03,1524,30,1,0,24,,-460,-250,207,,790,420,208
KLHQ|||Fairfield~8|97556|73429|265|10,1525,23,1,1,94,,50,-890,261,,-40,890,263
KLHW|1|LIY|MidCoast Regional Airport at Wright Army~9|18912|84390|14|06L,1981,30,1,1,50.6,,-700,-1020,13,,180,230,10;15L,1524,30,1,1,140.6,,320,-260,11,,-740,760,10;06R,796,30,1,0,49,,-620,-670,13,,-140,-20,12;15R,768,30,1,0,141,,-160,30,12,,-700,540,12
KLKR|||Lancaster County-Mc Whirter~a|47229|91454|148|06,1830,31,1,1,58.5,,-430,-850,140,,430,850,148
KLMS|1|LMS|Louisville Winston~8|31462|9375|175|17,1423,23,1,1,170,,610,-130,167,,-610,130,171
KLNP|1|LNP|Lonesome Pine~1|69875|74700|818|06,1564,30,1,1,56.2,,-400,-750,814,,410,750,818
KLQK|1|LQK|Pickens~8|48100|72971|309|05,1525,30,1,1,43.8,,-500,-580,294,,490,580,309
KLUG|||Ellington~1|55070|31961|219|02,1524,30,1,1,17.9,,-670,-260,219,,650,260,216
KLUL|1|LUL|Hesler Noble~a|16726|8278|73|13,1680,46,1,1,135,,580,-680,73,,-490,570,71
KLUX|||Laurens~8|45071|80528|212|08,1235,23,1,1,67.9,,-170,-620,212,,160,620,211
KLWV|1|LWV|Lawrenceville Vincennes~3|87643|23945|131|18,1585,30,1,1,180,,370,440,131,,-1060,450,130;09,1584,30,1,1,89.4,,330,-1360,130,,350,460,131;04U/22U,305,61,4,0
KLZU|1|LZU|Gwinnett County Briscoe~a|39781|60376|323|07,1829,30,1,1,64,,-370,-880,323,,360,890,314
KM02|||Dickson County~5|61280|25702|272|17,1524,23,1,1,172.2,,680,-120,272,,-690,110,265
KM04|||Covington~5|55834|4128|85|01,1525,30,1,1,9,,-680,-130,85,,680,130,83
KM05|||Caruthersville~i|61691|3235|82|18,1220,23,1,1,179,,550,-10,82,,-550,10,81
KM08|||William L. Whitehurst~a|52145|9566|152|01,1526,23,1,1,6.9,,-550,-80,149,,540,80,152
KM12|||Steele~5|60959|1366|79|18,1214,18,1,1,180,,380,480,,,-700,480;04,1204,27,1,2,44.5,,-400,-470,,,380,480
KM13||PCU|Poplarville Pearl River~8|7860|4955|98|16,1219,30,1,1,160,,520,-220,,,-510,220,98
KM15|||James Tucker Perry~8|55945|21233|226|18,1097,23,1,1,180,,630,0,,,-350,0
KM20|||Grayson~8|73995|37398|232|02,1219,18,1,1,23,,-630,-340,,,380,200
KM21|||Muhlenberg~8|72260|28430|129|05,1524,23,1,1,55.8,,-360,-650,126,,410,770,128,122
KM22|||Bill Pugh~a|44444|22881|220|02,1676,23,1,1,16,,-660,-230,210,,790,280,219,152
KM23|||James H Easom~a|23119|8644|112|13,914,23,1,1,132,,280,-390,112,,-270,340
KM24|||Dean Griffin~i|8432|8402|82|17,1067,23,1,1,171,,420,-70,,,-400,80
KM25|||Mayfield Graves~8|67691|14153|159|18,1410,30,1,1,184,,640,60,158,,-630,-60,158
KM29|||Hassell~a|53836|20319|122|02,1402,23,1,1,18.9,,-440,-190,,,750,310
KM30|||Metropolis~5|71824|12493|117|18,1220,23,1,1,181,,600,10,117,,-500,0,114
KM31|||Arnold~a|59034|6027|89|05,1433,23,2,0,50.3;13,1433,23,2,0,135.3;18,1433,23,2,0,175.9,,630,-50,,,-650,60
KM33|||Music City Executive~1|63751|35916|178|17,1920,30,1,1,171.1,,850,-170,178,,-500,100,165
KM34|||Kentucky Dam State Park~1|70098|17006|107|10,1218,30,1,1,89,,-40,-330,,,-20,1040
KM40|||Monroe~8|38737|15103|69|18,1524,23,1,1,186.2,,690,90,69,,-680,-90,68
KM41|||Holly Springs Marshall~8|48043|4789|169|18,976,18,1,1,179.1,,450,-10,158,,-430,10,169
KM43|||Prentiss Jefferson Davis~8|15954|935|139|12,974,18,1,1,123,,230,-430,137,,-250,440,138
KM44|||Houston~5|38862|9766|103|03,1341,23,1,1,29,,-350,-220,100,,550,400,103
KM51|||Oktibbeha~1|34975|13187|76|09,949,46,4,2,90;13,823,46,4,0,138,,300,-320,,,-250,280;18,671,46,4,0,184,,280,40,,,-320,-10
KM53|||Humboldt~5|58022|11251|128|04,1220,23,1,1,46,,-380,-490,124,,380,480,128
KM54|||Lebanon~5|61904|36843|179|01,1524,30,1,1,6.6,,-670,-170,180,123,690,20,168,152;04,549,46,4,0,46.3,,-190,-10,173,,160,430,172,183
KM55|||Lamar~8|38467|18845|141|17,1101,23,1,1,165,,480,-140,141,,-480,150,139
KM59|||Richton Perry~8|13174|10650|51|18,914,18,1,1,180,,410,0,,,-410,0
KM72|||New Albany Union~8|45490|9755|126|18,1190,23,1,1,176,,540,-30,,,-530,50
KM83|||Mccharen~a|35840|13333|62|18,1173,23,1,1,180,,530,10,62,119,-530,0,62
KM85|||Gideon~i|64438|962|82|15,1373,18,1,1,150.1,,530,-390,81,,-540,380,82
KM91|||Springfield Robertson~8|65368|30788|215|04,1678,30,1,1,33.6,,-540,-410,213,,610,520,215
KM93|||Houston~8|63132|20860|113|08,914,23,1,0,72,,220,-750,,,480,220,,64
KM95|||Richard Arthur~a|37092|21847|109|18,1493,24,1,1,182,,970,60,111,94,-380,0,102
KMAC|1|MAC|Macon Downtown~1|28221|64380|133|10,1431,30,1,1,102,,90,-900,126,78,-50,620,126,77;15,1102,23,1,2,147,,410,-150,137,305,-430,490,125
KMAI|||Marianna~5|8378|48181|34|18,1829,30,1,1,180,,300,-380,33,,-1050,-380,32;04,1523,91,1,2,40,,-250,-1310,32,,800,-280,33;14,1522,46,1,2,140,,-220,-1230,32,,-1280,-200,33;08,1452,30,1,0,82,,280,-390,34,,470,1150,33;18R,951,46,1,2,179,,890,-1450,33,,30,-1420,33;08L,950,46,1,2,82,,910,-1420,32,,1030,-450,34
KMAW|1|MAW|Malden~4|66006|78|90|18,1527,30,1,1,180.6,,680,-120,90,,-690,-140,89;04,1524,46,1,2,45.6,,-10,-540,89,,950,680,90;14,1524,24,1,1,136,,20,-540,89,,-970,650,89
KMBT|||City of Murfreesboro~1|58775|36225|187|18,1448,30,1,1,183,,530,20,183,,-540,-30,187
KMDQ|||Madison County Executive Airport-Tom Sharp Jr~a|48614|34425|230|18,1981,30,1,1,181,,690,20,219,,-690,-10,230
KMGR|1|MGR|Moultrie~5|10849|61967|90|04,1829,30,1,1,39,,-440,-620,82,,660,410,90;16,1182,23,1,0,159.3,,360,-70,88,79,-640,370,82
KMGY|1|MGY|Dayton-Wright Brothers~1|95890|57751|292|02,1524,30,1,1,22,,-640,-330,285,,630,340,291,180
KMHP|||Metter~5|23739|79182|60|10,1524,23,1,1,93,,20,-320,59,,-20,850,60
KMJD|||Picayune~5|4875|3488|17|18,1524,23,1,1,180,,690,0,17,,-690,0,16
KMKJ|||Mountain Empire~1|68949|86501|780|08,1601,23,1,1,73.2,,-210,-860,780,,200,860,763
KMKS|||Berkeley~8|31855|99637|22|05,1524,23,1,1,42.8,,-440,-480,22,,440,490,21
KMLJ|1|MLJ|Baldwin County~4|31542|67593|117|10,1678,30,1,1,91,,10,-960,117,,-20,830,107
KMMI|1|MMI|McMinn~8|53973|54374|267|02,1966,30,1,1,18.6,,-650,-270,246,,650,270,262
KMNI|||Santee Cooper~4|35871|97913|31|02,1098,23,1,1,12.1,,-480,-120,29,,480,130,31
KMNV|||Monroe~8|55454|56198|314|05,1110,23,1,1,43.8,,-360,-420,314,,340,400,305
KMOR|1|MOR|Morristown~4|61794|66245|400|05,1743,30,1,1,49.4,,-520,-740,400,,500,730,389
KMPE|||Philadelphia~5|27994|8740|140|18,1524,23,1,1,185.3,,690,80,134,,-680,-70,140
KMPG|||Marshall~8|98808|92642|370|06,1006,18,1,1,51.6,,-280,-460,370,,280,460,364
KMQJ|||Indianapolis~4|98435|41029|263|07,1830,30,2,1,69.9,,-640,-1240,263,,-130,600,262;16,1189,23,2,1,160.1,,1040,220,262,,40,700,261
KMQW|1|MQW|Telfair Wheeler~1|20958|71200|62|03,1524,23,1,1,23,,-510,-250,62,,510,250,56
KMRC|1|MRC|Maury~8|55541|28211|208|06,1829,30,1,1,53.7,,-380,-820,202,,600,800,208;17,592,29,4,0,170,,110,30,,,-430,150
KMRN|1|MRN|Foothills~4|58202|83886|387|03,1676,23,1,1,23.6,,-690,-370,375,,700,370,386
KMTO|1|MTO|Coles County~i|94779|17208|220|11,1982,46,2,1,113,,340,-1050,218,,-360,1070,218;06,1768,30,1,1,60.1,,-380,-910,219,,420,870,217;18,335,76,4,0,175.6,,220,-930,,,-190,-890
KMTV|||Blue Ridge~1|66307|99817|287|13,1525,30,1,1,118,,330,-750,287,,-320,750,278
KMUL|1|MUL|Spence~1|11416|62963|89|04,1524,91,2,2,45,,-800,-1530,,,170,-400;14,1372,23,2,0,135,,50,-540,89,,-830,470,86;18,884,91,2,2,180,,-430,470,,,-1230,470
KMVC|1|MVC|Monroe County Aeroplex~1|14580|26490|128|03,1837,30,1,1,30,,-720,-480,126,,720,470,128
KMVN|1|MVN|Mount Vernon Outland~1|83228|11407|146|05,1980,46,1,1,50,,-500,-750,143,236,650,990,143;15,959,30,1,1,150,,390,-280,146,,-360,270,140
KMWK|||Mount Airy Surry~8|64597|94470|381|18,1676,23,1,1,173,,590,-80,379,152,-580,90,368
KMWO|1|MWO|Middletown~4|95310|56047|198|05,1859,30,1,1,49.4,,-540,-820,196,,550,820,198,91;08,922,49,6,0,85,,200,-890,198,,270,160,198
KN52|||Jaars Townsend~1|48638|92520|183|04,1009,12,1,1,38,,-360,-340,183,,360,340,183,61
KNBJ|1|NHX|Naval Outlying Field Barin|3891|23647|16|09,1524,46,1,0,90,,-40,-270,16,,-50,1000,15;15,1524,46,1,0,152,,740,260,14,,-220,850,15
KNEN|1|NEN|Whitehouse Naval Outlying~a|3539|81281|30|12,2439,46,1,1,12,288,330,-1200,29,,-330,1190,30
KNFD|||Summerdale Naval Outlying~a|5077|23545|45|11,1219,46,1,0,109,,-120,-580,43,,-390,320,43;05,1219,46,1,0,47,,-150,-570,43,,380,80,45;16,869,46,1,2,166,,370,20,45,,-380,240,43
KNFJ|||Choctaw Nolf~1|5069|30403|31|18,2438,46,1,1,180,,1390,190,24,,-830,190,26;04,1219,53,1,2,45,,0,0,30,,780,890,32;11,1097,53,1,2,113.6,,730,300,33,,340,1330,31
KNGS|||Santa Rosa Naval Outlying~g|6108|30600|46|05,1372,46,1,0,46,,-390,-530,39,,480,500,44;09,1372,46,1,0,91,,450,-670,42,,420,750,46;14,1372,46,1,0,136,,480,-610,42,,-410,390,34;18,1372,46,1,0,180,,610,-360,43,,-610,-360,34
KNJW|||Joe Williams Naval Outlying~a|27985|11657|164|13,2431,46,2,1,134,,530,-670,158,,-1000,1190,165
KNQB|||Silverhill Naval Outlying Landing~a|5636|21903|39|09,914,46,1,0,91,,120,-410,38,,110,590,35;05,888,46,1,0,43,,-360,-100,36,,210,520,35;16,888,46,1,0,157,,90,-380,38,,-610,-30,35
KNRQ|||Spencer Nolf~1|6253|28600|46|04L,549,46,1,0,39,,-30,-360,44,,360,0,43;04R,549,46,1,0,39,,-360,0,43,,30,360,43;09L,549,46,1,0,90,,220,-280,43,,220,280,43;09R,549,46,1,0,90,,-220,-280,44,,-220,280,43;13L,549,46,1,0,135,,330,-30,44,,-30,390,43;13R,549,46,1,0,135,,30,-390,43,,-340,30,43;18L,549,46,1,0,180,,250,250,43,,-250,250,43;18R,549,46,1,0,180,,250,-250,43,,-250,-250,44
KOEA||OEA|O'Neal~1|86852|24569|126|09,1052,46,4,0,90,,260,-1600,126,,260,-380,126,37;14,800,41,4,0,141.9,,880,-930,126,114,310,-360,126,79;03,716,37,4,0,25.7,,230,-1170,,104,810,-810,,91
KOKZ|||Kaolin~a|29667|71618|134|13,1677,23,1,1,120,,350,-700,124,,-350,710,133
KOLV|1|OLV|Olive Branch~1|49787|2131|123|18,1829,30,1,1,180,,830,0,122,,-820,10,120
KOLY|1|OLY|Olney Noble~1|87218|18236|147|11,1249,23,1,1,107.2,,280,-810,147,,-50,570,143;04,1097,18,1,1,36,,-520,-240,142,,280,500,144
KOPN|||Thomaston Upson~8|29546|57368|243|12,1935,30,1,1,118,,360,-820,243,,-370,830,243
KOSX|1|OSX|Kosciusko Attala~8|30903|4580|146|14,1527,23,1,1,137,,500,-550,146,,-510,550,143
KOVO|||North Vernon~1|90456|43947|231|05,1525,23,1,1,47.7,,-530,-520,231,,390,780,230;15,832,15,1,0,152.8,,380,-550,229,,-280,-110,231
KOXD|1|OXD|Miami University~1|95023|52156|317|05,1223,21,1,1,46,,-390,-510,317,82,380,510,315
KPBX|1|PVL|Pike County Airport Hatcher~a|75608|74299|449|09,1633,30,1,1,84,,-50,-920,442,107,110,920,447;02,1053,23,1,1,16,,-220,750,449,,730,1090,444
KPHT|1|PHT|Henry~8|63382|16171|177|2,1525,30,1,1,16,,-880,-390,177,,430,90,173
KPIM|1|PIM|Harris~8|28407|51176|275|09,1525,30,1,1,88.4,,-20,-820,275,,20,810,274
KPJY|||Pinckneyville Du Quoin~1|79779|6395|122|18,1219,18,1,1,181.3,,550,20,122,,-550,-10,120
KPLR|1|PLR|St Clair~8|35588|37509|148|03,1524,24,1,0,22,,-630,-300,147,,640,320,147
KPMH|1|PMH|Greater Portsmouth~4|88405|71527|202|18,1524,30,1,1,177.8,,680,-30,201,,-690,30,200
KPMU|||Panola~8|43635|1074|67|01,1524,23,1,1,12,,-670,-170,67,183,670,170,67
KPQL|1|PGL|Trent Lott~3|4628|14708|5|17,1982,46,1,1,166,,870,-250,5,,-870,250,5
KPRG|||Edgar~8|97002|23304|199|09,1372,23,1,1,91,,-20,-800,198,,-10,800,198
KPRN|||Mac Crenshaw~i|18457|33893|137|14,1677,24,1,1,140,,580,-580,137,,-580,570,129
KPSK|1|PSK|New River Valley~1|71373|93215|642|06,1890,46,1,1,52.1,,-520,-840,642,,530,840,632
KPUJ|1||Silver Comet Field at Paulding Northwest Atlanta~1|39123|50589|393|13,1678,30,2,0,,,430,-670,393,,-490,770,391
KPVE|||Beech River~4|56564|18046|149|01,1829,30,2,1,11.9,,-810,-200,136,,800,210,149
KPXE|||Perry Houston~8|25106|62327|127|18,1525,30,1,1,179,,680,-10,128,,-690,0,126
KPYG|||Pageland~1|47421|96548|175|06,1035,18,1,1,50,,-290,-430,168,,300,440,175
KPYP|||Centre-Piedmont-Cherokee County~4|40900|43899|182|07,1676,30,1,0,63,,-350,-810,178,,340,810,181
KRBW|1|RBW|Lowcountry~4|29210|93594|31|05,1829,30,1,1,44,,-530,-470,27,,660,890,31;17,1739,30,1,0,165.6,,700,-450,25,,-820,20,28;09,1648,46,1,2,89,,-20,-880,25,,10,880,28
KRID|1|RID|Richmond~5|97572|51572|347|06,1677,46,1,1,55.2,,-550,-730,346,91,310,870,347;15,1524,30,1,1,145,,470,-570,344,,-660,450,347;10,1085,46,1,2,100,,370,-710,343,,200,540,347
KRKW|1|RKW|Rockwood~5|59223|53103|507|04,1524,30,1,1,39.3,,-530,-540,506,,530,530,497
KRNC|1|RNC|Warren County~i|56987|41562|315|05,1524,30,1,1,50.6,,-440,-650,315,,440,650,313,88
KRSV|||Robinson~5|90160|23502|141|09,1557,30,1,1,91.8,,60,-1120,141,,20,680,139;17,1036,23,1,1,165.8,,400,190,139,,-510,480,138
KRUQ|1|SRW|Mid-Carolina~4|56459|94797|235|02,1677,30,1,1,16,,-730,-250,235,,720,260,234
KRVJ|||Swinton Smith Field at Reidsville~5|20595|78462|59|11,1525,23,1,1,108,,110,-380,53,,-210,790,59
KRVN|||Hawkins~8|64576|71150|383|07,1068,23,1,1,64,,-210,-540,383,,210,530,375
KRZR|||Cleveland Regional Jetport|52115|52002|262|03,1890,30,1,1
KRZT|||Ross~8|94404|69769|221|05,1647,30,1,1,42.4,,-550,-640,221,,550,650,215;12,954,38,4,2,113,,410,-370,221,101,80,650,221
KS17|||Twin Lakes~1|36457|81329|165|6,1221,18,1,1,61,,-310,-440,157,120,260,580,164
KS19|||McCormick~8|39081|77331|140|18,1097,23,1,1,177.2,,490,-30,140,,-500,30,137
KSAR|1|SAR|Sparta Community Airport - Hunter~a|81489|3013|164|18,1220,23,1,1,180.3,,650,-80,164,,-450,-80,164;09,902,34,4,0,90,,-150,-290,162,,-150,550,159
KSBO|||Emanuel~8|26091|76301|100|13,1835,30,1,1,129,,530,-760,99,,-520,750,98
KSCD|||Merkel Field Sylacauga~5|31718|36945|173|09,1643,30,1,1,91,,10,-880,173,,0,880,167
KSCX|||Scott~5|64555|54140|471|05,1678,23,1,1,46.3,,-500,-650,471,,540,700,464
KSEM|1|SEM|Craig~a|23439|30122|51|15,2443,46,1,1,146,,910,-730,51,,-900,730,50
KSER|1|SER|Freeman~5|89236|40926|178|05,1829,30,1,1,44,,-540,0,174,,540,1340,177;14,1677,30,1,1,134,,510,-1360,178,,-540,30,174;18U/36U,370,30,4,0,180,,780,-660,,,450,-660;09U/27U,336,30,4,0,90,,780,-680,,,780,-320
KSIK|1|SIK|Sikeston Memorial~5|68989|4382|96|03,1677,30,1,1,24,,-690,-380,95,,690,390,96
KSIV|1|SIV|Sullivan~8|91147|25517|165|18,1329,23,1,1,180.7,,600,10,164,,-600,-10,163
KSLO|1|SLO|Salem–Leckrone~1|86429|10358|175|18,1249,23,1,1,180.4,,560,10,175,,-570,0,172
KSMS|1|SUM|Sumter~1|39950|96387|55|05,1677,30,1,1,43.2,,-480,-640,54,,620,600,55;14,939,37,4,0,134,,180,-340,55,,-410,390,55
KSNH|||Savannah Hardin~8|51704|17841|144|01,1525,30,2,1,8,,-700,-190,144,,670,30,138
KSPA|1|SPA|Spartanburg Downtown~i|49157|80435|244|05,1784,30,1,1,41.6,,-530,-570,242,,540,580,240
KSRB|||Upper Cumberland~4|60559|44693|312|04,2043,30,1,1,34.7,,-680,-580,312,,680,580,312
KSTF|||George M Bryan~1|34331|11514|101|18,1692,46,1,1,179,,760,-20,101,421,-760,20,98
KSVH|1|SVH|Statesville~4|57653|90461|295|10,2135,30,1,1,96.8,,80,-1170,291,305,-140,1170,292
KSXL|||Summersville~1|82316|91292|555|04,919,15,1,1,36.8,,-330,-320,551,,330,310,555
KSYI|1|SYI|Bomar Field / Shelbyville~5|55601|35575|244|18,1678,30,1,1,179.3,,690,-10,244,,-690,10,242
KSYV|1|SYV|Sylvester~1|15585|61043|123|01,1379,23,1,0,12,,-440,-110,119,,440,110,120
KSZY|||Robert Sibley~1|52029|15016|186|17,1525,23,1,1,164.9,,660,-200,184,,-660,240,186
KTAZ|||Taylorville~5|95342|6722|190|18,1220,23,1,1,179,,360,30,188,,-730,50,189;09R,1067,18,1,0,90,,-450,-1390,188,,-430,-150,188;09L,589,50,4,0,90,,390,-420,,,390,260
KTBR|1|TBR|Statesboro Bulloch~8|24827|82631|57|14,1829,30,1,1,135,,290,-660,57,,-880,720,48,91;06,1336,30,1,0,47,,20,-590,54,,800,490,57;18,1326,46,1,2,178,,790,250,,,-400,300
KTEL|||Perry County~5|80177|33091|201|13,1341,23,1,1,134,,530,-700,185,,-310,400,201
KTGC|||Gibson~8|59325|11511|109|01,1464,23,1,1,8.9,,-660,-130,109,,650,120,108
KTHA|1|THA|Tullahoma Regional Airport William Northern~a|53801|37536|330|06,1677,30,1,0,57.8,,-160,-790,330,,570,630,329;14,1524,46,2,2,135;18,1282,30,2,1,180,,800,280,328,,-580,290,329;09,954,30,6,0,89.2,,-590,-810,329,,-580,90,328
KTMA|1|TMA|Henry Tift Myers~1|14290|65115|108|16,1983,30,1,1,149,,470,-620,107,,-830,280,103;10,1160,23,1,1,94,,300,-370,107,,220,850,103;03,1033,23,1,2,31,,-410,-130,106,,390,430,104
KTOC|1|TOC|Toccoa Airport - R.G. Letourneau~a|45938|67042|304|03,1526,30,1,1,21,,-640,-400,303,,390,70,295;09,899,15,1,0,88,,140,-270,296,,170,710,289
KTVI|1|TVI|Thomasville~4|9016|61187|80|04,1830,31,1,1,40,,-640,-630,73,,520,500,72;14,1524,30,1,1,133,,570,-480,80,,-370,690,76
KTWT|||Sturgis~5|75408|20482|113|04,1540,46,2,2,48,,-550,-410,113,,380,890,113;18,1524,46,1,1,183,,780,-210,113,,-590,-300,113;10,1524,46,2,2,106,,640,-400,113,,260,1250,113
KTZR|||Bolton~a|99012|68631|276|04,1676,30,1,1,32.2,,-640,-520,275,,640,520,276
KTZV|||Tompkinsville Monroe~8|67290|43476|316|04,1219,23,1,1,34,,-450,-380,310,,460,390,316
KUBS|1|UBS|Columbus Lowndes~8|34654|16197|57|18,1373,30,1,1,179,,610,-70,57,,-630,-50,57
KUCY|1|UCY|Everett-Stewart~4|63818|10146|102|01,1982,30,1,1,6,,-680,-100,102,,680,90,94
KUKF|1|IKB|Wilkes~8|62228|89017|397|01,1890,30,1,1,359,,-770,-10,381,,930,-60,398
KUMP|||Indianapolis Metropolitan~1|99352|39550|247|15,1220,30,1,1,146,,440,-380,240,48,-440,390,247
KUNI|1|ATO|Ohio University~1|92118|77705|233|07,1707,30,1,1,60.7,,-370,-840,233,274,390,890,232
KUOS|1|UOS|Franklin~8|52048|41009|595|07,1128,15,1,1,64,,-210,-520,595,,230,590,595,61
KUWL|||New Castle-Henry County~5|98759|46735|332|09,1220,20,1,1,91.4,,10,-710,328,27,-20,710,331,98
KUYF|||Madison~8|99327|65380|330|09,1219,23,1,1,86.6,,-30,-710,329,,30,710,321
KUZA|1|RKH|Rock Hill - York~8|49878|89428|203|02,1676,30,1,1,11.2,,-740,-180,203,,740,180,201
KVDI|1|VDI|Vidalia~4|21927|76288|84|07,1829,30,2,1,63,,-510,-810,83,,250,920,82;14,1525,23,2,0,132,,620,-660,83,,-290,540,83
KVJI|1|VJI|Virginia Highlands~1|66871|79667|636|06,1676,23,1,1,56,,-340,-630,629,,340,630,636
KVLA|1|VLA|Vandalia~5|89915|8338|164|18,1143,30,1,1,179.7,,610,-110,162,,-420,-100,161;09,915,23,1,1,89.7,,-130,-390,162,,-120,660,164
KVPC|||Cartersville~1|41231|51513|231|01,1756,30,1,1,3.5,,-790,-60,230,226,790,60,224
KVUJ|||Stanly~8|54167|98492|186|04R,1676,30,1,1,40.9,,-710,-610,186,,430,600,186;04L,1067,23,1,1,38.1,,-180,-360,181,,580,350,177
KW22|||Upshur County~4|90005|97263|498|11,1280,23,1,1,98.2,,90,-860,497,,-70,610,498
KW38|||Williamsburg Whitley~8|67950|58005|359|02,1676,30,1,1,17.8,,-720,-290,352,,720,290,359
KWAY|1|WAY|Greene~8|99011|98693|326|09,1067,23,1,0,,,-90,-610,325,,100,610,324
KWDR|1|WDR|Barrow~8|39829|63326|287|13,1586,30,1,1,129,,580,-620,285,,-370,800,277;05,1099,30,1,1,46,,-510,-570,285,,180,280,280
KXNO|||North Air Force Auxillary~9|36094|89167|98|06,3049,46,1,1,54,,-850,-1380,,305,780,1260;05,1067,27,1,0,43.9,,-200,600,,,490,1400
KY8|||Hancock County-Ron Lewis~a|79532|31428|126|05,1525,23,1,0
KZ01|||Eglin Auxiliary Field 6~1|6337|32573|37|18,1524,18,1,0,180.8,,690,-10,34,610,-700,-10,36,274
KZEF|||Elkin~5|62800|92139|326|07,1220,23,1,1,66.4,,-220,-620,325,,220,630,316
L44|||Moundville~1|29682|23594|49|18,732,24,4,0,,,440,-110,,,-220,-120;09,626,30,4,0
LL13|||Stoney Real Estate~1|80486|16994|140|18,693,21,4,0
LL26|||Schaller~1|82724|1425|132|18,681,27,4,0
LL45|||Lindell Loveless~1|91823|1782|200|N/S,1113,40,4,0
M28|||Mid Continent~1|62251|2721|82|18,1042,53,4,0,,,380,-100,,,-550,-90
M38|||Hazel Green~1|49162|33531|248|07,814,12,1,0,,,-130,-450,,,90,400
M97|||Morehead-Rowan County Clyde A. Thomas~4|82150|64124|313|02,1676,30,1,0
MO57|||Henderson Mounds E B G~1|67070|5333|90|N/S,762,23,4,0
MS08|||Harrell~a|24739|1482|117|18,792,23,4,0
MS11|||Mohr~h|22085|583|110|03,914,21,4,0
MS14|||John Farese~j|48139|8004|172|05,610,23,4,0
MS18|||Dilworth~1|47700|13944|142|18,732,11,4,0
MS26|||Cedar Creek Air~b|8022|14525|50|18,1244,18,4,0
MS27|||Aerohead~1|7069|15708|40|18,792,24,4,0
MS29|||Pace~6|26019|1361|107|03,968,30,4,0
MS36|||Supplejack~1|26473|275|104|10,518,15,4,0
MS39|||Smith~8|18210|5416|101|08,671,30,4,0
MS48|||George Ford~1|6219|3035|18|18,834,24,4,0
MS54|||Burney Farms~1|40098|2638|87|15,792,12,4,0
MS55|||Schloss Adlers~1|48109|4216|146|09,762,23,4,0
MS61|||Simpson~a|6252|2666|53|17,762,46,4,0
MS63|||Rye~a|40543|16288|101|16,792,30,4,0
MS64|||Vaiden Landing~1|48483|1220|76|09,640,30,4,0;18,274,30,4,0
MS70|||McLain-Calico~1|27354|10743|171|15,427,15,4,0
MS76|||Wade~a|37754|7552|91|18,610,15,4,0
MS80|||Hasting~j|39946|6874|84|18,975,24,4,0
MS82|||Shade Tree~a|5105|8527|34|17,853,30,4,1
MS88|||Oreck~1|7774|2749|55|09,887,23,3,1,90,,0,-600,,,0,610
MS93|||Hooper Skylark~a|7266|2683|46|09,1250,15,4,0;13,792,15,4,0
MS96|||Barrett~a|27562|9051|133|06,1219,21,4,0
MU04|||Broadwater~1|65898|799|85|18,1219,30,4,0
N63|||Meadow Brook~a|63015|98516|192|16,831,10,1,0,,,,,192,,-350,160,192
N83|||DS Butler Farm and~9|61951|99947|290|01,610,18,4,0
N92|||Laneys~1|55743|88827|312|05,610,30,4,0
N97|||Hiatt~1|58301|98905|261|01,762,23,4,0;09,354,15,4,0
NC02|||Boomerang~1|52126|81335|259|16,610,23,4,0
NC05|||Bradford~g|54087|92058|198|06,1173,46,6,0,58.5,,-290,-580,,,270,530
NC06|||Elk River~1|61605|81052|1057|12,1402,23,1,0,115.1,,240,-920,,,-290,490
NC08|||Tusquittee Landing~1|50854|62637|610|10,823,15,4,0
NC09|||Stoneriver~1|58839|92233|250|16,610,37,4,0
NC14|||Boone Inc~1|61968|83605|951|13,823,12,1,0
NC15|||Raeford Rhyne~j|59571|90210|347|02,762,61,4,0
NC16|||Brevard~1|52226|72732|648|04,640,15,4,0
NC19|||Propst~1|53910|94247|189|4,1036,15,1,1,41,,-290,-390,,,410,340
NC21|||Aero Plantation~1|49918|92516|193|06,732,18,1,0
NC25|||Gold Hill~1|55090|96888|219|09,914,9,1,1,90,,-10,-490,,,-10,510
NC26|||Long Island~j|56617|90283|263|05,914,30,4,1
NC27|||Lower Creek~1|59446|85099|364|05,975,46,4,0
NC29|||Bradley~a|56201|94024|242|18,671,15,4,0
NC30|||Miller Air Park|56140|92585|263|18,628,30,4,0
NC31|||Quiet Acres~1|57649|99758|226|09,549,23,4,0
NC32|||Rivercliff~1|60258|95636|210|14,762,46,4,0
NC39|||Enochville~1|55243|93522|240|13,792,30,4,0
NC42|||Piney Ridge~1|60721|93002|293|18,518,18,4,0
NC50|||Skyland~1|64601|86385|872|10,445,6,1,0
NC52|||Silver Creek~1|57285|82710|311|09,1097,61,4,0
NC58|||Gryder-Teague~1|59187|88806|363|09,610,18,4,0
NC59|||Alexander~8|58507|88560|338|09,823,15,4,0
NC63|||Robertson~a|61351|98152|258|03,457,30,4,0
NC64|||Barringer~a|55278|93033|244|10,610,24,4,0
NC67|||Six Oaks~1|54678|75475|614|06,792,30,4,0
NC77|||Chalfant~1|54557|94244|179|01,823,30,4,0
NC93|||South River~1|57778|94986|198|07,564,15,4,0
NC97|||Dirt Dobber's Grass Strip|53689|84775|283|08,488,30,4,0
NR70|||Soaring Q~b|57773|94793|233|6,499,18,4,0
NR72|||Blackhawk~a|54590|96282|227|1,532,6,4,0
OA05|||Hogan~1|94242|53409|264|01,610,15,4,0
OA10|||Bernie's~1|90086|60908|290|17,732,37,4,0
OA12|||Buena Vista~h|93344|59300|261|06,518,21,4,0
OA16|||Lost Bridge~1|91561|52183|249|15,762,15,4,0
OA86|||Silent P~1|99074|66397|296|7,732,37,4,0,66,,-138,-393,295,,129,390,296
OH28|||Donner~a|93667|64000|302|09,640,37,4,0
OH36|||Riverside~1|99862|80163|213|03,892,14,1,0
OH38|||Blue Bird~1|93132|83848|238|03,792,15,4,0
OH59|||McIntosh~1|96960|55518|279|09,640,30,4,0
OH61|||Amanda~1|96353|72621|274|18,701,27,4,0
OH63|||Jims~1|96001|55834|291|N/S,805,15,4,0
OH64|||Hummel~1|95931|56562|212|12,488,46,4,0;10,457,46,4,0
OH65|||Hickory Grove~j|92403|59011|273|12,823,24,4,0;06,549,30,4,0
OH66|||Obannon Creek~e|92395|58237|255|07,975,18,4,0
OH68|||Raylene~1|93001|52501|180|N/S,847,34,4,0
OH77|||Lumberton~1|95531|61459|307|01,853,10,2,0
OH78|||Swigart~1|99676|55912|306|18,747,18,4,0
OH92|||Porter~1|99542|78168|326|E/W,610,23,4,0
OH96|||Neals~1|90336|61139|290|10,914,23,4,0
OI01|||Lazy-W~1|95137|75510|229|E/W,549,15,4,0
OI06|||Wagner~1|99917|57084|285|09,564,18,4,0
OI25|||Ross~a|93653|66456|293|09,792,46,4,0
OI27|||Checkpoint Charlie~1|95557|84323|195|13,610,15,4,0
OI34|||Fricke~1|96131|60076|276|12,549,30,4,0
OI36|||Farpoint~9|96225|55169|302|18,671,30,4,0
OI40|||Hallelujah~a|92026|58953|271|NE/SW,572,23,4,0
OI52|||Lyons~a|96241|62164|319|18,488,30,4,0
OI57|||Mc Kinney~a|89270|60115|296|09,671,23,4,0
OI59|||Miller~1|91317|80682|210|07,457,30,4,0
OI73|||Williamson~1|97126|61962|323|E/W,823,23,4,0
OI89|||Mite~1|96495|53700|264|03,457,30,4,0
OI91|||Hammond~1|97797|60908|302|01,488,18,4,0
SC00|||Triple Tree~1|46679|80000|207|03,2134,122,4,0
SC03|||Mc Neil~1|35571|93516|52|03,853,30,4,0
SC07|||Alan's~1|36753|90499|112|13,815,38,1,0
SC12|||Davis~1|26721|86888|25|16,762,30,4,0
SC13|||Darden~1|38407|88143|137|12,1006,61,4,0
SC14|||Shealy~1|40626|85902|116|12,518,26,4,0
SC15|||Airy Hall~1|26321|94960|6|04,945,46,4,0
SC16|||Curry~1|43779|99947|61|01,792,61,4,0
SC17|||Russell~1|33577|95409|34|13,732,23,4,0
SC19|||Lamar~1|41677|99224|53|NE/SW,960,23,4,0
SC20|||Harman~1|34843|81741|140|14,457,15,4,0
SC23|||Eagles Nest-Fairview~j|37676|86423|140|02,823,55,4,0;16,457,61,4,0
SC24|||Eagle Ridge~1|46717|70864|259|05,640,24,1,0
SC26|||Hawks Nest~h|48081|70014|320|03,549,30,4,0
SC27|||Tallon~a|41010|98744|58|05,914,24,4,0
SC34|||Iva~a|42971|73163|201|18,884,15,4,0
SC35|||Ehrhardt~1|30896|89918|45|11,1036,24,4,0
SC37|||Crosswinds-Wilson Private~1|32718|97457|27|09,823,30,4,0
SC38|||Pocotaligo~1|37075|99194|34|10,1018,24,4,0
SC39|||Green Pond~1|48086|79226|240|12,869,26,4,0
SC40|||Pearson's~h|50573|80552|259|18,823,46,4,0
SC41|||Palmetto Air Plantation~1|36648|97530|43|15,1134,46,4,0
SC42|||Hondarosa~1|26876|98937|4|17,914,9,2,0
SC43|||Moores~a|45937|76010|265|09,427,18,4,0
SC44|||El Porvenir~j|41288|94527|76|08,914,46,4,0
SC45|||Gilbert International~j|38830|86160|168|09,914,23,4,0
SC46|||House Movers~a|38510|84516|165|10,792,18,4,0
SC47|||Parker~a|47614|78386|262|05,975,30,4,0
SC51|||Too Goo Doo Farms~1|27046|97468|5|15,792,24,4,0
SC55|||Broxton Bridge Plantation~1|30089|89518|37|01,792,46,4,0
SC56|||Thomason~9|43635|80068|196|17,732,23,4,0
SC61|||Wild Irish Rose~1|46179|98483|115|09,792,46,4,0
SC69|||Shiloh Plantation~1|31206|90492|40|16,914,23,4,0
SC72|||Chandelle~1|48242|78537|259|03,1128,15,1,0
SC74|||Marsh Point~1|24619|93991|4|18,518,23,4,0
SC75|||Oolenoy Valley~1|49982|72651|305|10,549,15,4,0
SC76|||Unity~e|48027|93199|195|03,792,30,4,0
SC78|||King~a|50907|75046|381|16,732,61,4,0
SC79|||Bermuda High Gliderport|46113|95502|168|03,1219,61,4,0
SC81|||Abbeville~1|41515|76463|168|08,686,12,1,0
SC82|||Oakhill~j|45847|76483|255|10,732,30,4,0
SC86|||Williamsport~j|48618|74185|335|15,725,23,4,0
SC87|||Avinger~a|34428|95444|42|13,914,30,4,0
SC88|||Turner~a|51473|82057|285|17,457,9,4,0
SC90|||Do-Little~a|36760|90526|112|14,975,30,4,0
SC91|||Bell's Branch~1|33065|91518|29|09,655,15,4,0
SC92|||Rambos~a|41035|77179|168|10,671,15,4,0
SC95|||Perry~3|36293|86703|134|07,1524,30,4,0
SC98|||Mount Holly~1|30543|99166|17|12,823,20,4,0
SC99|||Whiteplains~1|39639|86408|158|09,914,11,1,1,81.2,,-60,-490,,,60,490
T73|||Kirk~d|46743|93177|176|05W/23W,1341,91,12,0;16W/34W,914,91,12,0;15,792,12,1,0;11W/29W,684,183,12,0
TN01|||Ray~1|53472|1803|93|09,914,40,4,0
TN07|||Hawk Haven~9|56872|33936|236|17,732,18,4,0
TN08|||Oliver Springs Inc~1|60376|56931|241|15,853,61,4,0
TN10|||Lake View~1|63390|62212|325|E/W,701,15,4,0
TN11|||Cantwell~1|65015|67445|351|06,468,12,4,0
TN12|||Hudgin Air~1|54734|33186|221|13,945,23,4,0
TN14|||T-Top~9|56897|33642|235|01,1097,26,4,0
TN16|||Huntingdon~1|59945|15388|122|02,875,30,4,0
TN18|||Richardson Strip|52043|3333|104|18,457,11,4,0
TN20|||Seymour Air Park|58123|62252|305|07,701,30,4,0
TN23|||Titan~a|64903|26658|117|13,671,30,4,0
TN30|||Cub Haven~1|55472|54900|305|02,518,24,4,0
TN36|||Flying I~b|57620|4488|107|01,823,30,4,0
TN37|||Anderson~1|54042|9777|119|14,710,18,4,0
TN39|||Amacher Strip|53056|37633|329|N/S,610,23,4,0
TN44|||Deerfield Resort~1|63467|59878|411|03,951,15,1,0,30,,-370,-270,,,370,260
TN49|||Bellwood~a|62620|38501|180|1,828,91,4,0
TN50|||Indian Hill~h|49915|43492|206|04,884,20,4,0
TN53|||Parr~a|65551|25514|180|N/S,518,30,4,0
TN56|||Carey~1|60723|48861|597|06,518,23,4,0
TN58|||Parsons~a|53917|3435|101|16,457,23,6,0,160;02,305,15,6,0,20
TN65|||Long Meadow~6|56664|35147|229|01,732,23,6,0,10,,310,130,,,960,270
TN66|||Austin~a|57445|49528|305|06,640,30,4,0
TN67|||Myers-Smith~1|52479|38714|274|09,808,23,4,0
TN71|||Cox~h|57945|56584|305|06,488,30,4,0
TN74|||Will A Hildreth~h|58001|56806|274|05,640,23,4,0
TN77|||Whifferdill~1|63218|28493|190|02,975,61,4,0;15,610,30,4,0
TN79|||Oakley~1|61736|30478|122|16,549,30,4,0
TN80|||Schiff~1|62334|45736|384|10,610,10,2,0
TN83|||Cedar Glade~e|57208|37250|235|04,671,21,4,0
TN85|||Hogue~1|56390|46028|549|04,914,15,2,0,37.9,,-340,-310,,,310,310
TN87|||Montvale~j|56926|60012|314|03,823,11,1,0
TN89|||Possum Bottom~1|52584|45473|213|05,671,18,4,0
TN94|||Robertson~h|60005|59243|311|07A/25D,518,30,4,0
TN96|||Fall Creek~a|60412|36417|206|18,823,24,4,0
TN97|||Triune~9|58072|33875|226|18,762,21,4,0
TN98|||Sky~b|58853|60426|253|01,640,46,4,0
TT48|||Wingman~e|59934|67001|329|8,831,12,4,0
US-0154|||Koester~a|81180|22979|146|18,610,34,4,0,,,,,,,,,,183
US-0199|||Coal~a|80122|56536|300|05,672,11,1,0
US-0513|||Old Valley~1|63283|61744|356|8,479,30,4,0,,,,,,69,,,,117
US-0682|||J5 Mike~1|46663|37777|207|6,671,46,4,0
US-0753|||Mattingly~a|95013|37371|262|1,488,23,4,0
US-0847|||Reed Mine~1|52994|95422|177|3,610,23,4,0
US-0861|||Sky~b|99355|67636|280|6,914,30,4,0
US-0893|||Twin Forks~1|48721|47496|238|18,762,15,4,0
US-0902|||LevAirport|52481|31689|223|6,568,15,4,0
US-11086|||Pleasant View~h|4618|24765|32|17,802,30,4,0
US-1110|||Old Boston~1|90275|59532|273|8,738,8,1,0,74,,-88,-414,273,,89,408,273
US-1119|||Racecar~1|56714|32785|229|2,521,24,4,0
US-1226|||Holder~a|62472|44884|338|11,610,24,0,0
US-1242|||Ashley~a|44459|76357|237|13,914,38,4,1;18,732,38,4,1
US-12691|||Creekbend~1|92675|34215|238|9,962,30,4,0
US-12720|||HP~a|72611|26970|134|2,509,30,4,1
US-12741|||Island Bend Farms~1|54196|19844|93|11,951,24,4,0
US-12752|||Tailwheel Lane~1|96467|71511|315|1,640,12,4,0
US-12775|||Skyfall~1|66775|38713|260|5,412,30,4,0
US-12809|||Burns~a|91217|628|200|10,790,30,4,0
US-12834|||Dunlap~j|53366|45809|220|4,975,30,4,0
US-12840|||Soggy Bottom~h|79353|57115|278|7,691,11,4,0
US-12901|||Pops Landing|58395|44544|324|4,762,20,4,0
US-12937|||S.C. Stagner~a|9265|18652|76|18,630,15,1,0
US-12959|||Double C~a|67420|16139|164|8,640,23,4,0
US-12998|||Denham Restricted Landing Area|94706|13440|202|9,488,21,4,0
US-13005|||Big Sky Adventures~1|78598|55132|281|13,685,9,1,0
US-13011|||Robert Lehman RLA|82383|2642|154|18,762,21,4,0
US-13019|||Charles Judy RLA|87633|22844|134|18,511,21,4,0
US-1833|||Stock Island~1|4137|42537|29|9,1583,46,4,0,91,,0,-720,30,,-10,930,31
US-2324|||Strickland/Smalley~a|28475|22861|112|01,610,18,4,0,,307,,,,122,,,,183;1,610,18,4,0;7,336,18,4,0
US-3283|||Nelson~9|51365|3453|101|9,911,24,4,0,88,,-10,-500,99,,20,500,101
US-3409|||STOL-It~h|45519|69581|271|3,463,46,4,0,25,,-93,-68,286,,285,146,286
US-4134|||Long Branch~h|8127|33627|57|9,701,46,4,1
US-4189|||Fly Sky~1|56292|86563|312|12,612,30,4,0,120,,135,-296,299,,-142,286,312
US-4463|||Cummings Farms~9|67283|32739|194|7,549,23,4,0,,,,,,152
US-4485|||Williams Flying~a|92369|43068|227|2,975,46,4,0
US-4572|||McCall~1|44796|32287|213|2,772,23,4,0,23,,-320,-150,195,,320,-650,213
US-4618|||Tellico Plains~5|53826|56965|299|5,914,11,1,0
US-4786|||Grame~1|81198|32350|128|6,488,23,4,0
US-4858|||Natural Selection~1|59169|55529|319|6,518,15,4,0
US-4985|||Vada~1|10725|56053|43|9,579,8,1,0
US-5005|||Mountain View~1|61703|74437|457|6,609,18,4,0,59,,-141,-287,457,,136,297,457
US-5154|||Malone~9|67328|4179|91|18,872,18,0,0,179,,395,-13,90,,-390,4,90
US-5182|||Home~a|36079|66447|149|9,460,15,4,0,90,,1,-243,149,,1,252,135
US-5211|||Mach 1 Jet Port~1|24504|944|115|18,1341,23,4,0
US-5649|||Scudder~a|89182|50258|276|10,620,30,4,0,98,,30,-360,276,,-40,350,272
US-5652|||Hickerson~1|99393|60979|320|10,640,24,4,0,94,,21,-371,320,,-21,375,320
US-6150|||High Point~1|9270|85678|9|12,713,59,4,0,,,,,9,,,,6
US-6182|||Shumway Innernational~1|91920|13297|196|9,802,30,4,0,90,,0,-460,196,,0,470,195
US-6209|||Wynnburg~1|63249|5299|88|8,610,30,3,0,80,,-44,-322,87,,50,347,88
US-6427|||Beam Farms~1|95020|62882|334|5,1006,9,1,0,45,,-327,-421,318,,313,407,334
US-6594|||Sand Burr~1|38465|86187|152|17,936,18,4,0,163,,400,-150,148,,-410,150,151
US-6832|||Mouse and Snake~b|63034|87848|444|14,461,15,4,0
US-6951|||Thomas Ridge~1|24508|57508|157|9,906,53,4,0,90,,3,-480,152,,3,484,152
US-6961|||South Fork~a|67666|84210|701|17,427,12,4,0
US-6992|||Indian Creek~1|54239|87463|255|14,732,30,4,0
US-7083|||Grand Oak Plantation~1|17254|56885|90|18,1415,30,4,0;6,674,18,4,0,,,,,90,,,,90
US-7151|||Whiskey Throttle~a|4328|45007|42|9,561,18,4,0
US-7424|||Sikes~h|22230|78686|71|4,549,20,4,0
US-7440|||Rogers~3|77317|61863|322|17,457,18,4,0
US-7839|||Schleter~a|98051|41452|262|8,671,46,4,0
US-7849|||Cox~a|32829|60986|212|9,919,23,4,0
US-8166|||Lay Landing|33791|36228|135|17,841,23,4,0
US-8176|||Joppa~1|62313|63793|305|5,762,24,5,0
US-8419|||Thompson Farms~1|61205|36405|206|3,579,18,4,0
US-8460|||Elk Haven~1|48281|27842|215|1,579,18,4,0
US-8469|||Rattlesnake Ridge~1|64647|23645|203|8,762,15,1,0
US-8627|||Jolley~a|24365|2332|119|18,792,18,4,0
US-8684|||Papaws Landing|81651|48491|255|17,793,30,4,1
US-8864|||Ridgely~1|62371|5145|84|10,1099,30,1,0
US-8894|||Rainey~1|62327|6978|95|1,853,30,3,0,6,,-374,-40,89,,391,57,95
US-8960|||Flying Hog~h|12361|48583|73|9,756,15,4,0
US-8961|||Belforest~a|5950|21791|46|9,549,18,4,0
US-8966|||Maloney~1|41764|13125|78|11,954,9,1,0
US-9073|||7 Oaks Flight Park|29986|87917|42|16,716,23,0,0
US-9147|||Alms Restricted Landing Area|95798|13765|204|18,653,30,4,0
US-9340|||Gills' Landing~a|67593|29063|186|1,468,24,4,0
US-9882|||Woodford Aviation~1|81058|51509|246|17,610,18,4,0
VA06|||Deer Run~1|69943|95455|732|09,701,18,4,0
VA07|||Burkes Garden~1|70960|86306|933|06,762,15,1,0
VA10|||Catawba Valley~1|72801|96986|524|05,534,19,4,0
VA11|||White Oak Stand~1|68079|82988|640|13,518,24,4,0
VA27|||Moorefield's~6|65599|98622|338|01,658,21,4,0
VA72|||Covington~1|66001|99613|287|12,671,30,4,0
VA85|||New Castle~3|74835|99002|402|18,732,30,4,0
VG16|||Landis~1|66240|98307|335|17,579,23,4,0
WV01|||Lee Massey~1|81293|89463|507|16,457,61,4,0;07,396,46,4,0
WV08|||Island~1|82206|84712|183|NW/SE,549,61,4,0
WV09|||Mike Ferrell~a|75589|86494|677|09,579,15,1,0
WV12|||Mallory~1|83351|82682|268|15,610,7,1,0
WV28|||Ruth Field STOLport|93243|96024|366|04,401,18,4,0
WV30|||Rainelle~1|79487|92835|1050|17,1006,23,4,0
WV32|||New River Gorge~1|80890|89349|524|04,899,7,1,1
WV59|||Fayette~1|80268|88802|597|03,613,6,1,1,,,,,,30,,,,19
WV63|||Herold~1|83346|93469|715|NE/SW,442,30,4,0
WV65|||Carr~1|94490|99882|509|06,579,18,4,0
WV66||GWV|Glendale Fokker~a|99487|92405|198|01,792,30,4,0
WV71|||Lieving~1|88992|80703|194|06,457,30,4,0
WV76|||Slate Run~1|87776|86896|305|16,527,9,1,1
WV95|||Stanger To Blue Waters Ultralight Flightpark|81267|89203|453|14,537,37,4,0
#US|W
06I|||Patoka Reservoir Landing Area~7|84334|33089|163|E/W,4877,1067,12,0
07I|||Lake Monroe~7|90587|35539|164|NE/SW,4572,1219,12,0
08AL|||Little Lagoon~7|2437|22453|2|9W/27W,1219,61,12,0
0FL8|||Gary Gale~7|1939|83181||09,610,30,12,0
0TN1|||Tims Ford~7|52223|37800|239|03W/21W,2438,244,12,0;13W/31W,2134,213,12,0;09W/27W,1524,152,12,0
12GE|||Harvest Lake~7|17308|86403|1|07W/25W,640,23,12,0
12I|||Brookville Reservoir~7|95103|50000|228|N/S,7620,610,12,0;18,4877,610,12,0
1FL5|||West Bay Creek~7|3021|41356||14W/32W,914,30,12,0
2SC3|||Melrose Landing~7|21392|91319||06,1524,61,12,0
2SC4|||Salty Fare Landng~7|22339|92458||06,1524,61,12,0
46AL|||Waterwings~7|31990|35254|121|12W/30W,1585,91,12,0
4FD4|||Bay Seaplanes~7|1849|42501||07,1219,30,12,0
4FD5|||Grand Lagoon~7|1349|42659||13,610,30,12,0
5AL|||Fish River~7|4500|21922|1|16W/34W,1340,61,12,0
62FD|||Doctors Lake~7|1253|82558||06,762,34,12,0
8FA9|||Seashell~7|577|57063|0|7W/25W,154,11,12,0
AL46|||Shoals Creek~7|49026|24128|155|17W/35W,3353,335,12,0;08W/26W,1981,305,12,0;02W/20W,1890,366,12,0
AL58|||Lower Delta~7|6755|20401|0|10W/28W,975,46,12,0
AL75|||Gulf State Park~7|2633|23631||06W/24W,1320,91,12,0
AL96|||Bon Secour~7|2983|22592||05W/23W,914,91,12,0
FA92|||Thomas Landing~7|2169|75553|47|18W/36W,1981,183,12,0
FL04|||Pate Lake~7|6921|42431|27|08,1524,1219,12,0
GE00|||Morris~7|36097|78642|31|09W/27W,1524,305,12,0
HL2|||Hubbard Landing~7|10636|21300|2|16W/34W,1829,91,12,0
IN59|||Jerry W. Humphrey~7|79450|25755|104|09,1524,305,12,0
LA38|||Pelican~7|2669|1947||18,610,91,12,0
US-12776|||Stiner Cove~7|63935|61603|306|14W/32W,914,30,12,0
US-4844|||Hammock Seaplane Landing Area|5332|85178|0|12W/30W,1604,76,12,0,116,,97,192,0,,-542,1692,0
US-4983|||Lake Tobesofkee~7|28440|61760|110|10W/28W,1829,152,12,0
US-8468|||Dandridge~7|60196|66084|293|4W/22W,911,91,12,0
WV35|||Pomeroy-Mason~7|90223|79765|164|09W/27W,1524,152,12,0
WV37|||New Martinsville~7|96359|91296|183|01W/19W,1524,152,12,0
WV38|||West Parkersburg~7|92654|84140|177|11W/29W,1524,152,12,0
WV39|||Ravenswood~7|89520|82268|171|13W/31W,1524,152,12,0
WV40|||St Mary's~7|94137|88002|179|04W/22W,1524,152,12,0
WV44|||Moundsville~7|99292|92349|190|17,1524,152,12,0
