#CA|L
CYQG|1|YQG|Windsor~3|22756|70444|190|07,2743,61,1,1,62.1,,-230,-1500,189,275,930,1440,182,348;12,1570,46,1,1,115.5,,-230,-1500,190,174,-840,230,189,99
#CA|M
CYAM|1|YAM|Sault Ste Marie~1|64832|54915|192|04,1829,61,1,1,33.5,,-540,-680,187,,850,660,192;12,1829,61,1,1,107.8,,281,-1238,187,,-223,1028,187
CYCE|1|YCE|Centralia / James T. Field Memorial~e|32856|84917|251|10,1528,30,1,1,91,,-250,-980,250,,-280,910,251;16,1341,46,1,0,151,,520,-110,251,,-530,690,251
CYCN|1|YCN|Cochrane~1|91056|89864|262|13,1372,30,1,1,119.2,,300,-830,256,,-310,830,262
CYEL|1|YEL|Elliot Lake~5|63514|74386|331|12,1372,30,1,1,112.2,,220,-830,331,,-250,830,331
CYEM|1|YEM|Manitoulin East~5|58424|81424|265|02,1067,30,1,1,11.6,,-430,-180,259,,510,90,265
CYFD|||Brantford~5|31314|96575|248|05,1524,30,1,1,44,,-394,-426,246,,618,858,247;11,792,30,1,1,99,,299,-628,246,,192,345,248;17,792,30,1,1,165,,273,-662,246,,-421,-397,246
CYGD|||Goderich~1|37669|82894|217|14,1524,30,1,1,122,,420,-580,209,,-300,1030,216;10,914,15,1,1,91.9,,-270,-110,214,,-300,1030,217;05,570,24,4,0,30,,-290,-270,214,,170,90,213
CYGQ|1|YGQ|Geraldton Greenstone~4|97783|30606|349|08,1524,30,1,1,72,,-159,-929,347,,237,1099,347
CYHF|1|YHF|Hearst René Fontaine~5|97142|63139|252|04,1372,30,1,1,32.9,,-530,-500,251,,500,530,250
CYHN|1|YHN|Hornepayne~5|91931|52411|335|07,1067,23,1,1,59.1,,-250,-640,335,,250,640,331
CYKF|1|YKF|Region of Waterloo~3|34608|96214|321|08,2135,45,1,1,75,,-283,-1113,312,,450,1180,321;14,1251,45,1,1,138,,170,-1300,313,,-530,-90,312
CYKM|1|YKD|Kincardine~5|42014|83933|235|13,1245,23,1,1,121,,300,-660,234,,-280,670,234;05,636,15,1,1,42.3,,-80,360,233,,330,890,235
CYLD|1|YLD|Chapleau~1|78200|66533|448|10,1524,30,1,1,92.3,,190,-1020,448,,140,1000,433;05,914,23,1,1,39.3,,-310,-1000,445,,330,-220,441
CYMG|1|YMG|Manitouwadge~1|90839|41394|365|05,1097,30,1,1,42,,-360,-500,357,,360,500,365
CYOS|1|YOS|Owen Sound / Billy Bishop~4|45903|91625|307|18,1198,23,1,1,170.1,,530,-140,307,,-500,110,306
CYQS|1|YQS|St Thomas~5|27700|88892|237|09,1528,30,1,1,85,,200,-840,237,,360,1030,236;15,796,23,1,0,145,,190,-170,235,,-360,440,236;03,795,23,1,0,25,,-390,580,235,,280,940,235
CYQT|1|YQT|Thunder Bay~3|83719|6761|199|07,2231,61,1,1,70,,-180,-990,199,,490,1860,194;12,1615,46,1,1,120,,290,-1420,199,,-470,440,196
CYSB|1|YSB|Sudbury~1|66250|92011|348|04,2012,46,1,1,29,,-750,-580,344,,830,670,348;12,1524,46,1,1,106.4,,420,-860,344,,30,1060,348
CYSP|1|YSP|Marathon~1|87553|36556|315|16,1199,30,1,1,153.2,,470,-370,315,,-470,360,315,61
CYTS|1|YTS|Timmins/Victor M. Power|85697|86233|295|03,1829,46,1,1,21.1,,-660,-220,291,,860,670,291;10,1494,46,1,1,90,,0,-1000,292,,-30,1030,293
CYVV|1|YVV|Wiarton~1|47458|88928|222|05,1530,46,1,1,43.5,,-660,-1000,219,,340,330,220;11,945,30,5,0,99.5,,-300,-450,222,,-440,720,222
CYXU|1|YXU|London~3|30328|88510|278|15,2682,61,1,1,139,,930,-1080,278,,-880,1090,276;09,1920,61,1,1,77.9,,530,-1490,276,,890,820,275
CYXZ|1|YXZ|Wawa~1|79667|52133|287|03,1350,30,1,1,23.6,,-560,-360,287,,550,360,287,210
CYYU|1|YYU|Kapuskasing~1|94116|75304|226|17,1676,30,1,1,156.1,,920,-260,224,,-470,680,223;10,1094,23,1,2,90,,278,-728,226,61,298,841,226
CYZE|1|YZE|Gore Bay Manitoulin~1|58853|74322|190|11,1676,30,1,1,97,,80,-940,184,,-90,950,187
CYZR|1|YZR|Chris Hadfield~1|29994|76911|181|15,1554,30,1,1,137,,500,-640,180,,-520,670,181;06,911,23,1,0,49,,-270,-220,180,,250,610,180
#CA|S
CA-0452|||Courtland / Tillsonburg Flying Club~a|28571|93679|244|09,610,,4,0
CA-0508|||Farrow's~a|44394|90623|282|09,914,23,4,0
CA-0516|||Warren~a|29367|85203|248|13,668,24,4,0
CA-0536|||Paterson~a|34181|87617|349|03,514,15,4,0
CA-0537|||Robinson International Air~a|41800|90485|287|35,549,15,4,0
CA-0561|||Griffith Island~6|48305|90990|191|09,823,40,4,0
CA-0564|||Carnie~9|24246|81342|229|14,534,18,4,0
CA-1240|||Dominion~j|66402|89670|226|01,561,15,4,0,1,,-20,300,,,980,300,,66;10,390,15,4,0,88
CAR5|||Arthur South~1|37824|95661|466|05,503,23,4,0,43
CAT1|||Atwood / Coghlin~1|36833|89956|370|04,610,21,4,0
CAY5|||Sargeant Private~9|33052|95002|296|18,830,27,4,0
CBF2|||Belwood (Baird Field)|38083|96881|430|03,732,18,4,0
CBH5|||Bushhawk Creek~1|27141|92550|218|18,1097,30,4,0,,,,,,76
CCK5|||Owen Sound (Cook Field)|46348|92587|317|09,668,24,4,0
CCN4|||Conn~a|40325|95144|505|15,1006,37,4,0;18,1006,37,4,0;09,792,37,4,0,86,,,,,122
CEB8|||Essex/Billing~6|21867|72178|192|10,617,30,4,0,92
CED8|||Eldorado~e|85712|11835|213|04,579,15,4,0,42
CEF2|||Belwood (Ellen Field)|38372|96305|469|05,610,18,4,0
CEL3|||East Linton (Kerr Field)|46611|90560|229|11,732,15,4,0
CGL2|||Harrow~1|20594|71592|186|01,914,30,4,0,,,,,,122,,,,122
CGV2|||Grand Valley / Luther~a|39758|96122|488|18,643,21,4,0,168;08,575,21,4,0,74,,,,,,,,,140
CGV6|||Grand Valley/Martin~a|38747|97178|472|05,671,23,4,0,39;13,579,23,4,0,120
CHD4|||Harydale Farms~1|31083|89808|320|08,701,18,4,0,77
CKG8|||Kakabeka Falls~1|84183|3981|305|09,646,40,10,0
CKS9|||Shepherd's Landing~1|41164|83047|206|13,732,21,4,0
CLB2|||Lubitz~a|33059|94515|299|07,604,23,4,0,56
CLC2|||Chapeskie~g|30682|88738|283|07,610,40,4,1
CLM2|||Leamington~1|20250|74750|176|01,1168,15,1,1,3,,-520,-70,176,359,520,70,176,289
CLV2|||Slayner (Clearview Field)~e|44046|98520|265|16,594,15,4,0,,,,,,122
CLW3|||Laurel / Whittington~e|39794|98243|472|09,671,23,4,0,80
CLW6|||Conestogo / Largo Woods~a|35667|95291|344|11,610,11,4,0
CMZ2|||Arthur (Metz Field)|38112|95643|465|14,549,18,4,0,151;05,335,12,4,0,61
CNC4|||Guelph~1|35639|98039|335|14,762,12,1,1;05,640,12,1,0,,,,,,,,,,223
CNE4|||Iroquois Falls~1|87417|92067|307|14,1219,30,1,1,129,,110,-700,303,,-590,610,305;18,893,30,4,0,168,,470,-250,305,,-310,0,304;07,779,30,4,0,59.2,,-280,-310,303,,80,610,307
CNE9|||Essex~1|20958|71206|189|09,590,21,4,0
CNL4|||Port Elgin~1|44143|85830|198|06,1158,53,4,0
CNM2|||Melbourne~1|28242|84514|224|14,549,15,4,0
CNN3|||Shelburne / Fisher~a|40277|97941|511|08,610,30,4,1,,,,,,61
CNQ4|||Tillsonburg~1|29275|92531|272|08,1677,30,1,1,66,,-530,-980,272,,0,330,268;02,716,23,4,0,5,,,,,30,,,,30;14,688,23,4,0,131,,280,-310,,91,-190,380,,30
CNR4|||Tobermory~1|52215|83724|213|12,969,18,1,1,107.3,,1320,-1160,,,1070,10,,137
CNT6|||Elmira~1|35847|93969|381|10,792,23,1,0
CNX3|||Carey Lake~1|97442|59660|255|10,966,23,5,0
CNX8|||Nixon~1|28473|96048|238|12,856,40,4,0
CNY3|||Collingwood~4|44483|98411|223|13,1524,30,1,1,120,,341,-869,219,,-304,802,223;01,747,23,4,0,8,,-360,-580,222,,340,-440,217
COB4|||Brundle~a|38745|98201|497|14,832,26,4,0,134
COL2|||Orangeville / Laurel~6|39168|97943|494|09,585,24,4,0,76
CPA4|||Simcoe (Dennison Field)~1|28194|97350|220|16,671,24,4,0
CPC3|||Walter's~a|38406|95571|472|14,853,91,4,0;12,808,61,4,0;17,777,52,4,0;05,579,101,4,0;03,533,76,4,0
CPC6|||Teeswater (Thompson Field)~1|39483|87281|305|18,747,18,4,0
CPD2|||Ethel~1|37450|88233|357|04,855,24,10,0
CPD4|||Brussels (Armstrong Field)~1|37491|87627|335|04,762,21,4,0;17,518,37,4,0
CPE3|||Elk Lake~1|77286|96842|290|10,610,26,10,0
CPE4|||Cambridge / Reid's~a|34427|97675|320|17,1141,14,1,1,160.5,,480,-190,,213,-490,280,,172
CPF2||YEB|Bar River~1|64212|59035|180|18,1346,23,1,0,172.7,,630,40,178,,-560,260,178;11,869,15,1,0,102,,630,40,180,,460,1150,180,274
CPF7|||Southampton~1|44939|86647|209|13,509,11,1,0
CPG4|||Elmira (East)~1|35919|94878|351|09,549,27,1,0
CPG7|||Juergensen~a|37350|95522|442|05,701,23,4,0
CPH9|||Fordwich~1|38881|90047|381|18,732,21,4,0
CPK2|||Strathroy (Blue Yonder)~1|29658|84083|238|11,610,23,4,0
CPK9|||Arthur (Peskett Field)|37715|95165|474|05,732,18,4,0,44
CPL4|||Grand Bend~1|32869|82858|196|07,713,46,5,0
CPN5|||Listowel~1|37428|90086|376|04,610,27,4,0
CPN8|||London (Pioneer Airpark)|30975|87657|299|17,637,24,4,0,166;08,605,38,4,0,78
CPR3|||Palmerston~1|38530|92185|415|09,914,23,4,0;13,671,23,4,0
CPR5|||Woodstock~1|31083|91781|317|06,945,30,4,0
CPR7|||Wingham / Richard W. LeVan~1|38675|87014|328|13,1219,23,1,1,121,,330,-610,322,,-220,670,324
CPR9|||Fergus (Royland Field)|37418|96138|427|04,661,24,4,0,30;14,483,24,4,0,134
CPS4|||Lucan~1|31633|85875|293|09,945,30,4,0,,,,,,168,,,,30
CPT2|||Killarney~1|59775|85053|185|06,1067,23,1,1,50,,-310,-530,,,310,530
CPT3|||Rockton~1|33222|98236|258|18,792,61,4,0,,,,,,198,,,,76;03,745,61,4,0,,,,,,168,,,,183;10,527,61,4,0,,,,,,91,,,,122
CPU3|||Rodney (New Glasgow)~1|25319|83941|204|15,671,24,4,1,,,,,,152,,,,152
CPV2|||Orangeville / Castlewood~a|39586|98450|472|09,671,20,4,0
CPV4|||Mansfield~1|41439|99864|303|08,579,24,4,0;15,427,24,4,0
CPY9|||Holyoake~9|37286|97169|421|14,579,21,4,0,126
CRB2|||Cottam~1|21400|73472|194|01,610,23,4,0,,,,,,122
CRE3|||Rand Private~9|30665|93014|323|17,549,15,4,0;9,457,15,4,0
CRML|||Stoney Point (Le Cunff)~1|22956|74650|191|01,686,15,4,0,,,,,,110
CSC9|||Sudbury / Coniston~1|64822|91661|270|13,689,11,5,0;04,363,11,5,0
CSX7|||Sexsmith (Exeter)~1|33764|84929|261|09,945,27,10,0
CTF4|||Dundalk (Tripp Field)~e|41730|96897|518|05,549,21,4,0,40
CVF2|||Vodarek~a|37234|97103|421|14,585,18,4,0,133
CWF2|||Walter's Falls (Piper Way)~e|44643|93790|427|08,457,15,4,0
CYCK|1|XCM|Chatham Kent~1|23064|79181|198|06,1524,23,1,1,44,,-500,-640,198,,500,630,198
CYHS|||Hanover / Saugeen~5|41583|89372|286|01,1219,23,1,1,360,,-550,0,277,,560,0,285;09,762,15,1,0,80.7,,-50,-470,280,101,60,470,279,37
CYPT|1||Pelee Island~1|17780|73258|174|10,1006,23,1,1,90,,256,-986,174,,264,220,174;19,564,6,5,0,179,,340,0,174,,-350,8,174,91
CYSA|||Stratford~5|34156|90656|370|05,1524,30,1,1,42,,-500,-560,368,,520,690,368,314;17,862,15,1,1,162,,360,-670,368,,-390,-340,369
US-0242|||Campbellville (Bellshill Airpark)|34314|99754|290|13,712,15,4,0,122
#CA|W
CNJ8||YWR|White River~7|86269|47767|421
CPS9||YSI|Parry Sound/Frying Pan Island-Sans Souci~7|51733|98625|177
#US|B
13M|||Aeronut Park Balloonport|26042|61414|299|B1,274,76,4,0
4OH6|||Wingfoot Lake Airship Operations Balloonport|10095|86421|355|B1,305,305,4,0
#US|L
KCLE|1|CLE|Cleveland Hopkins~3|14117|81502|241|6R,3034,46,2,1,50,,-1054,-1465,234,,361,773,240;6L,2743,46,2,1,50,,-1181,-2368,235,,406,140,238;06C,2163,46,2,3,50,,-710,-1170,235,,540,810,239;10,1834,46,2,1,93,,532,-443,232,,437,1743,241
KDTW|1|DTW|Detroit Metropolitan Wayne~8|22138|66462|197|04R,3659,61,2,1,29,,-1150,-1750,194,,1740,380,194;03R,3048,46,2,1,29,,-1820,200,193,,590,1970,193;04L,3048,46,2,1,28.7,,-1160,-3020,197,,1240,-1250,196;09L,2654,46,1,1,89,,320,-940,194,,370,2280,194;03L,2591,46,1,1,29,,-600,260,194,,1450,1770,193;09R,2591,46,2,1,89,,-1480,-790,194,,-1430,2340,192
KGRR|1|GRR|Gerald R. Ford~3|28808|44772|242|08R,3048,46,2,1,81.3,,-420,-1940,241,,0,1750,241;17,2591,46,2,1,171.3,,870,350,238,,-1430,830,240;08L,1524,30,2,1,81.3,,800,-1740,240,,1010,100,239
KMDW|1|MDW|Chicago Midway~3|17860|22476|189|13L,1988,46,2,1,134,,560,-870,185,141,-680,870,187,212;04R,1964,46,1,1,43,,-680,-690,189,158,600,930,185;04L,1679,46,1,1,43,,-460,-880,188,231,630,510,185,268;13LC/31RC,1567,46,1,3,134,,630,-550,185,229,-340,810,185;13R,1176,18,2,1,134,,210,-640,185,,-520,380,187
KMKE|1|MKE|General Mitchell~3|29472|21034|220|01L,3045,61,1,1,7,,-1590,-90,215,,1050,360,205;07R,2530,46,1,1,72,,-770,-1920,220,,-70,920,204;13,1688,46,1,1,132,,1090,-680,204,226,10,940,204;07L,1462,30,1,1,71,,550,-870,205,,970,830,205;01R,1275,46,1,1,7.2,,-780,420,206,,360,620,204
KORD|1|ORD|Chicago O'Hare~3|19786|20952|207|10L,3962,46,2,1,90,,-960,-2670,205,,-950,2110,198;09R,3432,46,1,1,90,,530,-1355,201,,530,1575,198;09C,3427,61,2,1,90,,971,-2678,,,973,1459;10C,3292,61,2,1,90,,-1290,-2670,204,,-1290,1300,198;14L,3050,46,1,3,140,,2380,-1060,199,,280,1310,198;15,2952,61,1,3,140,,1180,-2830,203,,-850,-540,199;04R,2461,46,1,1,42,,-2530,540,201,,-870,2500,198;04L,2286,46,1,1,39,,310,-910,200,,1890,840,198;09L,2286,46,1,1,90,,2423,-2187,204,,2423,571,202;10R,2286,46,2,1,90,,-2140,-2310,207,,-2136,451,201;18,1625,46,1,3,180,,1880,440,197,,420,440,199
KPIT|1|PIT|Pittsburgh~3|4915|97671|367|10R,3505,61,2,1,92,,-480,-1900,346,,-590,2230,342;10C,3284,46,1,1,92,,-160,-1340,347,,-250,2150,346;10L,3201,46,1,1,91.9,,1080,-3830,367,,990,-50,358;14,2469,46,2,1,136.4,,450,800,350,,-1160,2810,340
#US|M
KAKR|1|AKC|Akron Fulton~3|10374|85322|325|07,1931,46,1,1,62,,-410,-1000,323,112,410,1020,321;01,712,30,1,3,1,,-290,290,318,,360,300,318,58
KAPN|1|APN|Alpena County~4|50781|64397|210|01,2744,46,2,1,359.8,,-1320,-110,208,,1150,-120,208;07,1533,30,2,1,59.8,,-210,-640,210,,490,1040,207
KATW|1|ATW|Appleton~3|42585|14810|280|03,2439,46,2,1,26,,-960,-720,271,,1010,630,268;12,1982,46,2,1,116,,270,-1070,280,,-520,1160,262
KAUW|1|AUW|Wausau Downtown~1|49262|3734|366|12W/30W,2438,91,12,0;12,1509,30,1,1,124.9,,400,-1180,366,,-380,390,363;04,940,30,1,1,42.8,,-350,200,363,,260,1030,366
KAZO|1|AZO|Kalamazoo/Battle Creek~3|22321|44504|266|17,1982,46,1,1,171.1,,1040,-240,262,,-730,130,265;05,1048,30,1,1,45,,270,-850,266,,940,50,259;09,853,18,1,1,90.1,,180,-850,266,,180,180,263
KBKL|1|BKL|Burke Lakefront~1|15175|83167|178|06L,2013,46,1,1,58,,-360,-940,177,81,540,980,177;06R,1584,30,1,1,57.9,,-480,-840,177,81,280,770,177
KBMI|1|BMI|Central Illinois Regional Airport at Bloomington-Normal|4771|10841|265|02,2438,46,2,1,17.9,,-1300,-10,261,,780,870,263;11,1989,46,1,1,107.9,,600,-1640,265,,50,590,265;03,1135,30,1,2,36.3,,-30,-1660,265,,790,-860,265
KBTL|1|BTL|Battle Creek Executive Airport at Kellogg~a|23073|47485|290|05L,3049,46,1,1,43,,-1160,-1450,290,,860,1050,283;13,1474,30,1,1,126,,690,-310,280,,-90,1130,283;05R,1250,23,1,1,43,,,,282,,,,283;09,1225,46,1,2,89,,60,-510,282,,90,980,283
KBVI|1|BFP|Beaver~8|7725|96086|382|10,1372,30,1,1,93.8,,40,-810,367,,-40,810,382
KCAK|1|CAK|Akron Canton~4|9161|85578|374|05,2501,46,1,1,47,,-860,-1150,363,,550,870,374;01,2317,46,1,1,2,,-890,80,368,,1190,200,370,183;14,1707,46,1,2,137,,490,-760,,,-640,610
KCGF|1|CGF|Cuyahoga~8|15651|85136|268|06,1677,30,1,1,50,,-450,-700,266,,460,710,268
KCIU|1|CIU|Chippewa County~3|62420|55379|244|16,2195,46,2,1,150.1,,1440,-1600,244,,-270,-180,242;09,1524,23,1,1,90.2,,1300,-2220,242,,1300,-250,244
KCMI|1|CMI|University of Illinois Willard~1|398|17238|230|14L,2469,46,2,1,136,,760,-950,230,,-830,1070,228;04,1982,46,2,1,40,,-800,-920,229,,550,610,227;18,1615,46,2,3,179,,730,-610,229,,-730,-590,229;14R,1163,23,1,1,60,,,,226,,,,229
KCMX|1|CMX|Houghton County~i|71684|15109|334|14,1982,46,1,1,131,,690,-980,334,,-470,1000,323;07,1585,30,1,1,66.9,,-410,-970,323,,150,960,327
KCWA|1|CWA|Central Wisconsin~1|47774|3298|389|08,2354,46,2,1,77.4,,250,-530,388,,710,2340,384;17,1982,46,2,1,170,,360,-530,389,,-1390,-100,376
KDET||DET|Coleman A. Young~5|24092|69901|191|15,1552,30,1,1,143,,880,-630,190,,-240,490,191;07,1227,30,1,3,68,,-630,-580,191,218,-220,750,190,218
KDPA|1|DPA|Dupage~1|19078|17514|231|02L,2308,46,2,1,14,,-1380,-490,229,,640,180,230;02R,1966,30,2,1,14,,-1444,-133,231,,274,441,230;10,1448,23,1,1,96,,570,-990,230,,430,750,230;15,1036,30,1,1,148,,1143,285,231,,356,955,231,58
KENW|1|ENW|Kenosha~4|25957|20722|226|07L,2012,30,2,1,64,,-270,-1390,226,,400,440,217;15,1353,30,2,1,144,,620,-290,218,,-360,690,218;07R,1006,23,3,1,64,,-480,-30,222,,-80,1070,215
KERI|1|ERI|Erie International Tom Ridge~a|20831|98261|223|06,2566,46,1,1,54.4,,-650,-1050,223,280,390,900,222;02,1069,46,1,1,10.1,,-550,-630,223,249,400,-410,222,94
KESC|1|ESC|Delta~8|57232|29114|186|10,1981,46,1,1,91,,-240,-2340,186,,-270,210,181;01,1529,30,1,1,1,,-480,190,180,,890,220,184
KFDY|1|FDY|Findlay~1|10135|63313|248|18,1981,30,1,1,180.3,,530,260,245,,-1250,240,245;07,1793,30,1,1,68.7,,-210,-1250,242,99,380,740,247,305
KFNT|1|FNT|Bishop~3|29693|62566|238|18,2393,46,1,1,179,,340,-10,233,61,-1810,40,237;09,2195,46,1,1,88,,-30,-1640,233,,30,1050,233
KFWA|1|FWA|Fort Wayne~3|9789|48055|248|05,3652,46,1,1,44.3,,-1620,-1820,248,,740,1210,243;14,2439,46,1,1,134.7,,1460,-920,244,,-80,1140,243;09,1220,23,1,0,90.1,,-300,-430,243,,-300,1020,242
KGRB|1|GRB|Austin Straubel~3|44835|18692|212|18,2652,46,2,1,179.9,,1030,-290,212,,-1220,-280,208;06,2347,46,2,1,59.9,,-110,-720,211,,950,1830,208;12,975,23,1,2,118.3,,870,-330,,,430,730
KGUS|1|GUS|Grissom Air Reserve Base|6481|38479|247|05,3810,61,1,1,44.4,,-1230,-1580,247,,1220,1570,244
KGYY|1|GYY|Gary/Chicago~3|16171|25868|180|12,2700,46,1,1,124.1,,420,-850,180,217,-650,1270,180;02,1098,30,1,1,21.2,,-480,-520,180,,440,-50,180
KHLG|1|HLG|Wheeling Ohio~8|1750|93537|364|03,1525,46,1,1,26,,-640,-500,357,,590,280,364;16,1371,46,1,1,151,,570,-260,357,,-510,520,363
KHZY|1|JFN|Northeast Ohio~4|17780|93045|282|09,1798,30,1,1,79,,-140,-930,276,,140,930,281
KIKK|1|IKK|Greater Kankakee~1|10714|21537|192|04,1823,30,1,1,38.1,,-560,-850,191,,730,490,192;16,1341,23,1,1,161.1,,460,0,190,,-680,520,188
KIMT|1|IMT|Ford~1|58191|18854|360|01,1982,46,1,1,7.7,,-860,-50,345,,910,290,360;13,1161,23,1,1,132,,110,-740,343,,-590,370,343
KJXN|1|JXN|Jackson County Airport/Reynolds~a|22605|55370|305|07,1631,30,1,1,51,,-440,-370,303,134,480,1170,302;14,1219,30,1,1,133.4,,110,-160,301,,-540,780,305
KLAF|1|LAF|Purdue University~1|4129|30606|185|10,2012,46,1,1,100,,110,-1150,183,,-180,1190,182;05,1288,30,1,1,47.3,,-470,40,181,,280,1190,184
KLAN|1|LAN|Capital Region~3|27776|54143|262|10R,2593,46,1,1,90.6,,60,-1540,262,,40,1160,260;06,1525,37,1,1,53,,-440,-1530,262,,380,-50,258;10L,1098,23,1,1,90.6,,430,70,258,,420,1410,259
KMBS|1|MBS|MBS~3|35332|59169|204|05,2439,46,1,1,45.5,,-640,-610,203,,900,1550,198;14,1950,46,1,1,135.7,,400,-640,204,,-850,1050,201
KMFD|1|MFD|Mansfield Lahm~4|8214|74834|395|14,2744,46,1,1,136.9,,1170,-1170,379,,-640,1050,393;05,2078,46,1,1,46.9,,-990,-820,392,,290,970,389
KMGC|1|MGC|Michigan City~5|17033|31788|200|02,1249,23,1,1,20,,-530,-270,200,110,530,260,196
KMIE|1|MIE|Delaware County Johnson~a|2423|46041|286|14,1981,46,1,1,136,,640,-1000,283,,-650,610,285;03,1584,30,1,1,16,,-660,-240,286,,670,250,285
KMKG|1|MKG|Muskegon~8|31695|37618|192|06,1981,46,1,1,56.4,,-790,-1270,190,,200,760,191;14,1859,46,1,1,137.4,,740,-170,191,88,-270,1100,191
KMSN|1|MSN|Dane County Regional Truax~a|31399|6625|270|18,2745,46,2,1,181.9,,920,-350,262,122,-1550,-470,263;03,2195,46,2,1,28.8,,-670,-430,262,131,1060,880,270;14,1782,46,2,1,137,,800,-410,262,,-360,1100,262
KMTC|1|MTC|Selfridge Air National Guard Base~1|26135|71631|177|01,2743,46,1,1,1.5,,-1200,-40,177,,1270,40,176
KOSH|1|OSH|Wittman~4|39844|14430|246|18,2439,46,2,1,180.5,,140,60,240,,-2060,30,246;09,1883,46,1,1,91,,720,-1510,243,,710,830,236;05,1044,23,1,0,45,,230,-130,241,,890,790,236;13,933,23,1,0,129.4,,680,-270,238,,150,630,238
KOSU|1|OSU|The Ohio State University Airport - Don Scott~a|798|69270|276|09R,1525,30,1,1,87.1,,-270,-860,275,,-190,930,271;05,1086,30,1,1,48.7,,-350,-540,275,,290,410,272;14,1048,30,1,2,136.2,,420,-370,274,,-260,480,272;09L,913,30,1,1,87.1,,290,-590,276,,330,480,272
KPCW|1||Erie-Ottawa~3|15156|71317|180|09,1721,30,1,1,83,,70,-1110,180,,240,710,179;18,1220,23,1,1,178,,510,130,179,,-590,190,180
KPIA|1|PIA|General Wayne A. Downing Peoria~3|6638|3074|201|13,3080,46,2,1,127,,990,-2130,193,152,-660,800,196;04,2440,46,1,1,38.5,,-980,-210,196,,740,1590,200
KPLN|1|PLN|Pellston Regional Airport of Emmet~8|55709|52033|220|14,1985,46,1,1,134.7,,490,-1020,219,,-770,790,215;05,1646,46,1,1,44.7,,-350,-610,216,,700,880,219
KPTK|1|PTK|Oakland County~3|26655|65799|299|09R,1988,46,1,1,88,,-80,-1300,299,,-20,1000,296;09L,1730,30,1,1,88,,70,-1180,297,,130,680,297;18,787,23,1,0,178,,160,1170,297,,-350,1190,295;04,747,23,1,2,41,,-410,600,296,,100,1200,296
KPWK||PWK|Chicago Executive~1|21142|20985|197|16,1524,46,1,1,159,,910,-560,196,,-360,110,197;12,1346,23,1,1,118,,120,-560,196,88,-450,870,195;6,1121,15,1,3,63,,-370,-490,197,108,80,720,195
KRFD|1|RFD|Chicago Rockford~3|21954|9028|226|07,3049,46,1,1,65,,-520,-2270,226,,620,1080,224;01,2499,46,1,1,5,,-1190,580,216,,1050,860,224
KRHI|1|RHI|Rhinelander Oneida~8|56312|5325|495|09,2073,46,2,1,88.3,,-90,-1910,495,,-30,750,488;05,1707,30,1,2,52.7,,-570,-260,490,,360,1480,490;15,1585,30,1,1,148,,610,420,487,,-430,1360,489
KSAW|1|MQT|Marquette Sawyer~4|63515|26041|372|01,2765,46,1,1,9,,-1460,-330,360,,1890,440,372
KSBN|1|SBN|South Bend~3|17083|36831|244|09R,2564,46,1,1,88.8,,-400,-1250,241,,-350,1830,235;18,2164,46,1,1,179,,1050,-250,244,,-600,-200,233;09L,1311,23,1,1,88.8,,560,-1190,240,,590,390,238
KTOL|1|TOL|Eugene F. Kranz Toledo Express~1|15868|61922|208|07,3231,46,1,1,67,,-540,-2290,208,,590,1280,202;16,1707,46,1,1,157,,670,550,205,,-750,1340,203
KTVC|1|TVC|Cherry Capital~1|47414|44178|190|10,2138,46,1,1,94,,-20,-820,190,,-140,1680,185;18,1639,46,1,1,180,,890,-550,188,82,-590,-550,190;05,977,23,1,2,50.1,,-570,-600,190,,-10,340,188
KVPZ|1|VPZ|Porter County~5|14540|29929|235|09,2134,46,1,1,90,,-160,-910,235,152,-150,1640,234;18,1220,23,1,1,183.8,,820,110,235,,-280,20,235
KYIP|1|YIP|Willow Run~1|22379|64696|218|05,2299,46,2,1,47,,-730,-950,218,,690,1080,214;14,2107,49,1,3,136,,650,-1040,218,,-720,730,216;05L,2028,49,1,3,47,,-570,-1130,218,,680,660,217;09R,1985,49,1,3,89,,-710,-940,218,,-670,1460,214;09,1524,30,1,1,89,,610,-1290,218,,660,1400,215
KYNG|1|YNG|Youngstown Warren~4|12607|93209|363|14,2744,46,1,1,135,,1220,-1330,337,,-530,990,361;05,1525,46,1,1,45,,-1100,-340,342,,-130,950,363;143/323,1067,18,1,0
#US|S
00IL|||Hammer~1|19784|4396|256|18,762,23,4,0,,,,,,88,,,,107
02MI|||Fairplains~j|31571|48515|259|09,610,30,4,0
02OH|||Zimmerman~1|13764|69167|187|09,838,15,4,0
02OI|||Murtha~1|18020|94346|290|E/W,457,23,4,0
03IL|||Wix~1|14023|21833|229|18,792,32,4,0
03OH|||Gibbs~a|14169|69817|177|NE/SW,671,18,4,0;N/S,640,18,4,0
04IL|||Schertz Aerial Service - Hudson~1|6375|9930|230|N/S,518,21,4,0
04IS|||Van Gorder~1|1786|14310|222|09,671,46,4,0,,,,,,122
04MI|||Rapids Airway~1|25345|53717|268|18,610,30,4,0,,,,,,137,,,,69
04WI|||Dutch Gap~6|25234|19833|232|09,549,30,4,0
05IL|||Classic Landings~1|11567|19833|194|10,975,21,4,0,,,,,,213,,,,206
05OI|||Dorlon~j|12884|80374|253|09,610,30,4,0,,,,,,,,,,152
05WI|||Ames Private~1|26511|12541|292|E/W,549,18,4,0
06IL|||Humm~1|15995|11301|216|09,786,21,4,0
06OH|||Hal Joy~9|15098|94088|354|09,853,30,4,0,,,,,,30
08LL|||Sauer~1|10744|15113|203|18,668,30,4,0
08OH|||Kenley~1|12917|94363|375|E/W,914,15,4,0
09IN|||Gordon~1|11233|45750|259|09,671,21,4,1;18,671,15,4,0
09LL|||Pine Hill~1|24681|12568|305|17,701,24,4,0
0C2|||Hinckley~1|17709|12966|232|09,805,30,4,0,,,0,-500,232,,0,470,230
0C5|||Canadian Lakes~1|35757|47158|293|18,1158,30,4,1,180,,590,360,293,175,-450,360,293
0C7|||Grandpas' Farm Mendota~1|15220|8674|222|18,1213,61,4,1,,,530,-30,222,91,-560,20,218,24
0C8|||Cushing Field Ltd~1|15189|13949|195|18,863,55,4,1,,,450,0,195,116,-330,0,195,76
0D7|||Ada~1|7906|61709|289|09,596,34,4,0,,,0,-350,289,,0,360,289
0II0|||Chuck's~1|2584|47467|291|E/W,457,15,4,0
0II8|||Sutton's~a|13248|25241|226|01,427,30,4,0
0IL9|||Jack W Watson~1|18537|12135|268|E/W,853,30,4,0
0IN2|||The Lazy K~1|8278|49139|255|18,884,18,4,1;09,396,18,4,0
0IN4|||Air Park~a|11274|50467|229|NW/SE,744,9,1,0
0IS3|||Cady Aerial Restricted Landing Area|16601|3056|192|18,762,18,4,0
0LL0|||Kaufield~1|22653|12722|239|09,619,21,4,1
0LL5|||Busboom RLA Restricted Landing Area|1100|19216|206|E/W,680,21,4,0
0LL6|||Gord~1|16984|13924|216|E/W,792,21,4,0
0MI1|||Sugar Springs~j|41403|55625|287|E/W,1067,15,4,0
0MI3|||Kelleys~1|46334|55166|305|18,1128,46,4,0;13,732,30,4,0;04,549,30,4,0
0MI4|||Lesterson-Dempsey~6|62702|26135|341|N/S,914,24,4,0
0MI6|||Young's~1|63875|48160|244|18,671,91,4,1
0MI8|||Twin Lakes~1|48941|57022|389|4,853,30,4,0,36,,-310,-330,389,,310,300,389;17,488,30,0,0,170,,45,-326,389,,-353,-215,388
0OH8|||Fry~1|1884|57439|274|03,914,15,1,0,24.8,,-380,-220,,,370,230
0OI3|||Galloway~1|13821|72839|196|09,579,21,4,0,,,,,,,,,,244
0OI6|||Victor's Landing~1|18381|93563|262|18,792,15,4,0
0WI2|||Doering Farms~9|32014|16666|277|03,792,18,4,0
0WI4|||Snow Crest~b|38294|6474|247|08,975,12,1,0,82.8,,-50,-600,,,60,620
0WI7|||With Wings And A Halo~1|41336|15007|232|09,640,46,4,0,,,,,,,,,,91;18,457,30,4,0
0WI8|||Oconomowoc~1|31389|15277|270|18,427,61,4,0;09,366,30,4,0
0WI9|||Mc Manus Hoonch-Na-Shee-Kaw~1|29314|6613|284|18,792,21,4,0
0WS7|||Rockdale~1|29710|9715|251|18,427,40,4,0,,,,,,244,,,,183;9,274,40,4,0,,,,,,183,,,,91
10WI|||Buds Landing~1|51158|18105|259|18,640,61,4,0
11LL|||Thacker~1|7225|12309|219|N/S,686,30,4,1
11Y|||Flying Feathers~1|40634|18071|287|18,512,18,4,0;09,446,12,4,0,,206.7
12MI|||John's~1|30526|65102|250|18,564,30,4,0
13IN|||Gage~1|8145|50722|248|18,671,18,4,1,,,,,,122
13WI|||Nowatzski~a|36964|10004|280|09,914,21,4,1;18,762,21,4,1
14OH|||Heilman~1|6689|65565|283|02,610,18,4,1
14OI|||Pleasant Home Gliding Club Gliderport|9192|78860|320|07,762,24,4,0,,,-160,-400,320,,170,390,320
15G|||Weltzien Skypark~1|10283|82019|369|03,735,11,1,1,,,-290,-210,369,54,310,130,369,15
15IL|||Gittleson Farms~1|17973|7268|255|18,884,30,4,0,,,,,,91
15LL|||Cloverleaf~b|12375|4633|246|08,762,21,4,0
15W|||Dennis Farms~1|28945|56097|252|09,573,15,4,0
15WI|||Peterson~a|29275|5818|298|E/W,792,46,4,0
16IL|||Harold Bunger~1|20679|11728|253|E/W,610,37,4,1;N/S,610,37,4,0
16OI|||Trump~1|1253|54175|316|18,792,30,4,0,,,,,,,,,,244
16PA|||Gregg~1|1806|98724|366|09,762,30,4,0
17II|||Dreessen~a|14500|34897|215|09,792,23,4,0
17OH|||Kosik Private~1|12426|77298|261|N/S,884,18,4,0
17WI|||Ha-Rail~1|30361|11068|270|18,762,21,4,0
18II|||Mc Gill~1|1200|39317|261|18,792,21,4,0
18OH|||Jer-Mar~j|12562|78562|244|09,792,15,4,0
18OI|||Boggy Bottoms~1|14196|70287|175|18,768,18,4,0
19LL|||Neiner~1|12570|20805|198|18,591,21,4,0
1C8|||Cottonwood~1|22917|8638|226|18,774,79,4,1,,,380,10,226,,-320,10,226,122
1D2|||Canton-Plymouth-Mettetal~1|23482|65437|212|18,702,23,1,1,177,,280,-20,212,,-350,20,209
1D4|||Mayfield~1|9926|85682|335|09,706,34,4,0,,,0,-400,333,55,-10,440,335,180
1G8|||Eddie Dew Memorial~j|4759|93719|330|16,691,44,4,1,,,-310,160,330,,-890,440,330
1I8|||Converse~1|5732|41003|256|07,549,12,3,0,,,,,,12
1I9|||Delphi~5|5428|33183|206|18,1220,18,1,1,,,400,30,204,79,-390,30,203
1II5|||Van De Mark~1|12466|34974|223|01,579,18,4,0
1IL0|||Barnstorm~a|7750|9989|223|09,808,21,4,0,,,,,,137
1IL8|||Loy~1|9320|24041|203|09,774,30,4,0
1IL9|||Holland~a|3006|8756|218|18,914,21,4,0;11,671,21,4,0
1IN3|||Confer's Place~1|10981|47580|264|09,610,18,4,0
1IN9|||Lee Farms~1|5949|45755|261|9,739,23,4,0
1IS4|||Swan Valley~h|21348|1758|279|09,610,21,4,0
1IS5|||Walder's~h|16531|9985|274|13,488,21,4,0
1LL2|||Spring Brook~1|13006|13667|152|18,853,21,1,1,,351
1LL6|||Janssen~1|22281|2618|267|18,503,30,4,0
1LL7|||Edwin G. Bennett~1|13498|2268|210|E/W,610,30,4,0
1LL8|||Zoomer~a|7887|24406|207|N/S,598,34,4,0
1MI3|||Black River~b|51958|56783|268|E/W,1189,18,1,0
1MI5|||McKenzie's Landing~1|26031|61403|291|09,747,18,4,0,,,,,,,,,,564
1MI8|||Vlachos Acres~1|48467|63631|239|18,792,61,4,0;14,549,61,4,0
1OA1|||Bashore~1|459|56656|287|09,682,18,4,0
1OA2|||Mole~1|12612|80091|260|09,652,19,4,0
1OA7|||Yoder~1|8417|87585|350|E/W,899,41,4,0
1OH1|||S and S~a|3014|60239|322|18,640,18,4,0
1OH2|||Dougherty~1|12440|71337|246|10,914,24,4,0,,,,,,,,,,213
1OH3|||Mather~a|13892|72373|195|09,1036,46,4,0
1OI9|||Mc Colloch's~1|1773|57056|302|09,660,18,4,0,,,,,,,,,,183
1PN1|||Napodano~1|13342|95794|323|N/S,457,46,4,0
1WF|||Waco~a|148|58019|250|18,727,30,4,0,,,,,,183
1WI0|||Spring Valley~h|26425|6888|259|09,518,23,4,0
1WI1|||Williams~1|39350|12957|244|04,610,46,4,0
1WI3|||Bed-Ah-Wick~a|38500|8832|240|18,549,30,4,1,,314,,,,,,,,109
1WI6|||Aero Estates~1|28403|19360|251|E/W,914,35,4,0,,276,,,,152
1WI7|||Buzzards Roost~1|40224|9036|245|09,549,18,4,1
1WI8|||Jorgensen - Stoller~1|46358|25598|210|18,792,30,4,0,176.9,,360,-30,,,-350,30,,61
1WI9|||Blackhawk Island~1|29107|11306|244|18,594,24,4,0
1WN1|||Kettle Moraine Airport (Closed Indefinitely)|36684|18049|317|NE/SW,792,30,4,0
1WN2|||Covered Bridge Fields~1|33292|20027|267|05,816,32,4,0;18,762,34,4,0;13,594,30,4,0
20IS|||Mitek~1|24972|2082|237|15,610,23,4,0
20WI|||Harju~1|40214|9207|244|NW/SE,549,12,4,0
22D|||Bandel~1|1306|99038|369|01,689,30,4,0
24C|||Lowell City~1|29539|46561|208|06,823,30,4,0,,320,-60,-735,208,335,204,207,208,366;12,730,15,1,1,,,210,-490,208,184,-60,310,208,182;15,591,30,4,0,,,110,-20,208,177,-330,280,208,118
24M|||Wilderness~j|32447|42883|239|09,775,30,4,0,,,,,,164,,,,102
24OI|||Reeds~1|778|61028|366|18,610,23,4,0
24PA|||Kindelberger~f|6917|98222|347|09,462,34,4,0
25IN|||Reid-Eash~1|17028|45806|268|18,803,37,4,1,,,,,,69,,,,90
25OI|||Morrison~a|14226|91221|264|18,610,23,4,1,,,,,,91
26IS|||Ficklin-Airtech~1|7667|14944|205|18,701,21,4,0
26MI|||Van Strien~1|29239|46219|190|09,823,20,4,0
26W|||Wolf Lake~1|22097|57683|299|18,657,30,4,1,,,120,-170,,,-480,-190
27C|||Mecosta Morton~1|36305|47389|312|09,618,30,4,0,,,-60,-430,312,166,-60,340,312;03,613,30,4,0,,,-370,-420,312,232,-50,-110,312,140
27MI|||Miller~a|33728|65134|215|09,610,30,4,0
27OH|||Schaller~1|9467|63201|253|18,786,21,4,0,,,,,,146,,,,55
28MI|||Miller-Herrold~1|48744|42074|190|02,792,18,4,0,,,,,,91
28OH|||Newbury~1|17034|59973|226|18,792,23,4,0
29C|||Grindstone Air Harbor~1|40478|70858|195|18,549,26,4,0
29IN|||Homestead~1|10754|46144|263|18,594,23,4,0
29MI|||Sawyer~a|26000|55500|277|09,640,46,4,0,,,,,,134
29OH|||Fox~1|6864|86974|311|10,442,23,4,1
2C5|||Almena~1|22530|41482|226|09,1006,30,4,0,,,-50,-450,226,331,-50,750,226,353
2D1|||Lee~a|9684|89014|324|18,1067,24,4,0,,,530,-10,,,-430,0;09,636,40,4,1,,,1330,5120,322,,1330,5880,325
2D7|||Beach City~1|6466|84439|300|10,968,35,4,1,92,,20,-570,300,130,-10,570,296,224
2E2|||Sharpe's Strip|29516|72241|247|18,823,27,4,0,,311.7,370,-20,,213,-370,20,,84
2E8|||Cackleberry~1|24250|61306|271|06,644,30,4,1,49,,-180,-210,,96,200,380,,91
2II3|||Stottlemyer~1|2293|41837|264|18,671,46,4,0
2II6|||Baird-Wolford~1|2645|38975|268|E/W,636,23,4,0
2IL0|||Sneek~1|21814|3231|277|18,805,38,4,0,,,,,,76,,,,30
2IL1|||Mc Cartney~1|24139|6707|277|N/S,518,18,4,0
2IL2|||Watters~1|10552|15376|201|E/W,735,30,4,0
2IL9|||Meadow Creek~1|14328|22183|235|04,1036,12,1,1,39.4,,-360,-390,,,360,390
2IN0|||Skip's Place~1|8369|48289|262|09,625,23,4,0,,,,,,46,,,,152
2IN2|||Gerig's~a|10092|46286|259|09,536,20,4,0;18,518,15,4,0
2IN3|||Tatertown~1|10848|30758|213|09,604,19,4,0
2IN4|||Scott~a|12567|38103|247|09,503,30,4,0
2IN5|||Midkiff~1|152|45271|316|18,808,18,4,0,,,,,,366
2IN6|||Galloway~1|419|40831|253|09,610,26,4,0,,,,,,,,,,152
2IS3|||Jackson~a|11717|1932|232|09,579,24,4,0
2IS9|||Pontiac Flying/Cooksville~1|5781|12922|226|18,736,21,4,0
2LL1|||Cwian~a|15402|13120|168|N/S,658,24,4,0
2LL7|||Adams Restricted Landing Area Number 2|9348|12593|192|11,747,21,4,0,,,,,,69,,,,183
2LL9|||George~1|17042|13069|226|N/S,671,24,4,0
2M7|||Hoffman's Black Mountain~e|55319|56919|206|15,853,27,4,0,,228,,,,366,,,,274
2MI5|||Somerville~1|29417|45149|201|09,930,15,4,0,,222.5,,,,268,,,,146
2MI6|||The~h|42874|62391|247|17,686,30,4,0
2MI7|||Flugplatz~1|33418|74516|213|09,1158,30,4,0
2MI8|||Vassar~a|33434|64648|206|10,701,15,4,0,,316.5,,,,204,,,,226
2MI9|||Capen~1|36242|46822|309|E/W,549,30,4,1;N/S,442,30,4,0
2OA1|||Bristol~6|14151|91157|264|09,640,21,4,0
2OA5|||Fl-Airfield|1825|66491|299|08,762,26,4,0
2OA6|||Hilltop~1|865|84118|305|02,637,16,4,0
2OH0|||Bohannan~1|3443|70628|293|09,671,18,4,0
2OH4|||Cedar Creek~1|6245|73645|372|12,671,46,4,0,,,,,,122
2OH6|||Smith~g|120|57187|285|18,564,40,4,0
2OI4|||Aero Lake~h|10453|80635|364|09,488,18,4,0
2OI8|||K & D Airways~1|8639|75794|380|18,701,24,4,0
2P2|||Washington Island~1|53879|30767|199|14,680,46,4,1;04,396,38,4,0
2P4|||Baraga~1|67849|14222|258|09,671,30,4,0,,,,,,213
2P7|||Alderman~1|569|90368|362|01,866,15,1,1,5,,-390,-50,354,,380,50,362
2PN7|||Brennan Personal Use~1|8558|99312|369|02,488,30,1,0
2S3|||Archer Memorial~a|29070|55278|242|17,761,34,4,0,,,,,,,,,,349
2WI0|||Bender's~1|48527|3999|365|09,1067,46,4,0
2WI1|||Uff-Da~1|29436|7134|288|18,549,23,4,0,,261.3,,,,213
2WI4|||Plows & Props~1|26423|16013|256|07,671,21,4,0
2WI6|||Matson~1|29136|8138|279|N/S,762,30,4,0
2WI7|||Hecklers' Strip|29697|3346|344|04,629,15,4,0
2WI8|||Davies~1|35975|22210|197|15,762,24,4,0
2WN3|||Curns~1|43585|12375|241|09,762,18,4,0,88,270,-80,-370,,,-50,590,,201;18,305,18,4,0,183,330,70,120,,,-200,100
2WN7|||Planeacres~1|39487|13268|257|18,671,20,4,0,,,,,,122
2WN8|||Oshkosh Sky~b|40152|12857|235|09,914,38,4,0,,238
30IS|||Aero Lake Estates~1|20774|13746|267|NE/SW,853,12,1,0
31IN|||Timber House~1|2850|31436|221|09,914,30,4,1,,251.7
31WI|||Sullivan~1|30074|13978|267|06,1389,15,1,1,60.4,201,-320,-720,,,290,750
31WN|||Berlin Field LLC|39914|10380|236|09,671,18,4,0,,,,,233,,,,235
32IS|||Baker~1|1406|40|155|09,549,21,4,0
32OH|||Rall~a|7601|75817|405|18,549,23,4,0
32PN|||Black Rock~1|7340|97241|351|E/W,549,30,4,0
32WI|||Dalonia~1|43164|12991|259|09,625,15,4,0
33C|||Jablonski~1|30822|39052|193|09,913,30,4,1,,254.1,-40,-720,193,304,-40,400,193,243
33IL|||John Scharff~1|1661|11017|223|18,559,32,4,0,,323,,,,49
33OH|||Sunset Strip|1853|68264|288|18,572,20,4,0
33OI|||Soaring Horse~1|10828|79568|290|01,732,14,4,0
34G|||Merillat~1|19750|60748|250|18,1100,30,4,1,,354.3,-110,180,250,80,-1100,170,250,148
34IS|||Jim Wehrli~i|14448|12833|192|N/S,792,21,4,0,,316.8,,,,137,,,,69
34OH|||Arend~1|12570|53584|219|18,610,24,4,0
34OI|||Mohican Air Park|6945|78821|360|09,701,23,4,0
34U|||Yuba~1|48389|45688|197|18,907,30,4,0,,,490,-30,191,,-330,-30,191
35C|||Wells~1|31284|44947|271|18,671,30,4,0,,262,300,0,271,,-310,0,271,122
35IL|||7th Heaven~1|15341|7955|244|09,610,23,4,0
35IN|||Ellison~1|2945|40575|267|N/S,884,30,4,0
35W|||Port Washington Airport/Didier~a|34463|21313|230|1,610,27,4,0
35WI|||Barker Strip|27456|15624|305|N/S,716,40,4,1
36MI|||Tecumseh Mills~1|20344|61207|243|13,1304,23,1,1,125,,220,-430,240,,-450,860,242;7,1298,23,1,1,63,,-250,-720,242,,270,670,242
36OH|||Wright's~a|1903|80260|235|06,549,24,4,0
36OI|||Verhoff~1|10731|57873|222|E/W,792,18,4,0,,201.1,,,,,,,,183
37II|||Winn~a|11756|36264|246|09,472,27,4,0
37IL|||Minder~1|1334|6749|183|E/W,488,26,4,0
37IN|||Felix~1|2917|32197|229|18,579,46,4,0
37IS|||Hilbert~1|23322|13944|271|09,579,21,4,0
37WI|||Docken~a|29911|2465|375|15,549,23,4,0
38C|||Cain~a|36000|45069|271|18,1058,30,4,0,180,336.2,1250,60,271,148,310,60,271
38I|||Weller~1|912|63106|351|09,808,23,4,0,,,-40,-470,351,,30,470,351
38MI|||Chicora~a|24669|40208|213|10,732,18,1,0,,338.5,,,,,,,,122
38PN|||Waisley~1|20001|98335|290|E/W,610,46,4,0
38WI|||Northport~1|43886|11474|244|02,692,50,4,0
39G|||Avoca~1|30305|73305|221|09,642,30,4,0,,252,-50,-380,221,81,-40,410,221
39II|||Miller~a|15148|44478|292|18,762,30,4,0
39IL|||Kieser~a|4423|9334|217|9,610,37,4,0
39IN|||Roberts~a|23|45711|331|12,1219,30,4,1,,265.9
39MI|||Huber~1|61688|18276|432|14,495,37,4,0
39OH|||Crosswind Meadows~1|8123|89449|354|12,518,15,4,0
39PN|||Nelson's Run~1|12159|98024|398|09,762,76,4,0
39T|||Tripp Creek~1|30648|55108|219|09,765,15,4,0,,319.2,,,,85,,,,130
39Z|||Flying-A-Ranch~1|31050|38763|192|09,587,21,4,0,,229.2,,,,100
3C1|||Mishawaka Pilots Club~1|16570|39653|230|12,957,30,4,0,,,130,-400,229,210,-200,390,230,158;03,684,12,1,1,,328.3,-420,-200,230,57,220,220,229,61
3D1|||Crivitz~5|52142|19268|223|09,776,24,4,1,,,20,-550,223,,20,440,223;18,660,18,1,0,,,350,30,223,,-370,30
3D2|||Ephraim-Gibraltar~1|51354|28141|236|14,822,18,1,1,136,,260,-360,232,,-270,360,229;01,592,30,4,0
3DA|||Dalton~1|30525|61951|223|18,765,15,1,1,181,,60,100,223,235,-630,90,223,235;09,498,40,4,0,,,440,-450,223,,440,160,,89
3F5|||Forest Hill~1|29123|53245|236|09,631,24,4,0;18,463,24,4,0,,,,,,56
3II3|||Basting~1|10909|51689|230|E/W,792,15,4,0
3II8|||Birkey Private~1|14423|37389|243|18,503,15,4,0
3II9|||Dick's Strip|10983|47582|259|09,610,20,4,0
3IL9|||Alekat Acres~1|2810|6874|183|09,608,21,4,0
3IN0|||Flying M~1|15587|28741|195|18,488,15,4,0
3IN7|||Chain-O-Lakes~1|16612|36468|226|15,640,38,4,0;06,457,34,4,0;09,405,26,4,0
3IN8|||Ddt~a|12047|36542|251|18,616,23,4,0,,231,,,,110,,,,46
3IS7|||Foote~1|10867|9041|198|09,488,21,4,0
3IS8||BDF|Rinkenberger Restricted Landing Area|12309|3843|246|08,797,58,4,0;18,589,58,4,0
3KK|||Kankakee~1|10964|20904|191|09,806,91,4,1,,,20,-710,190,,20,250,189,87;18,782,61,4,0,,,170,-20,189,,-540,-20,190,274
3L7|||Milwrick Flying M~1|47385|66204|253|09,671,27,4,0,,,-20,-410,253,183,-20,390,253
3LL0|||Miller~1|24917|9041|232|N/S,402,30,4,1
3LL4|||Pillow Hill~1|24472|17985|248|N/S,610,30,4,0
3LL5|||Richardson~a|24645|17657|262|E/W,533,21,4,0
3MI0|||Doss~a|39370|49780|320|10,402,15,4,0
3MI2|||South Fox Island~1|53992|41699|188|17,1280,44,4,1,,222
3MI7|||Willie Run~1|28292|66314|318|09,762,24,4,0;18,623,30,4,0
3NP|||Napoleon~1|21709|57403|294|09,835,61,4,0,,,50,-350,294,366,50,600,294;15,762,49,4,0,,,230,-320,294,88,-380,100,294,168
3OH4|||Riceland~e|16039|94102|340|18,646,15,4,0
3OH6|||Youngpeter~1|7833|56322|248|18,804,18,4,0
3OH8|||Gnadenhutten~1|3608|85767|257|05,701,30,4,0
3OI6|||Vogel~j|9612|76293|313|13,610,23,4,0
3PN6|||Gravel Run~1|17425|99252|378|13,610,30,4,0
3PS9|||Risker~a|3784|96505|335|08,565,30,4,0,,244,,,,15,,,,213
3S5|||Schiffer Acres~1|30357|55644|224|07,846,37,4,0,,,,,,,,,,243
3T7|||Middle Bass Island~1|16886|71919|177|10,564,23,1,0,,228.4,,,,16
3TE|||Al Meyers~1|20251|60608|248|18,811,23,1,1,179,,380,10,247,238,-340,20,243,152;09,555,30,4,0,88,,-40,-380,,,-20,290
3W2|||Put In Bay~1|16367|71717|181|03,875,23,1,0,,214,-330,-290,180,138,330,280,181,200
3W9|||Middle Bass-East Point~1|16944|72034|177|09,636,20,4,0,,,-20,-380,176,,30,390,177
3WI0|||Carnot~a|46422|25802|200|18,518,18,4,0;09,335,18,4,0
3WI1|||Olson's~1|26570|19124|251|09,488,30,4,0
3WI2|||Tesmer~1|31528|10154|282|02,914,27,4,0
3WI3|||Plover River~9|47652|5927|361|07,747,23,4,0
3WI4|||Flying 'O'~1|49236|5977|402|09,732,23,4,0
3WI5|||Clover Valley~1|28125|12735|259|16,488,30,4,0
3WI6|||Melin Farms~1|25908|11254|270|05,457,15,4,0;09,457,15,4,0
3WI8|||Plantation Pine~1|40533|8782|251|10,610,30,4,0
3WN1|||Digger Doug~1|28701|990|325|7,799,23,4,0
3X5|||North Bass Island~1|17180|71789|181|08,579,46,4,0,22,182;01,550,18,1,0,2,,-250,-20,181,,250,10,179
40C|||Watervliet~5|22000|37500|200|02,792,61,4,0,,266,-290,-110,200,184,390,140,200,235;07,469,61,4,0,,,-100,-290,200,,10,260,200
40D|||Three Lakes~5|57902|8790|499|03,1036,37,4,1,,,-440,-330,499,,480,310,499
40IL|||Antique~e|10066|13420|208|09,805,41,4,0,,,,,,61,,,,91
40OI|||M.C.R.~1|10617|80164|352|09,792,18,4,0
41C|||Calkins~a|26916|43523|226|01,671,23,4,0,,,-200,-10,226,244,390,130,226;09,549,30,4,0,,,10,-290,226,61,10,380,226
41G|||University~j|28403|55209|261|08,608,30,4,1,,,-30,-410,261,,30,400,261
41WI|||Paddock~a|27386|14202|290|18,975,30,4,0
42C|||White Cloud~1|35597|42258|279|18,889,18,1,1,,277,260,-300,279,152,-530,-150,279
42OH|||Dunn~a|11560|89956|291|N/S,671,23,4,1,,262
43G|||Belleville~1|21767|64542|212|15,687,24,4,0,,267,,,,260,,,,183;18,657,49,4,0,,,360,0,212,,-230,20,212
43MI|||W Gladstone~1|58591|28832|219|18,907,21,4,0,,210,570,-98,219,,-247,-94,219
43OI|||Windswept~1|11987|62992|216|09,701,24,4,0
44G|||Betz~1|18556|61292|211|09,793,28,4,1,89,270,-50,-470,211,126,-50,480,211,119
44II|||The Wolf Den~1|9531|46134|248|09,488,23,4,0
44MI|||Airbatco~a|27742|50968|260|18,620,30,4,0,,,,,,117
45OI|||Plane Country~1|5612|84543|280|05,640,18,4,0
46IN|||Ames~a|13812|37772|251|09,671,38,4,0
46MI|||Cloud Nine West~1|25461|58722|277|18,732,30,4,0
46OH|||Wetzl~1|11037|91735|304|02,427,18,5,0
47G|||Mayes~1|32409|51200|241|10,701,30,4,0,,,80,-440,241,,-30,410,241;18,671,30,4,0,,,830,-430,241,,230,-430,241
47II|||Westrick~1|10562|43095|244|06,732,24,4,0
47IS|||Flying Z~b|24917|6431|288|11,488,24,4,0
47WI|||Oakbrook~1|28907|11914|256|09,640,9,1,0
48G|||Gavagan~a|31034|71098|244|14,605,29,4,0,,,220,-230,,210,-210,230
48IS|||P.J. Killian~1|6022|11666|231|18,792,23,4,0
48LL|||Rock Cut Farms~1|21256|5394|247|09,701,61,4,0
48WI|||Circle A~b|57938|2699|500|09,732,15,4,0
49C|||Camp Lake~1|25278|18438|230|18,674,23,4,0,,,310,0,230,,-310,0,230
49G|||Wend Valley~1|25790|50911|262|18,549,30,4,0,,,160,60,262,,-340,60,262
49IL|||Walnut Creek~1|15933|13083|203|09,671,30,4,1,90,251,0,-400,,46,0,410,,89
4C1|||Flying U~b|14539|32078|226|18,835,30,4,0,,,220,110,221,122,-530,110,221
4C2|||Walker/Rowe Waterloo~1|14312|50184|274|09,713,30,4,0,,300.5,0,-380,274,91,-20,480,274,98
4G1|||Greenville~5|14468|96087|366|15,916,23,1,1,141,,290,-320,354,,-290,310,366;05,778,36,4,0,41,,-260,-290,366,300,270,320,366
4G3|||Miller~1|9818|89579|326|09,888,15,1,1,91,,0,-530,322,55,-20,520,325,88
4II0|||De Ford~1|6095|32617|195|18,701,30,4,0
4IL2|||Wayne Ziller Jr~1|8099|14604|201|E/W,488,46,4,0
4IL9|||Unzicker~1|8275|8792|227|18,671,43,4,0,,290,,,229,34,,,228,236
4IN5|||Ball~a|13442|38517|251|N/S,518,21,4,0
4IN7|||Riley~a|3009|27708|185|07,1228,15,5,0,,253,,,,114,,,,226
4IN8|||Culp Farms~1|8675|29317|205|09,1116,30,4,0,,292,,,,,,,,305
4IN9|||Wawasee~1|14189|43083|268|07,655,24,4,0,,,,,,91,,,,91
4IS6|||Hattan Farms~1|9306|8794|216|18,549,21,4,0
4IS7|||Litchfield Restricted Landing Area|731|16005|215|18,671,21,4,0
4IS8|||Leigh~h|217|4499|223|09,402,21,4,0
4LL0|||Ranken~1|18359|9066|239|N/S,732,21,4,0
4LL1|||Staton~1|18542|9124|235|N/S,914,30,4,0
4LL3|||John L Coppernoll~1|23083|165|283|N/S,610,30,4,0
4LL7|||Willadae Farms~1|20017|13351|259|E/W,853,30,4,0
4LL8|||Colonial Acres~1|19993|13514|256|N/S,610,38,4,0
4M0|||Lake Ann Airway Estates~1|46961|40858|250|09,773,30,4,0,,239.8,,,,244,,,,408
4MI1|||Air Rahe~1|18295|63151|207|09,701,30,4,0,,,8,-437,,,4,428
4MI4|||Whitcomb~a|21781|43292|279|09,795,17,4,0
4MI6|||Benedick~1|18578|33855|201|09,701,15,4,0
4MI7|||Witbeck Aerodrome~1|38127|51864|271|E/W,536,8,4,0;H1,30,30,4,0
4N0|||Newman's~1|22888|42511|256|18,822,38,4,1,,243,,,,58,,,,117
4OA8|||Bowman~1|1083|57007|299|18,610,30,4,1,,266
4OH1|||Sky Haven~1|17170|88932|287|18,671,24,4,0
4OH3|||Bieber~a|9831|92989|315|09,914,26,4,0,,,,,,244
4OH8|||Huffman~h|15000|57501|226|NW/SE,549,30,4,0
4OI8|||Brocker~a|10572|92449|357|09,1036,23,4,0
4PN0|||Flying M~b|12164|99063|411|09,610,30,4,0
4WI1|||Bancroft East~1|34833|8166|256|06,792,21,4,0
4WI4|||Turner~1|55741|2520|457|16,762,21,4,0,161.8,224,320,-150,,,-330,150
4WN3|||Lakewood~j|53321|14640|396|09,762,46,4,0
4WN9|||Digger Dougs~1|25975|18536|244|18,488,21,4,0,,203
4Y1|||Raether~1|25653|61435|299|17,672,18,4,0,,,280,-90,,165,-300,130,,169
4Y8|||Para~a|32022|72459|244|06,762,20,4,0,,249,-170,-380,,145,180,430,,61
4Y9|||Eagles Landing~1|43083|42277|308|08,671,30,4,0,,,-60,-1550,308,,160,370,308
50G|||Howard Nixon~i|31834|58667|196|09,853,46,4,0,,,-160,-520,196,,-160,250,196,183;18,787,46,4,1,,,440,130,196,122,-160,100,196
50IL|||Midland~1|24889|18257|229|09,518,21,4,0
50OH|||Culver~a|16631|65845|189|18,610,12,4,0
51C|||Orban~1|28521|53540|269|11,518,15,4,0
51G|||Alkay~1|31436|62031|220|03,589,30,4,2,31,,-180,-150,,,270,230;14,578,43,4,0,139,,140,-160,,,-260,300;18,549,30,4,0,179,,220,-130,,152,-270,-120,,109
51IN|||Dahnke~1|4928|30944|204|18,792,15,4,0
51M|||Oscoda County/Dennis Kauffman~i|46749|58777|320|09,853,27,6,1,,,,,,298,,,,239
51WI|||Gallinger~1|40643|14423|244|09,671,30,4,0
52I|||Gross~1|38469|59886|187|09,1006,27,4,1,,360,0,-490,,,0,490
53II|||Steinman~1|10731|51592|232|09,792,24,4,0
53IN|||Hartman Farms~a|5214|37850|249|18,701,15,4,0
53OH|||Charloe~1|11345|55492|220|09,1036,30,4,0
53W|||Woodruff Lake~1|35545|50211|287|09,1128,32,4,0,,326,0,-660,,104,0,730,,79
53WI|||Moose Creek~h|26981|2132|312|3,659,23,4,0
54II|||Caldwell~a|6245|38447|244|18,762,30,4,0
54IL|||Rothrock~1|11263|11982|199|09,734,5,1,1,,186;18,549,40,4,0
54MI|||Pingston Aeroworks~1|28103|59169|268|18,792,30,4,0,,239,,,,,,,,91
54OH|||Buehler~1|11234|53823|222|N/S,450,23,4,0
55LL|||Sky Soaring~1|21542|14885|269|09,914,30,4,0,,205.6,,,,183
55OI|||Aero Flight Center~1|8587|94647|347|11,914,30,4,0
55WI|||Cranmoor~6|43180|313|300|18,792,30,4,0
56G|||Indian Creek~b|35777|73524|227|09,1088,30,4,0,,293,70,-630,227,,100,720,227;18,728,30,4,0,,293,210,-80,,,-450,-60
56IL|||Lee Creek~1|24622|11249|294|09,671,21,4,0
56IN|||Casad Industrial Park~1|10778|50595|233|09,732,30,4,0
56IS|||Liannimal's Landing|2432|19160|210|09,668,30,4,0
56LL|||Wade~1|17550|12288|247|18,975,30,4,1,,332.5,,,,,,,,147
56OH|||Richey~1|9073|94485|364|E/W,457,23,4,0
56WI|||Jaks~a|47735|4092|363|09,454,24,4,0,94.3,323,-10,-770,,183,-40,-200,,91
57D|||Ray Community~1|27375|71098|193|09,762,18,1,1,,254.2,40,-600,193,,40,330,193,64;18,667,37,1,0,,257.8,280,130,193,43,-320,130,193
58C|||Jana~1|28728|9243|257|18,719,21,4,1,,326.1,300,0,257,,-340,0,256
58IN|||Hilltop~1|12584|51361|250|09,1036,30,4,0
58OH|||Rattlesnake Island~1|16786|71512|179|E/W,457,46,4,0;N/S,301,46,4,0
59IL|||Ruder~1|19258|13536|261|09,671,21,4,0
59M|||Torchport~1|50558|46441|195|09,1006,30,4,0,,,,,,,,,,366;04,732,30,4,0
59WI|||Little Wheel~a|30339|8074|274|06,610,24,4,0
5D5|||Woolsey~i|51650|44282|191|09,1116,37,4,1,,234,-20,-1670,191,81,0,-250,191;16,814,46,4,0,,284,670,-700,191,244,-10,-330,191,82
5D6|||Parsons~1|6481|89313|393|09,771,23,4,0,,,50,-510,390,,50,400,390
5D9|||Bandit Field Airdrome~1|12239|70423|245|18,802,24,4,0,,184,370,10,245,84,-360,0,245
5E9|||Packer~1|4079|67848|280|09,1058,27,4,0,,227,,,,37
5I2|||Flora~5|5398|34517|216|09,653,28,4,1,,217,50,-420,216,,50,360,216
5I6|||Galveston~1|5868|37424|240|18,829,23,4,0,,179,390,70,235,61,-270,70,238,61
5IG9|||Kramer~9|156|45673|324|1,791,23,4,0
5IN0|||Yoder~a|16856|46262|265|9,732,30,4,0
5IN3|||Tragesser~1|3003|39497|267|18,692,15,4,1,,171
5IN4|||Wyckoff~6|14834|30500|238|N/S,549,18,4,0
5IN6|||Orthodontic Strip|15875|30972|245|07,853,61,4,0,,229,,,,244,,,,131
5IN9|||Stangland~1|13158|45351|282|09,579,24,4,0
5IS7|||Cast~1|389|22183|204|N/S,805,21,4,0,,251,,,,,,,,69
5LL5|||Gordon Brown~1|7014|1160|227|18,549,30,4,0
5LL7|||Funny~h|22105|14799|267|E/W,614,21,4,0,90,,-5,-368,265,,0,377,262
5LL8|||Hugh Van Voorst~1|11123|18599|188|09,1052,15,3,1
5MI1|||Wilds~a|32514|44572|270|12,488,27,4,0
5MI7|||Williams~a|23611|55752|293|05,914,30,4,0
5N7|||Hat~a|30972|39054|191|08,1097,30,4,0,,,,,,183,,,,366
5OH9|||Furey~1|6968|88209|320|09,805,15,4,0,,327,,,,183,,,,61
5OI3|||Sheets~a|14137|94752|373|18,564,30,4,0
5OI5|||Hamrick~1|6934|52195|247|09,792,15,4,0
5OI7|||Gruetter~1|15925|66245|183|N/S,792,12,4,0
5OI8|||McKnight~1|1937|73433|357|18,579,30,4,0
5WI3|||Der Schwarzwald~1|32078|9829|282|04,610,21,4,0,,,,,,213,,,,91
5WI4|||Larson~1|50814|23207|187|18,792,23,4,0
5WI5|||Haymeadow~1|52750|5082|457|09,671,23,4,0
5WI8|||Ermis-Ridgeview~1|50761|19957|218|18,579,15,4,0
5WN2|||Eberle~b|32683|5156|320|11,579,30,4,0
5Y0|||Harrisville~1|46708|66959|206|03,652,18,4,0,32,,-510,-320,,305,-10,120,,183
5Y2|||Houghton Lake State~1|43292|52083|355|16,838,32,4,0,,320.6,330,-170,355,168,-340,170,355,274
5Y3|||Gutzmer's Twin Oaks~1|28536|12402|250|18,769,43,4,1,180,,340,0,244,,-350,0,250
5Y4|||Lost Creek~1|46600|57625|320|18,792,30,4,0,,270.4,320,70,320,134,-390,70,320,218;05,671,30,4,0,,265,-200,-260,320,61,290,240,320,126
5Y5|||David's Landing~1|27977|74636|187|18,762,30,4,0,,270.5,350,-30,,335,-330,10
5Y7|||Hanley~a|63541|33790|300|18,1219,37,4,0,,285.7,600,290,299,,-500,290,294
60G|||Skyway Estates~1|25838|53485|284|08,809,30,4,1,83,,-40,-490,284,209,40,490,284,61
60MI|||Maybee~1|20414|64331|198|18,616,23,4,0
60OA|||Flemming~a|14008|94214|293|9,884,30,4,0,90,,10,-526,293,,7,530,293
60OI|||Zorn Acres~1|13567|73751|195|09,610,18,4,0
61D|||Plainwell~5|24678|43520|220|09,808,15,1,1,89,,-30,-410,220,58,-20,570,220,236;01,777,30,4,0,7,,-320,-150,220,82,380,-30,220
61IS|||Jim & Peg~1|10548|16127|192|18,732,30,4,0,,227,,,,,,,,61
61OH|||Jetway~1|11981|87905|344|04,686,24,4,1,,347.6;09,488,27,4,1,,205
61WI|||Dinnerbell~1|37083|17143|341|N/S,610,15,4,0
62C|||Cindy Guntly~i|28105|19053|241|01,739,21,4,1,,340.1,1030,-150,241,,1650,130,241;18,366,24,4,0,,,1840,130,241,,1510,130,241
62IL|||Ferris~a|21860|13960|256|N/S,587,24,4,0
62IN|||Fowler Field Private~1|4316|40216|260|09,488,27,4,0
62IS|||Wilson~1|875|20925|204|N/S,805,30,4,0
63IL|||Emerick~1|21834|14055|256|09,770,15,4,0
63IS|||Corn Alley~1|7693|10169|218|18,543,41,4,0
63OI|||Bowman~a|3351|68640|294|10,610,12,4,0,,342,,,,261,,,,134
63WI|||Flying H~1|26658|2624|311|14,686,15,4,0
64IL|||Walpole~1|22380|13377|241|E/W,805,38,4,0
64IN|||Peacock Farms~1|4348|43745|267|18,792,21,4,0
65G|||Maple Grove~1|27173|59375|277|09,930,34,4,1,,253.1,140,-540,277,61,130,600,277,91;18,610,34,4,0,,282,,,,168,,,,84
65IS|||Frings~1|10239|10163|206|09,701,27,4,0
65OH|||Wiita Farms~1|10719|82485|372|08,1006,21,4,0
65WN|||Whoopy Hollow~e|26764|620|282|13,549,23,4,0
66G|||William Tiny Zehnder~a|33144|62899|197|09,771,30,4,1,,,-50,-430,197,122,-50,510,197
66II|||Pat Robinson~1|422|41347|264|18,610,27,4,0
66IL|||Aerogrange~1|22692|14288|250|12,625,30,4,0
66MI|||East Lake~1|22284|45156|262|17,671,18,4,0,,246,,,,91,,,,158
66OI|||Gorman-Green~1|7814|79424|369|16,914,30,4,0,,,,,,165
67D|||Reader-Botsford~1|11626|77973|263|18,869,30,4,0,,,-40,100,263,,-470,120,263
67IL|||Mitchell Restricted Landing Area~1|13581|13538|215|18,568,23,4,0,,,,,214,,,,213
67WI|||Accurate~1|39711|29|271|18,792,24,4,0,,,,,,61
68C|||Central~8|45055|9749|267|04,771,18,4,0,,,-250,-420,265,,170,340,265;09,543,12,4,0,,,-110,-400,265,,-110,280,267;13,532,40,4,0,,,50,-290,265,,-170,300,267
68IS|||Casa De Aero Park~1|21486|14380|262|09,914,15,1,1,90,,0,-550,228,,0,560,225
68PN|||Narrigan Grass Strip|1860|95194|263|10,686,30,4,0
68R|||Hamp~1|33995|51992|251|09,786,30,4,1,,261,,,,360
69G|||Richmond~a|24417|59334|281|18,753,30,4,0,,202,380,210,281,244,-300,240,281
69IL|||David Gillespie~1|13649|13222|223|18,792,44,4,0
69OI|||Schulze's~1|9501|70751|305|18,732,18,4,0
6C2|||Ohio Dusting Co Inc~1|9529|60178|233|09,949,46,4,0,,353,,,,219,,,,149
6D7|||Deshler Municipal~f|12159|61256|215|09,756,21,4,0,,230.8,-40,-320,215,226,-40,580,215;05,526,18,4,0,,264,110,-390,215,125,420,100,215,27
6G8|||Shamrock~a|20950|57592|303|01,862,30,4,1,,,-370,-90,303,,380,90,303
6H4|||Van Wagnen~1|21564|56656|299|09,642,17,4,0,94,,-50,-380,,,-80,400
6II0|||Turnpaugh~a|6453|37072|231|18,823,30,4,0,,295,,,,152,,,,46
6II6|||David Beiswanger Ultralightport|15606|47261|308|N/S,518,23,4,0
6IL0|||Idlas Restricted Landing Area|21315|12996|259|N/S,805,30,4,0
6IL2|||Phyllis~a|22211|15821|261|07,610,21,4,1,,227,,,,122,,,,37
6IL4|||Foxfield~e|21603|1138|273|17,671,24,4,0
6IL9|||Geldean~1|15140|3689|227|14,488,30,4,0
6IN3|||Wyandotte~1|3492|32361|213|09,792,24,4,0,,317,,,,,,,,122
6IN5|||Foghorn Farms~1|328|42164|265|18,652,18,4,0
6IS0|||Day Aero-Place~1|950|18713|210|09,671,30,4,1,,337
6MI0|||King Trout~1|46161|50491|335|06,640,18,4,0
6MI1|||Jensen~a|32631|64362|230|09,604,23,4,0
6MI3|||Curt's Place~1|27631|40172|192|03,640,23,4,0
6MI6|||Hancock~1|18528|35639|232|14,610,15,4,0;09,366,15,4,0
6MI7|||J P's~a|28061|40658|216|09,610,23,4,0
6OH1|||Missler-Bellevue~1|12862|71334|232|09,411,15,4,0
6OH4|||Aring~a|13584|64417|198|N/S,539,15,4,0;E/W,305,12,4,0
6OH6|||Shelton~1|13645|64526|206|09,762,15,4,0;18,480,12,4,0
6OH7|||Nietz~1|14070|63201|206|09,640,15,4,0
6OH9|||Kemps Field of Dreams~1|1059|56001|297|02,823,24,4,0
6OI5|||Mitchell~1|1373|67820|290|05,732,24,4,0
6P3|||Waunakee~1|31787|5487|291|09,678,9,1,1,,352,0,-420,291,,0,420,284,45
6WI1|||Winch~9|44952|874|341|09,427,24,4,0
6WI5|||Dolata~1|48892|19791|187|08,853,15,4,0
6WI7|||Walnut Wash~1|26104|7239|274|17,549,21,4,0
6WI9|||Rex~b|37966|7321|241|10,762,23,4,0
6WN6|||Fountain Prairie~1|33800|9893|268|05,853,23,4,0
6Y0|||Moorestown~j|44638|50058|370|03,853,30,4,0,,,-550,-260,370,244,140,210,370,304;09,792,30,4,0,,,-50,-790,370,122,-50,210,370,131
6Y6|||St Helen~1|43667|56000|365|12,792,37,4,0,,,160,-260,365,253,-190,720,365,244;18,792,34,4,0,,,180,-240,365,251,-520,-240,365,189
6Y8|||Welke~1|57205|44811|202|17,1067,43,4,0,,,600,-110,196,,-360,-130,196,411;09,766,9,1,0,,,-20,-670,,137,0,320,,73
6Y9|||Prickett-Grooms~a|65088|12925|418|10,792,30,4,0,,,,,,91
70LL|||Adams Restricted Landing Area Number 1|9369|12463|195|18,1097,24,4,1
71LL|||Riverode Farms~1|8440|14392|198|09,792,21,4,0
71MI|||Johnston~1|20844|64830|196|14,433,18,4,0,,,,,157,,,,203
72IN|||Gutwein~1|9120|31261|207|E/W,805,24,4,1
72LL|||Foley~1|13736|6555|210|09,805,21,4,0
72MI|||Northwoods~1|62859|7225|500|09,1524,23,1,1,94,,40,-990,500,,-50,980,492
73OH|||Thompson Drag Raceway~1|16470|89913|335|09,1219,18,1,0,81.6,,-80,-720,,,80,720
73OI|||Rick's~1|15745|89243|386|09,671,24,4,0
74IN|||Tucker Farms~1|5684|46556|264|09,610,30,4,0
75G|||Rossettie~1|21950|59692|306|18,756,30,4,1,,,350,-10,306,,-330,0,306,203
75IS|||Reinke~1|18992|8296|241|N/S,549,30,4,0
75MI|||Norton~a|29710|71525|242|18,411,18,4,0
75OI|||Soltis~a|5037|69098|290|18,610,24,4,0
75PA|||Marther~a|18731|95410|290|E/W,671,30,4,0;N/S,594,30,4,0
78II|||Fox Station~1|6362|43120|255|09,564,30,4,0
78MI|||Carls~1|20406|66965|182|18,696,30,4,1,,,310,0,182,,-310,0,182
78OH|||Valley City Flying Club~1|12580|80303|259|18,701,30,4,1;05,549,15,4,1
79C|||Brennand~1|41591|14381|259|18,743,9,1,1,,,,,,57
79MI|||Pike River Landing|69801|14504|275|06,610,38,4,0
79OH|||Smith-Stewart~a|12098|93169|333|18,549,30,4,0,,,,,,305
7D8|||Gates~1|13512|89005|338|08,853,30,4,0,,,-80,-500,338,,80,490,338
7E3|||Mills~1|12384|87462|347|03,805,18,4,0,,,-340,-180,345,,340,170,335
7G1|||Herron~1|5334|94599|374|04,619,6,1,1;01,366,7,4,0
7I2|||Reese~1|1554|46811|302|09,853,15,1,1,,,0,-510,302,,-30,500,302
7IL0|||Mussman~1|12709|24222|215|09,736,23,4,1,,,,,,,,,,69
7IL7|||Edward Getzelman~1|21273|14700|265|N/S,579,21,4,0
7IN2|||Flying Crown~1|15014|51217|280|18,853,30,4,0
7IN9|||The Last Resort~1|375|45894|326|18,781,24,4,0
7IS3|||Hooterville~1|1429|9077|223|18,701,31,4,1,,248
7IS5|||Koppie~1|21214|16219|271|N/S,701,30,4,0
7LL4|||Bakers Strip|1173|12410|218|N/S,671,30,4,0
7LL6|||Gehant~1|16975|8557|290|E/W,671,50,4,0
7LL7|||Delhotal~1|17368|8241|232|18,579,30,4,0
7MI3|||Thrall Lake~1|21184|44898|259|13,975,24,4,0
7MI6|||Wightman~1|31103|58736|221|18,549,18,4,1
7MI7|||Walker~1|23806|44225|229|18,610,30,4,1,,,,,,61,,,,91
7MI8|||Letts~a|33392|65239|244|08,427,15,4,0,,,,,,30,,,,61
7N4|||Raymond L Kussmaul Jr~i|20778|60139|250|18,1158,27,4,0,,,520,-10,250,183,-520,30,250,183
7OH1|||Rauhaus~a|12112|80269|278|18,518,15,4,0
7OH2|||Canal Fulton~1|9003|84663|351|09,555,30,4,0
7OH3|||Obi One~1|3528|69490|290|09,732,30,4,0,,340,,,,122
7OH5|||Mahoning County Joint Vocational School~1|10342|92183|344|16,869,46,4,0
7OH8|||Curtis~1|16358|88993|381|N/S,640,12,4,0
7OI5|||Bea-D~1|15206|67248|184|E/W,808,23,4,0,,214,,,,244
7OI9|||Massengill~1|690|78640|291|11,610,20,4,0,,345,,,,122,,,,152
7P5|||Piso~1|50656|15728|272|01,713,17,4,0
7PS7|||Lenzner~h|5387|98827|381|15,457,23,4,0
7W7|||Boyer Flight Park Ultralightport|7200|33839|216|18,539,37,4,0,,285.5,160,-10,215,91,-330,-10,216,61
7WI2|||Higgins~1|34430|8218|294|18,853,18,4,0,,259.5,,,,122,,,,122
7WI5|||Syvrud~1|28825|5993|305|13,945,27,4,1,,188.1
7WI8|||Crispy Cedars~1|47807|23973|213|03,610,18,4,0,,219.2,,,,61
7WI9|||Nett Construction~1|38297|16734|317|18,792,27,4,1,,210.4,,,,183
7Y2|||Thompsonville~1|45188|40313|242|09,884,23,1,1,,360,-110,-1430,242,15,-110,-280,242,54;17,754,46,4,0,,338.8,20,-520,242,372,-650,-340,242,335
80G|||Tri-City~1|2478|82640|257|10,914,30,4,1,77,,-70,-430,257,138,80,440,257
80IN|||Gustin's /Private/~1|12042|51948|226|17,762,15,4,1,,177,,,,122
80OH|||Griffin-Sloas~1|12690|92465|270|N/S,701,23,4,0
80PN|||Hanny Beaver Airpark Inc~1|5417|95474|372|13,829,30,1,1,,271.4
80WI|||Spring Creek~1|40230|8615|244|N/S,853,30,4,0
81IL|||Illinois Valley Parachute Club~1|4339|6434|197|E/W,805,21,4,0
81LL|||Otterbach~h|15723|8286|256|NW/SE,488,21,4,0
82IN|||Hunter~1|9812|40708|241|18,660,24,4,0
82IS|||Landings Condominium~1|21431|15971|268|13,957,15,1,1,134.1,193,300,-410,268,,-300,420,268
82OI|||J-Em~h|1542|67251|306|15,914,30,4,0
82WI|||Triple S~b|41492|21856|261|12,503,34,4,0
83IL|||Oltman-Shuck~1|8928|8960|224|09,671,27,4,0;18,549,21,4,0
83IN|||Goodenough~1|7405|39958|209|E/W,1006,23,4,0;N/S,671,18,4,0
83OA|||Hufford~a|1586|54058|315|9,704,9,4,0
83OH|||Adams Strip|623|56206|297|18,732,18,4,0
84C|||Valhalla~1|27625|19574|245|09,774,24,4,0,,,-80,-470,244,,-160,500,235
85IN|||Leak~1|4339|24950|219|09,701,30,4,0
85LL|||Wormley~1|16839|17377|207|N/S,701,30,4,0
85MI|||Dewind~a|29323|39862|195|11,823,18,1,0,,305.4,,,,152,,,,401
86IL|||Wenona RLA|10338|10046|203|9,975,36,4,0
86IS|||Michael Pfister~1|7794|7422|245|09,671,41,4,0
86MI|||Downwind Acres~1|21528|64326|208|06,750,15,4,0,,279,,,,152
86OH|||Westfield~1|10128|80799|318|E/W,762,21,4,0
87IL|||Bushby RLA Restricted Landing Area|15167|17333|177|N/S,549,30,4,0
87IN|||May's Strip|14530|35303|218|18,402,15,4,0
87OI|||Lake Air~b|12723|73770|210|01,640,24,4,0
88C|||Palmyra~5|28836|14026|259|09,854,61,4,1,,322.3,-10,-400,259,,0,390,259
88D|||Hinde~1|14037|73987|186|11,762,21,4,0,,,100,-430,186,,-110,430,186
88G|||Gradolph~a|19198|62651|205|09,703,34,4,1,,318,0,-440,205,94,0,430,205,70
88LL|||Block~1|21917|1618|280|N/S,488,21,4,0
88OH|||Chippewa~a|16000|66834|182|E/W,792,18,4,0
88WI|||Nicolet~1|45083|21393|241|03,671,30,4,0;18,610,46,4,0
89D|||Kelleys Island Land~a|16030|73129|182|18,692,11,1,1,180,315,230,150,182,,-390,150,182;09,671,15,1,1,,216,20,-50,182,,20,770,182
89OI|||Circle C~1|10389|90160|318|18,518,23,4,0
89Y|||Maidens~1|27334|56764|280|09,701,21,4,0,,303.2,,,,65,,,,326
8D4|||Paul C. Miller-Sparta~1|31274|43208|236|07,1229,23,1,1,63,,-250,-670,236,,260,670,236
8G8|||Koons~1|8827|91192|404|09,555,30,4,0,,,80,-570,404,,60,100,404
8I3|||Glenndale~1|4283|37989|259|18,624,34,4,0,,317,250,0,256,89,-320,0,256,91
8II5|||Holt~a|8994|49995|241|18,518,15,4,0
8IL0|||Adkins Restricted Landing Area|23529|13626|260|N/S,594,24,4,0
8IL2|||Kirkpatrick~1|24847|13999|290|N/S,610,23,4,0
8IL5|||O'Connor~a|23683|6457|274|09,549,21,4,0
8IS2|||Kilsoquah~h|9978|46111|256|09,610,17,4,0
8IS5|||Raymond Classen~i|8142|20119|198|18,788,30,4,0
8LL1|||Hunter~1|23567|14938|279|09,578,21,4,0
8MI3|||Mattawan~j|21959|41944|253|05,610,30,4,0
8MI4|||Howe~1|34959|44263|265|N/S,762,30,4,0
8MI7|||Bass Lake~1|61619|35157|245|01,610,30,4,0
8MI9|||Winters~a|23031|58927|305|18,457,15,4,0
8OA6|||Warner~6|13858|71029|186|09,792,24,4,0,,276
8OH3|||J and B Sky~b|11079|94754|343|N/S,549,20,4,0
8OH4|||York~e|8441|92968|384|09,796,15,4,0
8OH5|||Urban~1|13820|92877|319|18,805,40,4,0,,,360,-10,319,,-360,10,319
8OH8|||Allen~1|16681|93144|300|09,792,23,4,0
8OI3|||Allen~1|13734|93310|337|09,823,23,4,0
8PS2|||Still Meadow~h|13106|98372|418|04,566,20,4,0
8WI0|||Wood~1|37439|1857|285|13,549,18,4,0
8WI1|||Dillenburg's~1|47550|12718|279|18,610,30,4,0,,,300,-10,274,,-250,-10,274
8WI2|||Runway Leasing Inc Nr 1~1|42247|4690|335|18L,732,11,5,0;18R,732,11,1,0
8WI3|||Runway Leasing Inc Number 2~1|44209|4456|326|09,792,11,1,0
8WI6|||Funk~e|46108|23464|253|18,853,34,4,0
90WI|||Heritage Acres~1|55750|12916|490|15,914,46,4,0
91C|||Sauk-Prairie~1|32979|2442|254|18,895,18,1,1,,263.2,400,-30,253,,-410,30,250
91IL|||Wayne Page RLA|19220|8293|241|18,771,21,4,0
91OH|||Stine~a|7334|81071|357|09,503,46,4,0,,0.2,,,,91
92C|||Carter~1|46412|17848|239|12,901,12,1,1,114,,140,-450,238,114,-140,450,236;03,491,24,4,0,,,-190,-350,,,160,10
92IN|||H R Weisser~1|14234|41525|254|18,524,16,4,0
92MI|||Zischke~1|28617|53808|263|07,664,23,4,0
92PN|||Bartsch~1|10678|97053|351|18,808,30,4,0
92WI|||Knight Aire~1|52961|3589|489|01,878,18,4,0,,183.5
93LL|||Hemmingsen~1|15945|13944|195|09,488,21,4,0
95MI|||Evad Enterprises LLC~1|40870|42693|299|12,1219,24,4,0,,,274,-665,287,,-269,657,297
95OH|||Tong~h|9709|65417|256|18,930,26,4,0,,347,,,,152
96C|||Fox River~1|27500|17491|251|01,762,11,1,0,,,-250,80,251,,440,20,251
96G|||Cowley~a|33757|71797|235|09,792,18,4,0,,,70,210,235,,70,930,234
96IL|||Gerbick~1|23757|1492|283|18,732,21,4,0,,333,,,,61,,,,61
97G|||Glowacki~1|30003|54050|236|09,466,30,4,0
98G|||Sebewaing Township~1|37299|65361|178|18,664,15,1,1,,326.1,250,140,178,,-350,200,178,75;06,655,40,4,0,,330,-200,-160,178,,20,430,178,147
98LL|||Braden Farms~1|7992|22164|192|09,686,27,4,0
98OH|||Paine's~1|18228|91032|201|18,732,40,4,0
99MI|||Denton Farms~1|37551|51917|258|12,792,30,4,0;2,792,30,4,0
99WI|||Goins~1|41792|23686|201|9,610,23,4,0
9II2|||Nelund~a|16875|38450|229|E/W,497,21,4,0
9II3|||Dillon~1|15625|35278|213|09,914,18,4,1,,316,,,,,,,,133
9II4|||Cruzan~a|1725|40553|258|09,1006,21,4,0,,250.6
9IL0|||Villiger Restricted Landing Area|10945|6138|152|18,579,21,4,0
9IL2|||Routh~1|650|19736|204|18,812,41,4,0
9IL4|||Thompson~1|18072|9519|241|18,422,30,4,0
9IL6|||Weishaupt~1|5131|6327|198|18,701,32,4,0
9IN8|||Green~a|12292|46419|271|09,701,23,4,0,,224,,,,23,,,,23;18,640,23,4,0
9IN9|||Gessie~1|778|24847|194|18,732,18,4,0,,224,,,,107,,,,244
9IS2|||Schertz~a|4829|17325|231|18,968,30,1,0,180,,360,-10,229,53,-510,-10,230
9IS9|||Johnston~1|3345|10446|239|08,640,21,4,0
9MI2|||Newport Woods~1|19879|66924|181|17,777,24,4,1,,336
9MI5|||Grass Roots STOLport|32378|64756|238|E/W,402,30,4,0
9OH1|||Haar~1|14552|67352|188|09,762,24,4,0
9OH2|||Toussaint~j|15156|66942|186|E/W,701,12,4,0
9OH7|||Lutz~1|9617|64048|246|18,671,23,4,1,,0.1
9OH8|||Ferrell~1|9764|63584|248|N/S,701,24,4,0
9OI5|||Transportation Research Center of Ohio~1|3081|64583|335|16,1067,22,2,0,154.1,260,430,-280,,,-430,270
9OI8|||Brothers Aviation~1|316|85346|317|17,457,18,4,0
9WI1|||Black Otter~1|43294|13764|245|09,457,18,4,0,,257,,,,46,,,,122
9WI2|||Flying Dollar~b|42879|22033|256|N/S,457,46,4,0
9WI3|||Buchholz~h|42855|20132|291|N/S,407,15,4,0
9WI4|||Faken~1|29786|18652|276|N/S,610,24,4,0
9WI5|||Tamarack~1|28283|14255|259|15,518,15,4,0
9WI6|||Kitty Hawk Estates~1|51041|9832|457|08,549,30,4,0
9WI8|||Fletcher~1|26939|16207|299|E/W,610,24,4,0
9WN1|||Courtney Plummer~1|41069|13160|231|18,1037,10,1,1,180,1.9,340,10,229,350,-610,10,,14
9WN3|||Ozaukee~1|34214|21110|244|09,579,53,4,0;18,518,90,4,0
9WN5|||Lodi Lakeland~1|33267|4773|257|09,572,32,4,0
9WN9|||Coloma~5|40584|4367|335|18,792,12,5,0
9WS2|||Antique~e|43676|18413|200|18,671,20,4,0
C37|||Brodhead~1|25942|6206|242|09,744,47,4,1,,315,280,-910,242,,300,-10,242;03,457,30,4,0,,,-90,-100,242,,250,210,242;15,421,30,4,0,,,270,-240,242,,-80,70,242
C40|||Miller~1|7167|47500|258|09,792,30,4,0,,206,-230,-70,257,61,-230,870,258,91;18,680,30,4,0,,322.7,300,90,256,62,-410,90,258,80
C43|||Hiram Cure~1|27693|50353|260|09,705,30,4,0
C45|||Manito Mitchell~1|4893|2219|153|04,849,12,1,1,25,,-320,-140,151,53,370,290,153,137;18,667,12,1,0,180,,270,-80,151,213,-330,-90,151,24
C55|||Ogle~8|20373|6071|283|09,805,61,4,1,,360,-10,-530,280,,0,450,280
C56|||Bult~a|13776|23186|241|09,1525,23,2,1,89,,-20,-750,241,,-10,1080,235,46
C59|||Lake Lawn~1|26341|13989|299|18,1348,24,1,1,185,,610,70,298,98,-600,-70,295,91
C82|||Bresson~1|17625|8985|234|18,789,56,4,1,,359.1,400,-30,234,89,-310,-30,234,98
C86|||Freeport/Dornink~1|23778|4355|289|18,792,30,4,0,,229,360,20,288,,-220,20,289,110
C89|||Sylvania~1|27033|20410|239|08L,714,37,4,1,,263,-50,-430,240,,60,430,235;08R,693,12,1,1,,297,-70,-410,240,,40,420,235,43
C92|||Mentone~1|11472|39354|262|18,768,12,1,0,,360,290,20,261,120,-400,20,262
C94|||Earlville~1|15670|10521|210|04,1036,30,4,1,,294.7,-410,-410,,122,310,380,,49
C97|||Lowell~1|12301|24923|206|18,927,30,4,1,180,,420,0,205,169,-410,0,198
C98|||Lake Village~1|11481|25401|196|18,610,43,4,1,,270.5,410,-40,195,,-300,-40,196
D15|||Lake Isabella~j|36445|50180|270|11,787,15,1,0,,214.2,50,-480,270,332,-60,480,270,219
D20|||Yale~1|31111|72133|248|09,701,27,4,1,,270,140,-500,248,96,140,360,248
D90|||Mancelona~5|49239|49311|345|18,1036,43,4,0,,,690,30,345,,-190,30,345;10,625,37,4,0,,307,40,10,345,253,-80,780,345,61
DTG|||Dwight~1|11333|15592|193|09,721,6,1,1,88,,-80,-210,192,,-60,640,190,91;18,579,30,4,0,,260,350,-260,190,,-190,-230,193
E53|||Engler~a|38462|69532|221|7,769,20,4,1,,,-70,-470,,,80,470,,175
G05|||Finleyville~j|2459|99877|378|14,761,15,1,1,,229
H80|||Field of Dreams~1|43650|62375|253|08,732,27,4,0,,184,-110,-460,,305,50,430,,125
I72|||Westfield~1|495|38396|284|18,914,30,4,0,,,390,10,283,,-440,0,283
I80|||Noblesville~1|36|40353|250|09,1091,30,4,1,,359.4,-10,-620,,142,-10,660,,34
I99|||Alexandria~1|2325|43625|274|09,790,18,1,0,91,,10,-470,272,59,-10,460,270,84
IG05|||Wheeler~1|11898|33930|219|08,792,30,4,0
II01|||Grandlienard-Hogg~1|7562|47495|253|09,585,15,4,0
II02|||Kline~a|13856|51731|251|E/W,579,46,4,0
II04|||North West Indiana Air~1|8839|26308|201|N/S,792,38,4,0
II08|||Rheude~1|6609|25603|227|18,805,18,4,0
II11|||Pelz Port~1|12106|50139|251|E/W,405,12,4,0
II12|||Dague Strip|9645|36281|241|N/S,762,15,4,0
II16|||Pigeon~1|16370|50506|305|13,549,30,4,0
II18|||Lou Abbett Farms~1|13508|30744|209|18,774,21,4,0
II19|||Etter~1|4061|32464|201|09,457,30,4,0
II20|||Mossburg~1|6737|47367|258|NE/SW,701,7,4,0
II21|||Zollinger Strip|14753|43053|262|09,610,23,4,0
II26|||Ashby~1|7039|28122|229|18,671,18,4,0
II27|||Ward~1|1667|40592|253|N/S,549,30,4,0
II28|||Stettler Strip|12107|49369|262|09,427,15,4,0
II31|||Jurassic Landings Ultralightport|11879|18329|178|09,683,30,4,0
II38|||Sherk~a|14264|36836|262|10,488,23,4,0
II42|||Creekside~h|686|40778|244|05,488,18,4,0
II51|||Hull~1|14848|44070|283|05,853,30,4,0,,,-250,-370,283,,240,410,283
II65|||Gilmore~1|8875|28764|207|09,610,61,4,0
II70|||Salsbery~1|3849|39368|265|09,512,18,4,0
II74|||Eby~a|15598|39469|251|N/S,914,18,4,1,,227.3,,,,,,,,95
II77|||Finney's~j|2595|47395|294|09,579,30,4,0
II79|||Sommers~1|10770|32755|216|E/W,701,18,4,0
II85|||Blomenberg~1|8962|49509|244|N/S,701,15,4,0
II86|||Poole~1|156|41125|262|09,630,30,4,0
II94|||Irion~1|1284|41139|244|E/W,805,18,4,0
II95|||Rust's Landing~1|13645|39367|250|18,625,24,4,0,,263
IL02|||Herbert C. Maas~1|24722|20916|219|06,792,24,4,0
IL05|||Bingham~1|24403|15110|299|18,549,30,4,0
IL11|||Donald Alfred Gade~1|24653|19596|245|NE/SW,457,30,4,0
IL23|||Ellis~1|24420|5498|274|14,610,21,4,0
IL34|||Henderson~a|22145|12430|248|E/W,853,24,4,0
IL36|||Bob Walberg~a|23209|12416|256|E/W,687,21,4,0
IL38|||J Maddock~1|17670|14680|215|E/W,792,21,4,0
IL51|||Aero Acres~1|10383|16650|197|09,792,84,4,0
IL56|||McCulley~1|2195|17458|229|09,701,18,4,0
IL57|||Cottonwood~1|4220|9794|233|18,549,41,4,0,,,307,-37,227,,-186,-27,226
IL59|||Chicago Glider Club Gliderport|14320|17527|180|E/W,610,76,4,0
IL63|||Mays Aviation~1|7000|13249|219|N/S,805,21,4,0
IL64|||Martin~1|1806|4999|170|09,579,21,4,0
IL78|||Benoit~1|11311|22077|201|18,610,32,4,0
IL81|||Berns~1|9370|19540|201|E/W,701,21,4,0
IL82|||Martin RLA Restricted Landing Area|1095|11713|221|N/S,610,26,4,0
IL87|||W Davis~1|17111|8877|283|N/S,610,61,4,0
IL93|||Hendrickson Flying Service~1|19453|10760|271|18,853,24,4,0
IL94|||Hoblit Farms~1|2263|7571|190|18,628,31,4,0
IL95|||Corn~a|12231|18547|178|04,488,21,4,0
IL99|||B & C~1|15928|10327|218|09,805,26,4,0
IN00|||Sutton~1|5453|29478|226|E/W,732,30,4,0,,212.6,,,,,,,,61
IN10|||Plummer~1|9759|35800|232|09,671,21,4,0
IN11|||Arrowhead~h|12928|39289|251|09,671,38,4,0
IN18|||Hook~a|12745|51950|241|18,640,30,4,0
IN29|||Durflinger~1|5736|28964|228|09,1097,40,4,0
IN31|||Hanna~1|223|42461|265|N/S,671,15,4,0
IN33|||Robison~1|7362|38847|224|N/S,792,46,4,0
IN38|||Stewarts Green Acres~1|15453|35472|221|18,792,24,4,0
IN51|||Windy Knoll~1|1400|38475|280|09,792,15,4,0
IN54|||I & C~a|12837|35372|227|01,701,30,4,0,,315,,,,,,,,213
IN55|||Songer~1|792|27389|199|18,762,9,4,0
IN56|||Carroll's~j|1269|45681|287|09,853,23,4,0,,201.1,,,,183
IN60|||Wilderness~a|178|38397|277|E/W,610,30,4,0
IN62|||Tropria~1|12448|47025|276|09,792,30,4,0,,295.5,,,,30
IN65|||Wolfe~a|16914|44045|273|09,792,61,4,0
IN70|||Bodin~1|16336|29730|206|18,732,23,4,1,,360
IN75|||Blairport~1|17379|42867|242|18,450,26,4,0
IN82|||Foos~a|17495|39119|241|18,732,30,4,0
IN83|||Lautzenhiser~j|15023|50698|283|04,671,24,4,0
IN85|||Bowlin~1|8371|45163|247|08,549,17,4,0
IN86|||Wilson~1|12803|33680|218|NW/SE,457,24,4,0
IN87|||Singleton's~f|13514|33736|209|E/W,805,24,4,0
IN90|||Wietbrock~1|12598|25186|212|E/W,853,30,4,1,,352.5
IN91|||Valhalla~1|10021|50057|247|N/S,732,40,4,0
IN93|||Hustons~1|17120|35672|232|N/S,701,16,4,0
IS00|||Jay Schertz~h|8417|7255|238|18,732,30,4,1,,199,,,,,,,,69
IS02|||Dietchweiler~1|7784|22083|195|09,792,30,4,1,,333
IS15|||Vodden~1|20325|10974|259|09,610,23,4,0
IS19|||Carlson Restricted Landing Area|23354|6763|226|09,610,30,4,0
IS26|||Niklaus RLA Restricted Landing Area|1834|13847|221|09,799,30,4,0,,1.3,,,,,,,,213
IS37|||Stockton~1|23239|71|296|15,658,30,4,0
IS41|||Vogen Restricted Landing Area|14609|14080|226|09,652,30,4,0,,360,,,,73
IS57|||Wind Rose~h|21797|13672|248|09,792,21,4,0
IS59|||Rotstein~1|21339|10758|232|09,488,21,4,0
IS62|||John D Rennick~1|8673|5469|137|09,1067,24,4,0
IS65|||Woodlake Landing~1|16384|13555|206|08,911,15,1,1,,223.9,,,,152,,,,76;18,533,46,4,0
IS71|||Koch~1|24592|8006|244|08,747,21,4,0
IS73|||Woodley Aerial Spray~1|15325|2981|194|09,610,24,4,0
IS78|||Early-Merkel~a|23661|7649|242|15,732,21,4,0
IS80|||Uncle Chuck's~1|19178|12107|268|N/S,701,21,4,0
IS83|||Untied Acres~1|22275|12328|244|09,610,21,4,0,,355.9,,,,49,,,,73
IS86|||Hendrix~1|10417|18083|200|18,701,30,4,0
IS88|||Melody~a|1486|23055|201|18,792,30,4,0
IS93|||Sue Rock~3|24431|4957|290|07,433,21,4,0
IS94|||Johnson~1|16056|13388|203|09,549,15,4,0
JB01|||Clearwater Aero Estates~1|37572|3474|288|01,815,9,1,1,,270,,,,186,,,,93
K02C|||Capitol Drive~1|30902|18218|259|09,1032,30,4,0,90,310,60,-160,253,,60,310,253;03,913,14,1,1,19,233,-560,-180,256,152,350,250,253;18,488,24,4,0,179,336,-30,-240,,,-340,-240
K02G|||Columbiana~8|6733|93586|354|07,1068,23,1,1,61,,-230,-550,348,,240,550,354
K04G|||Lansdowne~1|11305|93804|318|02,937,15,1,0,16,,-410,-150,309,,400,150,318
K05C|||Griffith-Merrillville~1|15198|26005|193|08,1494,23,1,1,80,,-110,-880,193,,120,880,193,341
K06C|||Schaumburg~4|19893|18988|244|11,1158,30,2,1,105.2,228,140,-680,244,,-170,670,244
K08C|||Riverview~1|29359|41950|184|14,1195,15,1,1,140,344.9,420,-490,184,,-240,550,184,365
K0C0|||Dacy~1|24025|13676|278|09,1094,32,4,0,90,,-200,-880,274,91,-200,450,278;14,803,30,4,0,155,,470,0,278,208,-180,420,278;18,785,37,4,1,180,,480,90,278,93,-230,90,277
K0G6|||Williams~8|14674|54934|223|07,1458,23,1,1,68,,-250,-830,223,90,230,790,223
K10C|||Galt~a|24027|16231|267|09,854,11,1,1,88,,-100,-450,266,,-70,590,258,119;18,653,38,4,0,178,,440,300,264,61,-140,330,261,82
K10G|||Holmes~8|5372|80456|371|09,1341,23,1,1,87,,-30,-620,371,,20,630,361
K12G|||Shelby Community~1|8729|73026|341|18,967,15,1,1,179,,330,50,341,,-540,70,341;03,576,38,4,0,25,,-70,-240,341,,400,50,341
K13C|||Lakeview-Airport-Griffith~a|34521|47352|295|09,1067,23,1,1,89,,-10,-660,294,,10,660,295
K14G|||Fremont~1|13331|68388|202|09,1261,18,1,1,90,,110,-620,199,38,110,880,201;18,682,40,4,2,181,,100,-240,199,,-510,-250,200
K16G|||Seneca~8|10941|67875|240|06,1219,23,1,1,56,,-310,-610,240,,300,600,238,35
K17G|||Port Bucyrus-Crawford~8|7818|70256|306|04,1187,23,1,1,36,,-470,-440,305,84,400,380,304,213;09,884,23,4,0,85.5,267,-40,-580,304,,30,470,307
K1C1|||Paxton~1|4490|18723|237|18,1039,15,1,1,180,,470,-10,237,244,-470,0,230
K1C5|||Bolingbrook's Clow~3|16960|18708|204|18,1024,23,1,1,178,,460,-20,204,58,-460,20,199
K1G0|||Wood~8|13910|63699|205|10,1280,23,1,1,91,,80,-510,205,,60,1020,205;18,801,15,1,1,179,,240,-420,205,,-480,-410,205,17
K1G1|||Elyria~1|13315|78997|231|09,931,15,1,1,85,,-30,-550,230,,40,560,231
K1G3|||Kent State University~1|11514|85849|346|01,1219,18,1,1,9,,-540,-110,340,15,540,110,346;05,732,50,4,2,42,,-210,-680,351,,280,-100,351;09,357,17,4,2,89.1,,170,-420,351,,170,10,351
K1G5|||Medina~5|11319|82326|363|09,1084,23,1,1,84,,-50,-640,356,,50,650,361,55;01,874,18,1,1,1,,-500,540,357,,290,560,363
K29D|||Grove City~1|11460|98323|418|10,1372,23,1,1,92,,30,-820,411,180,-20,810,395
K2G1|||Concord~j|16670|88028|304|02,665,12,1,1,22,,-270,-150,303,,280,150,295
K2G2|||Jefferson County~j|3594|92999|365|14,1524,23,1,1,134,,500,-640,365,,-340,490,363
K35D|||Padgham~a|25310|41749|215|11,1311,23,1,1,98,,-10,-540,215,,-170,1040,214;15,558,46,4,0,140,,220,-350,213,,-120,20,215
K38D|||Salem Airpark Inc~1|9481|91379|354|10L,1038,15,1,1,90.1,,10,-680,351,,10,560,354,79;10R,777,18,6,0,90.5,,-20,-390,351,,-30,550,354
K3BS|||Jack Barstow~1|36631|57414|194|06,1159,23,1,1,60,,-290,-670,189,,230,570,193;18,915,23,1,1,180.1,,410,-550,191,,-410,-550,189
K3CK|||Lake in the Hills~1|22068|16770|271|08,1158,23,1,1,79.9,,-70,-550,270,,70,540,270
K3CM|||James Clements~5|35469|61045|178|18,1158,23,1,1,176,,550,10,178,,-490,100,177;05,792,23,1,1,45,,-290,-430,177,69,220,270,177
K3G3|||Wadsworth~5|10031|82435|297|02,1076,23,1,1,10.5,,-630,20,294,42,320,250,297;10,657,11,1,0,90.2,,240,-620,294,,240,160,296
K3G4|||Ashland~8|9030|77444|368|01,1067,23,1,1,1,,-480,-10,367,,480,0,361
K3G6|||Tri City~1|9060|90000|362|17,844,14,1,1,171.7,,380,-70,361,,-380,70,359
K3GM|||Grand Haven Memorial~j|30340|38018|184|09,1144,23,1,1,90,,10,-520,183,,20,890,180;18,627,18,1,1,180,,270,-330,184,,-300,-330,182
K3HO|||Hobart Sky~b|15542|27375|196|18,953,12,1,1,180,,600,-140,192,153,-260,-140,186,98
K3MY|||Mount Hawley Auxiliary~1|7953|3866|240|18,1220,18,1,1,175,,490,-60,240,,-500,60,236
K3RC|||Roscommon Conservation~1|44750|54333|352|09,1113,23,1,1,90,,-230,-770,352,50,-230,630,352;18,762,30,4,0,174,,470,-70,,,-210,30,,176
K3TR||NLE|Jerry Tyler~i|18359|37748|229|14,1250,23,1,1,146,,430,-390,226,91,-510,450,229;03,1010,15,1,0,33.8,,-330,-370,225,274,420,310,226,229
K41N|||Braceville~1|12120|90298|274|01,914,9,1,0,351.6,,-490,170,,17,320,20
K42I|||Parr~1|70|79876|241|10,945,8,1,1,92.9,,30,-640,,,-20,470,,19
K44C|||Beloit~1|24978|10324|249|07,1006,15,1,1,64,,-200,-550,245,,190,550,249,107
K45G|||Brighton~1|25698|62215|297|04,946,7,1,1,38.5,,-330,-360,295,59,340,360,297
K48D|||Clare~5|38345|52598|261|04,1067,23,1,1,31.8,,-170,-260,252,176,650,440,261;09,762,23,1,1,84,,-370,-590,,,-300,360
K4D0|||Abrams~5|27752|52636|257|09,975,23,1,1,86,,10,40,253,,80,1230,256;18,780,37,4,0,180,,210,-50,253,122,-490,-50,253
K4G4|||Youngstown Elser Metro~1|9618|93227|326|10,1223,15,1,1,90.4,,-10,-730,308,105,-20,720,326,79
K4G8|||Columbia~1|13188|80398|248|18R,961,12,1,1,181.2,,420,-10,247,91,-440,-40,247,64;18L,898,20,6,0,181.6,,420,50,246,,-390,20,247;02,786,26,6,0,12.4,,-290,-110,,,400,90
K4I3|||Knox~8|3287|74762|363|10,1678,30,1,1,97.7,,90,-890,362,,-90,890,361
K4I9|||Morrow~8|5245|71499|331|10,1065,20,1,1,91,,10,-630,328,,-10,630,331
K4Y4|||Lakes of the North~1|49125|51236|392|05,1306,12,1,1,53,,-350,-660,392,122,350,660,392,137
K50D|||Iron~8|60091|17261|408|12,1125,15,1,1,116.9,,230,-650,,,-230,650;02,823,44,4,0,16.9,,-240,-100,,,470,200
K50I||KKT|Kentland~5|7587|25705|213|09,1220,18,1,1,90.3,,10,-500,213,,0,760,213
K56D|||Wyandot~8|8834|66855|253|18,1218,23,1,1,180.3,,550,0,251,,-550,-10,252
K57C|||East Troy~5|27972|16274|262|08,1189,23,1,1,79,,-70,-690,257,,130,740,262;18,746,23,4,0,183,,280,-20,255,,-390,-70,252
K5A1|||Norwalk Huron~8|12448|74488|260|10,1283,23,1,1,90.2,,0,-770,254,73,-10,760,260
K5G7|||Bluffton~1|8854|61314|259|05,1258,23,1,1,51.7,,-350,-590,259,,350,580,258
K5I4|||Sheridan~1|1779|37827|285|05,1146,15,1,1,52,,-450,-590,283,198,190,470,284;09,1032,27,4,0,88.4,,130,-580,285,,160,700,285
K5Y1|||Albert J Lindberg~1|60354|55823|232|09,1128,18,1,1,90,,40,-890,232,61,40,480,232
K60D|||Bauer~a|34385|63646|203|10,1341,18,4,0
K61C|||Fort Atkinson~5|29632|11824|244|03,1158,18,1,1,28,,-460,-340,243,,460,330,242
K62D|||Warren~1|12670|90726|276|04,886,9,1,1,35.1,,-190,-380,273,27,460,230,275,176;18,823,30,6,0,180.4,,230,90,274,,-510,90,272
K63C|||Adams County Legion~a|39601|2108|297|15,1036,18,1,1,153,,540,-340,295,,-290,250,297;08,861,30,4,0,81.1,,20,-340,,,160,900
K6D6|||Greenville~5|31423|47462|261|10,1280,23,1,1,95,,30,-760,261,,-60,810,255;18,527,61,4,0,185,,270,-40,,,-210,-90
K6D9||ECA|Iosco~8|43128|65777|185|08,1464,23,1,1,78.2,,-130,-910,184,,140,900,184
K6G4|||Wynkoop~1|3651|75043|317|06,1055,27,4,1,62.5,,-220,-550,317,13,220,550,317;09,792,20,4,0,83.2,,-70,-680,,,20,250
K6G5|||Barnesville Bradfield~1|24|88082|400|09,1220,18,1,1,86,,-30,-720,399,91,40,710,400
K6I4|||Boone~8|73|35594|292|18,1097,9,2,1,180,,490,0,,,-500,0,,61
K6Y1|||Bois Blanc~1|57663|54962|202|10,1067,23,1,1,96,,50,-680,199,27,-50,680,199
K76G|||Marine City~1|27212|74036|187|04,945,18,1,1,33,,-490,-330,187,,230,290,187,90
K77G|||Marlette Township~1|33118|69091|273|09,1158,23,1,1,89,,-150,-650,265,,-140,770,267;01,1067,23,1,1,4,,-310,-120,264,,650,-30,272
K7D3|||Baldwin~5|38755|41579|252|09,1158,23,1,0,93.9,,-10,-390,249,,-80,1050,252;05,853,30,4,0,47.3,,-200,-840,,244,320,-60,,244
K7D9|||Germack~1|17778|90960|250|01,994,9,1,0,4,,-440,-30,250,,450,40,250
K7G8|||Geauga~8|14496|89371|358|11,1067,20,1,1,100,,80,-630,358,55,-80,630,353
K7V3|||Big Foot~9|25273|13487|290|09,888,26,4,0,90,,-300,-820,287,,-290,260,289;18,644,30,4,1,180,,300,-10,288,,-280,-10,288
K7W5|||Henry~8|13743|59321|208|10,1206,20,1,1,101,,110,-760,207,,-100,650,208
K80D|||Clare~8|40528|51875|348|18,908,15,1,1,181,,200,10,348,144,-560,-10,348,351;09,732,30,4,0,94,,210,-450,348,371,160,430,348
K83D|||Mackinac~8|58917|52619|190|07,1158,23,2,1,68.1,,-200,-690,190,,190,700,185
K87Y|||Blackhawk~9|31049|8145|280|04,858,17,1,0,41,,-290,-410,279,,300,270,279,79;09,671,17,1,1,90,,-20,-340,280,,-20,460,275,70
K8D1|||New Holstein~5|39442|18865|302|14,1097,23,1,1,142,,390,-420,297,,-380,430,297;04,899,76,4,0,39,,-350,-660,302,,290,50
K8G1|||Willard~5|10387|72754|295|10,1228,20,1,1,97.4,,80,-720,294,91,-70,730,285,186
K8G6|||Harrison~8|2384|89871|358|13,1266,18,1,1,126,,330,-600,358,267,-340,610,336
K8M8|||Eagle II~1|48065|57238|369|18,1538,23,1,1,173.4,,460,150,,,-920,370,,122
K8N2|||Skydive Chicago~1|13998|12061|188|03,1378,15,1,1,32.8,,-520,-450,187,,520,450,186
K9C8|||Evart~5|38959|47208|310|06,1159,23,1,1,54,,-390,-730,,,220,440
K9D9|||Hastings~1|26636|46537|244|12,1525,23,1,1,123,,210,-550,243,,-360,670,242;09,725,52,4,0,90,,200,-620,,56,200,270;18,595,61,4,0,182,,280,100,,183,-420,70
K9G2|||Prices~1|28076|62301|280|09,1219,23,1,1,89,,-10,-700,280,82,10,790,276,244
KAAA|||Logan~8|1587|6650|182|03,1219,21,1,1,35.3,,-540,-500,181,,360,330,181;14,921,41,4,0,144.4,,460,-210,182,94,-210,420,182
KACB|1|ACB|Antrim~8|49886|48016|190|02,1525,30,1,1,17.4,,-660,-280,190,,650,290,188
KADG|1|ADG|Lenawee~8|18662|59220|243|05,1524,30,1,1,47,,-460,-670,242,,470,680,244;11,542,46,4,0,107,,610,-60,243,,460,570,243
KAFJ|1|WSG|Washington~8|1365|97098|361|09,1525,30,1,1,85,,-60,-890,358,,60,890,356
KAID|1|AID|Anderson Municipal Darlington~a|1086|43870|280|12,1646,30,1,1,115,,330,-990,268,,-290,750,280,27;18,1036,23,1,1,179.9,,440,190,278,92,-500,190,277
KAIG|||Langlade~8|51542|8893|464|17,1222,23,1,1,164,,540,20,464,,-510,460,463;9,1036,23,1,1,83,,-80,-930,462,,40,370,464
KAMN|1|AMN|Gratiot Community~1|33221|53120|230|09,1525,23,1,1,90.2,,90,-800,228,,90,1080,229;18,975,23,1,1,180.3,,310,-200,229,,-570,-200,230
KANJ|||Sault Ste Marie Municipal Airport Sanderson~a|64792|56316|218|14,1595,30,1,1,136,,520,-720,218,55,-510,720,218
KANQ|1|ANQ|Tri State Steuben~8|16397|49165|303|05,1384,23,1,1,47,,-420,-600,300,165,420,610,303
KAOH|1|AOH|Lima Allen~8|7069|59733|297|10,1829,46,1,1,90,,0,-920,290,42,0,930,297;14,1217,46,0,2,135.4,,720,-460,297,,-60,550,297
KARB|1|ARB|Ann Arbor~5|22230|62544|256|06,1068,23,2,1,55,,-280,-450,253,,280,600,252;12,838,34,4,2,122.2,,200,-530,256,,-210,340,256
KARR|1|AUZ|Aurora~5|17719|15243|217|09,1982,30,2,1,89,,-170,-970,215,,-150,1420,215;15,1677,30,2,1,146.7,,810,-1050,217,,-450,60,213;18,975,23,1,1,180,,470,410,213,,-410,410,213
KARV|1|ARV|Lakeland Airport Noble F Lee Memorial~a|59279|2691|497|18,1570,30,1,1,179,,980,-210,497,,-430,-180,495;10,1098,23,1,1,101,,-300,-430,494,,-480,960,494
KASW|||Warsaw~5|12747|41599|259|09,1829,30,1,1,88.8,,-230,-610,256,,-200,1570,258;18,1226,23,1,1,179,,870,-720,256,,-230,-700,255
KAXV|1|AXV|Neil Armstrong~1|4934|57011|278|08,1676,30,1,1,76.6,,-160,-880,277,213,160,870,277;18,818,24,4,2,180,,250,-410,278,88,-470,-410,278
KBAX|||Huron County~i|37802|70146|233|17,1524,23,1,1,164.8,,480,-220,233,,-840,280,230;04,1065,23,1,1,28.4,,-160,-370,230,91,690,260,233
KBDJ|||Boulder Junction Payzer~1|61374|3540|508|05,1165,50,4,0,,,-520,-890,506,,200,190,507;16,980,49,4,0,,,420,-120,507,,-410,280,506
KBEH|1|BEH|Southwest Michigan~4|21286|35715|196|10,1831,30,1,1,90,,-70,-830,191,,-80,1050,194,174;14,977,18,1,1,132,,410,-530,191,,-260,480,192;18,761,30,1,3,180,,410,-180,192,,-280,-180,191
KBFA|||Boyne Mountain~1|51658|50759|219|17,1581,30,1,1,169.3,,700,-180,219,91,-700,190,219
KBIV|||West Michigan~4|27429|38926|213|08,1829,30,1,1,80,,-160,-1140,213,561,150,1150,210
KBJJ|1|BJJ|Wayne~8|8748|81117|346|10,1582,30,1,1,90,,0,-930,339,,0,940,346
KBUU|||Burlington~5|26907|16954|237|11,1311,23,1,1,109,,280,-820,237,,-100,700,237;01,735,40,4,0,12,,-490,0,236,,180,190,236
KC02||XES|Grand Geneva Resort~1|26149|16104|255|05,1250,23,1,1,53.1,,-310,-570,255,,320,570,255
KC03|||Nappanee~5|14462|40652|262|09,1120,15,1,1,89.4,,-10,-790,262,76,0,550,261,56
KC04|||Oceana~8|36417|36708|277|09,1067,23,1,1,76,,-120,-640,275,,120,640,271;15,686,30,4,0,136,,220,-300,277,114,-220,290,277
KC09|||Morris Municipal Airport James R. Washburn field|14254|15813|178|18,1677,23,1,1,179,,550,-10,178,,-550,20,173
KC15|||Pekin~5|4882|3241|162|09,1524,23,1,1,89.5,,-10,-900,162,,10,900,160
KC16|||Frasca~a|1464|18015|224|09,1220,17,2,1,89.4,,-140,-900,224,,-130,530,221;18,1114,43,4,0,179.3,,600,200,222,,-400,220,223,107
KC20|||Andrews University~j|19517|36323|204|13,1264,21,1,1,131,,170,-510,,,-580,640;03,700,55,4,0,27.6,,10,-370,,187,480,-40
KC29|||Middleton Municipal Morey~a|31143|4685|283|10,1220,30,1,1,100,,60,-910,283,,-130,560,283;12,892,12,1,2,122,,200,-420,282,,-220,520,281,52;18,669,34,4,2,180,,390,120,283,,-210,110,281;01,543,37,6,0,7.5,,-210,290,282,,330,390,283
KC35|||Reedsburg~5|35259|168|276|18,1475,23,1,1,181,,590,100,269,134,-740,80,269,91;07,765,15,1,1,68.9,,-110,-440,,70,140,450,,91
KC47|||Portage~5|35603|5171|251|17,1151,18,1,1,178,,550,-50,247,31,-490,10,251,80;04,813,12,1,0,43,,-300,-290,251,18,210,370,249
KC57|||Millers Landing|30957|56504|231|10,572,18,4,0
KC62|||Kendallville~5|14727|47392|306|10,1341,23,1,1,91.6,,20,-800,305,,-20,800,306
KC65||PLY|Plymouth~5|13651|36995|244|10,1341,23,1,1,96,,60,-770,243,,-60,820,244
KC73|||Dixon Municipal Charles R. Walgreen~a|18339|5560|239|08,1188,23,1,1,79.9,,-140,-1050,238,,40,360,239;12,854,23,1,1,121,,220,-490,237,,-180,390,239
KC75|||Marshall~8|10184|6141|173|13,1220,23,1,1,128,,340,-570,164,,-337,570,176;18,670,15,1,1,181,,420,40,169,,-180,20,167
KC77|||Poplar Grove~1|23229|11637|262|12,1150,15,1,1,122.5,,110,-630,261,152,-440,540,259;09,826,61,4,0,90.1,,80,-560,261,,80,440,259;17,752,46,4,0,176,,480,100,259,104,-190,160,259
KC81|||Campbell~1|23246|19259|240|06,1089,12,3,0,58.2,,-210,-560,237,,310,560,237,92;09,997,12,1,1,90.2,,-60,-600,237,,-60,610,240
KC88|||Tkaczyk~a|31391|57775|222|1,685,36,4,0
KC91|||Dowagiac~5|19929|38720|228|09,1433,30,1,1,90.1,,80,-1110,224,,80,620,227;04,663,30,4,0,39.8,,-390,250,,,80,770
KCAD|1|CAD|Wexford~8|42757|45785|398|07,1524,30,1,1,66,,-280,-930,398,,270,810,396;18,605,46,4,0,179,,170,1050,395,,-380,1050,395
KCFS|1|TZC|Tuscola Area~1|34588|65545|214|06,1311,23,1,1,52,,-480,-820,209,,250,450,214;13,694,34,4,0,120,,380,-20,,,60,730,,152
KCLI|1|CLI|Clintonville~5|46138|12687|251|14,1402,23,1,1,137,,420,-700,249,,-500,510,248;04,1162,23,1,1,43,,-290,-270,251,,380,590,247;09,610,52,4,0,88,,-250,-130,250,,-240,640,248
KCQA|||Lakefield~1|4841|54399|272|08,1341,23,1,1,82.6,,-70,-680,272,,60,680,271
KCVX|1||Charlevoix~5|53048|47252|204|09,1387,23,1,1,84.6,,-60,-1100,204,,50,660,196;04,390,61,4,0,45.6,,-120,360,198,,130,720
KD11|||Ojibwa~j|37200|49972|290|05,1097,38,4,1,44.6,,-350,-480,,213,350,480
KD25|||Manitowish Waters~1|61220|1177|491|14,1066,18,1,1,141.3,,330,-630,490,,-410,240,491;04,943,37,4,0,44,,-670,-220,490,,-20,680,491
KD95|||Dupont-Lapeer~1|30666|67277|254|18,1158,23,1,1,180,,,,254,,,,253;09,573,46,4,0,90,,-130,-210,254,91,-130,510,251
KD98|||Romeo State~1|27961|70250|225|15,1462,15,1,2,153,,570,-470,226,183,-610,340,221,86;18,1220,23,1,1,178,,570,40,225,143,-520,110,222;09,638,15,1,2,87,,550,-480,227,192,570,300,225,99
KDFI|1|DFI|Defiance~i|13375|55712|215|12,1280,22,1,1,114.8,,240,-690,216,,-240,690,213
KDKB|||DeKalb Taylor~5|19363|12959|279|02,2142,30,1,1,19.5,,-920,-290,279,,950,590,276;09,1280,23,1,1,90,,-730,-1470,278,,-730,80,278
KDLL|||Baraboo Wisconsin Dells~4|35227|2298|298|01,1527,30,1,1,9,,-650,-140,297,,650,130,295;14,831,30,4,0,135,,60,-550,297,,-470,170,297
KDLZ|||Delaware~5|2797|68852|288|10,1768,30,1,1,98,,100,-890,287,,-100,890,288
KDNV|1|DNV|Vermilion~4|1991|24034|212|03,1831,30,1,1,29.2,,-530,-300,198,,910,750,212;16,1219,30,1,1,164.3,,400,-260,208,,-660,130,200;12,762,46,4,2,120.4,,310,-150,208,,-40,630,205
KDRM|1|DRE|Drummond Island~1|60093|62561|204|08,1219,23,1,1,72.1,,-230,-1000,200,198,100,500,200,52;01,762,46,4,0,358,,-240,420,204,,460,280,204
KDUH|||Toledo Suburban~1|17359|63446|204|09,1465,15,1,1,86.9,,-40,-920,204,388,40,920,204
KEDJ|||Bellefontaine~4|3723|61810|342|07,1524,30,1,1,69.3,,-240,-840,336,,240,840,342
KEFT|||Monroe~5|26149|4096|331|12,1524,23,1,1,122,,390,-640,324,,-330,940,324;02,914,23,1,1,22,,-460,-510,331,,310,-90,331
KEGV|1|EGV|Eagle River Union~1|59323|7317|500|04,1524,23,1,1,45,,-530,-780,500,,430,620,499;13,1036,18,1,1,132,,400,-380,500,,-230,610,500
KEKM|1|EKI|Elkhart~5|17194|39968|237|09,1981,37,1,1,89.9,,150,-1620,235,,150,760,237;18,1219,23,1,1,172,,290,990,237,,-800,1200,235;08,756,76,6,0,75,,,,237,,,,237
KERY|||Luce~8|63112|45427|265|11,1312,23,1,1,110.2,,450,-1050,265,,40,540,260;04,871,46,4,0,33.6,,-700,50,260,295,-40,690,260
KETB|1|ETB|West Bend~5|34223|18710|270|13,1370,23,1,1,127,,310,-570,269,,-430,790,265;06,1188,23,1,1,59,,-230,-520,270,,320,730,266
KEZI|||Kewanee~5|12052|361|262|09,1372,23,1,1,91.1,,-110,-990,260,,-130,640,261;01,975,18,1,1,11.4,,-260,140,261,,600,370,255
KEZS|||Shawano~5|47875|14395|248|ALL/WAY,3658,305,12,0;12,1189,23,1,1,113,,190,-620,247,,-220,760,247;17,678,18,1,0,165,,270,-100,247,,-320,130,248
KFEP|1|FEP|Albertus~1|22462|4180|262|06,1678,30,1,1,53,,-630,-810,262,,290,840,256;18,733,46,4,0,179.2,,480,-110,254,,-200,-90,258;13,696,46,4,0,126,,460,-260,255,,90,420,256
KFFX|||Fremont~5|34369|40034|235|01,1982,30,1,1,360,,-890,20,235,,890,0,230;10,1067,23,1,1,91,,700,-180,234,,680,1140,235
KFKR|||Frankfort Clinton County~4|2734|34378|262|09,1524,23,1,1,90,,-70,-670,261,,-70,1120,262;04,770,21,1,1,34.2,,-140,-690,261,,440,-180,261
KFKS|||Frankfort Dow Memorial~a|46252|37992|193|15,1234,23,1,1,139.3,,420,-510,190,333,-420,500,185,34
KFLD|1|FLD|Fond du Lac~8|37712|15116|246|18,1811,30,1,1,180,,790,220,239,,-840,220,242;09,1098,23,1,1,92,,40,-1050,246,,10,310,240
KFPK|||Fitch H Beach~1|25745|51886|272|03,1070,23,2,1,21,,-450,-230,268,,450,230,272;15,700,29,4,0,145,,140,-440,,175,-350,110,,58
KFZI|||Fostoria Metropolitan~1|11908|66055|229|09,1526,30,1,1,89.9,,0,-770,229,,0,760,229
KGDW|1|GDW|Gladwin Zettel~i|39706|55250|237|09,1432,23,1,1,87.7,,110,-790,235,,170,1000,235;15,786,46,4,0,162,,80,-360,237,,-570,-60,237
KGGP|||Logansport Cass~8|7112|36251|225|09,1524,23,1,1,89,,0,-810,224,66,10,810,225
KGKJ|1|MEJ|Port Meadville~1|16265|97853|426|07,1524,23,1,1,61.1,,-330,-800,425,,330,800,426
KGLR|1|GLR|Gaylord~4|50135|52964|405|09,2005,46,1,1,90.1,,100,-1340,402,,100,1200,405;18,1280,23,1,1,173.8,,210,160,403,,-610,160,401
KGOV|||Grayling Army Air~a|46803|52711|353|14,1526,46,1,1,136.2,,140,-750,351,,-850,590,351;05,1524,46,2,0,46,,-110,-590,351,,840,790,353
KGQQ|1|GQQ|Galion~5|7534|72762|373|05,1068,23,1,1,47.4,,-330,-460,373,57,320,470,371
KGSH|1|GSH|Goshen~5|15264|42071|252|09,1831,30,1,1,89.3,,-110,-880,250,,-100,950,252;05,691,53,4,0,44.3,,-50,-390,248,,460,270,251
KGWB|||De Kalb~8|13072|49356|268|09,2166,30,1,1,89,,-10,-900,265,,0,910,268
KHAI|1|HAI|Three Rivers Municipal Dr Haines~1|19598|44066|251|09,1219,23,1,1,90,,60,-780,250,,70,690,251;05,829,18,1,1,45,,-380,-200,251,,150,500,250
KHHG|||Huntington~5|8529|45429|246|09,1524,23,1,1,92,,30,-900,245,,-20,910,245
KHTL|1|HTL|Roscommon County - Blodgett~i|43598|53289|351|09,1219,23,1,1,88.8,,140,-510,350,,160,1010,349;18,671,30,4,0,180,,50,-670,350,61,-560,-670,349,61
KHXF|||Hartford~5|33493|16089|326|09,1037,23,1,1,91,,137,-493,320,,119,785,326;18,680,60,4,0,178,,320,70,325,,-290,-10
KHYX|||Saginaw County H.W. Browne~1|34334|61377|183|10,1525,30,1,1,90,,50,-960,183,,50,920,182;05,900,18,1,1,44,,-380,-360,183,37,190,400,182
KI12|||Sidney~5|2414|58491|318|10,1528,23,1,1,94.2,,150,-800,316,146,60,910,318;05,909,15,1,0,40,,-480,-430,315,,150,260,317
KI17|||Piqua Airport-Hartzell~a|1647|56916|303|08,1219,23,1,1,75.5,,-140,-700,303,,140,690,300
KI22|||Randolph~8|1689|50743|341|07,1212,15,1,1,72.7,,-170,-800,340,,160,550,340,59;09,597,32,4,0,91.9,,30,-100,341,,20,610,341,92
KI40|||Richard Downing~1|3092|81466|298|04,1524,23,1,1,37.4,,-450,-440,296,,440,450,298
KI54|||Mad River~j|201|61715|292|09,1038,34,4,1,90,,-10,-680,,104,-10,600,,274
KI64|||Ortner~1|12934|76275|258|03,1158,17,1,1,23,,-510,-90,,,450,450,,40
KI74|||Grimes~a|1326|62466|326|02,1341,30,1,1,17.9,,-570,-240,322,,580,240,325
KI76|||Peru~5|7863|38536|237|01,1341,23,1,1,4.6,,-540,-50,234,,550,60,237
KI95|||Hardin~8|6107|63564|312|04,1462,23,1,1,39.7,,-440,-480,312,,450,490,306
KIGQ|||Lansing~5|15349|24705|189|18,1220,23,1,1,180,,130,180,188,107,-970,180,189;09,1035,23,1,1,90,,500,-840,187,,500,400,188
KIRS|1|IRS|Kirsch~5|18133|45610|282|01,1585,30,1,1,360,,-730,-180,277,,690,-190,278;06,1098,23,1,1,59,,-210,-240,278,,280,830,282
KISQ|1|ISQ|Schoolcraft~8|59746|38282|208|10,1524,30,1,1,90,,40,-1050,209,,30,920,205;01,762,15,1,0,359,,-400,120,206,,280,110,208
KISW|1|ISW|Alexander Field South Wood~8|43603|1610|311|02,1676,30,1,1,20,,-690,-280,308,,720,430,311;11,1109,15,1,1,116,,280,-520,311,,-150,730,308,52;18,632,15,6,0,176,,110,-350,,,-470,-290
KIWH|||Wabash~5|7630|42003|243|09,1341,23,1,1,89.3,,-200,-820,242,,-180,770,241;18,591,18,1,1,178.7,,360,370,241,123,-170,390,241
KJOT|1|JOT|Joliet~4|15178|18245|177|13,860,30,1,1,127,,210,-420,177,67,-270,440,177;04,778,46,4,0,44,,-290,-430,175,,340,400,177
KJVL|1|JVL|Southern Wisconsin~4|26203|9584|246|14,2226,46,2,1,134,,780,-1360,242,,-600,610,246;04,2042,46,1,1,41.4,,-850,-820,245,,530,830,245;18,1525,23,1,1,179.1,,750,540,246,,-620,560,245
KJYM|||Hillsdale~5|19213|54142|360|10,1524,30,1,1,94,,30,-730,354,,-40,740,360
KLDM|1|LDM|Mason~8|39625|35921|197|08,1525,23,1,0,71,,-320,-560,195,,120,1240,197;01,1068,23,1,0,2,,-330,-510,195,,630,-470,194
KLNL|||Kings Land O' Lakes~1|61540|7879|519|14,1219,23,1,1,143,,470,-430,519,61,-410,520,519;05,785,40,4,0,46,,-270,-400,517,,220,340,519
KLNN|1|LNN|Lake County Executive~1|16840|86103|191|05,1533,30,1,1,44.6,,-360,-770,190,130,630,520,189;10,1302,30,1,1,90.5,,-150,-640,190,122,-160,920,191,343
KLOT|1|LOT|Lewis University~1|16073|19038|207|02,1981,30,2,1,13.7,,-810,-470,207,,550,-30,202;09,1676,23,1,1,90,,140,-830,205,,140,1260,203
KLPR|||Lorain County~4|13443|78224|242|07,1525,30,1,1,65,,-290,-830,242,,290,820,240
KLWA|||South Haven Area~4|23512|37443|203|05,1463,23,1,1,44,,-330,-430,198,,620,790,203,152;14,994,58,4,0,132,,100,-700,203,294,-510,200,203
KMBL|1|MBL|Manistee County Blacker~1|42727|37535|189|10,1677,30,1,1,91,,10,-830,188,,-30,1270,189;01,829,23,1,1,1,,,,189,,,,188
KMCD|1|MCD|Mackinac Island~1|58649|53627|225|08,1067,23,1,1,75.3,,-120,-670,221,,130,660,225
KMCX|||White~8|7088|32332|206|18,1524,23,1,1,178.8,,550,-10,206,,-550,20,204
KMGN|||Harbor Springs~1|54256|50866|209|10,1265,23,1,1,96,,50,-830,207,136,-70,780,209
KMNM|1|MNM|Menominee–Marinette Twin~8|51267|23616|191|03,1829,30,1,1,31,,-350,-600,187,,1060,590,190;14,1555,30,1,1,140,,110,-660,189,,-960,610,184
KMNN|1|MNN|Marion~5|6162|69365|303|07,1524,30,1,1,59.9,,-480,-780,301,,210,780,303;13,1066,30,1,1,119.9,,450,-530,301,,-30,560,301
KMOP|1|MOP|Mount Pleasant~5|36217|52625|230|09,1524,30,1,1,91,,-20,-680,230,,-40,1210,229;05,763,49,4,0,57,,-140,-920,230,,230,-120,230
KMRT|||Union~8|2247|66484|311|09,1286,23,1,1,83,,-70,-750,311,,70,750,304,38
KMTW|1|MTW|Manitowoc~8|41271|23180|198|17,1524,30,1,1,170,,710,-180,197,,-640,150,198;07,1018,30,1,1,70,,210,-230,198,,520,970,194
KMWC|1|MWC|Lawrence J Timmerman~1|31104|19656|227|15L,1252,23,1,1,146,,540,-420,227,,-390,450,227;15R,985,82,4,0,145,,310,-480,226,,-420,210,223;04L,976,23,1,1,36,,-330,-370,225,,380,340,225;04R,866,82,4,0,36,,-400,-170,223,,230,470,224
KMZZ|1|MZZ|Marion~5|4899|43203|262|04,1832,30,1,1,37.6,,-640,-720,262,,660,590,259;15,1053,30,1,1,150.4,,400,-220,262,,-450,420,259
KN98|||Boyne City~5|52083|50097|200|09,1220,23,1,1,93,,70,-730,200,183,20,750,200
KOCQ|||J. Douglas Bake~i|48743|20883|184|11,975,23,1,1,110,,70,-320,184,,-220,850,183;04,561,46,4,0,40,,-100,-120,,,290,340
KOEB|||Branch County~i|19334|49474|292|07,1631,23,1,1,64,,-390,-1150,291,,260,610,290;04,1067,23,1,1,34,,-240,90,291,,560,800,291;16,731,58,4,0,162,,300,-40,,181,-330,230
KOGM|||Ontonagon County Schuster~a|68455|6329|204|17,1068,23,1,0,163,,460,-200,195,,-460,200,203
KOKK|1|OKK|Kokomo~5|5282|39410|253|05,1829,46,1,1,44.8,,-560,-830,253,,450,490,250;14,1220,46,1,1,135.3,,450,-290,252,,-330,730,251
KONZ|||Grosse Ile~5|20991|68385|180|04,1477,30,2,1,30,,-570,-90,176,136,570,810,180,130;17,1348,23,2,1,167,,590,-580,177,206,-590,-210,176
KOSC|1|OSC|Oscoda Wurtsmith~1|44516|66059|193|7,3597,61,1,1,58,,-860,-1920,193,,850,1930,190
KOWX|||Putnam~8|10356|60180|233|09,1372,23,1,1,90,,-10,-810,230,,0,800,233
KOXI|||Starke~8|13301|33377|209|18,1525,23,1,1,180,,630,10,208,,-570,10,208;09,944,44,4,0,90,,-20,-1160,208,88,-20,-40,208
KOZW|||Livingston County Spencer J. Hardy~1|26292|60179|293|13,1525,30,1,1,127.4,,440,-750,293,,-390,730,287
KPCZ|||Waupaca~5|43333|9802|256|10,1585,30,1,1,93,,10,-1310,256,,-80,670,245;13,1188,23,1,1,123,,340,-190,252,,-260,1050,245;06,451,34,4,2,56,,-230,370,,,0,860
KPHD|1|PHD|Harry Clever~a|4709|85803|272|15,1204,30,1,1,139,,410,-470,272,98,-410,460,270;12,581,21,4,0,109,,-140,-430,271,,-310,290,270
KPHN|1|PHN|St Clair County~3|29110|74711|198|04,1556,30,1,1,36.1,,-640,-640,195,,490,480,198;10,1219,23,1,1,94.7,,130,-630,196,,40,860,198
KPJC|||Zelienople~5|8016|98393|274|17,1525,23,1,1,165.4,,550,-190,273,,-540,180,275
KPLD|||Portland~5|4508|50099|282|09,1678,23,1,1,89,,60,-610,278,,90,830,282
KPNT|||Pontiac~5|9243|13755|203|06,1524,23,1,1,59,,-340,-720,198,,360,840,203
KPOV|||Portage County~4|12102|87484|365|09,1066,23,1,1,85,,-40,-640,364,,40,630,363
KPPO|1|LPO|La Porte~5|15725|32655|247|02,1524,23,1,1,20,,-700,-310,244,,590,310,247;14,853,18,1,0,134,,350,-370,247,61,-180,360,244
KPZQ|||Presque Isle~8|54071|61871|204|09,1252,23,1,1,88,,-20,-800,204,67,20,800,204
KR47|||Ruhes~1|11025|59456|244|09,1358,20,1,1,84.2,,0,-550,,,120,1060
KRAC|1|RAC|John H Batten~1|27606|21848|205|04,2004,30,2,1,37,,-620,-510,203,218,820,950,203;14,1348,30,1,1,132,,420,-600,204,246,-390,630,201
KRCR|1|RCR|Fulton~8|10656|38183|241|11,1524,23,1,1,105.1,,170,-880,240,,-180,870,240
KRCT|||Nartron~a|39018|44840|322|17,1373,30,1,0,180,,440,-70,,,-800,-70
KRMY|||Brooks~a|22512|50445|287|10,1067,23,1,1,96.6,,50,-640,286,,-60,650,286
KRNP|||Owosso Community~1|29930|58611|224|11,1311,23,1,1,103,,130,-790,224,,-130,780,224;18,765,79,4,0,176,,270,200,224,121,-440,270,224;06,746,40,4,0,59,,-100,-480,,322,260,310
KRPJ|||Rochelle Municipal Airport - Koritz~a|18930|9217|238|07,1524,23,1,1,70,,-200,-730,235,,200,730,238
KRQB|1|WBR|Roben Hood~1|37226|44959|302|09,1311,23,1,1,90,,190,-1240,302,,190,380,288;14,823,23,1,1,143,,0,390,284,,-590,1000,282
KRRL|1|RRL|Merrill~5|51989|2871|402|07,1555,23,1,1,69,,-320,-1230,402,,200,610,398;16,913,23,1,1,156,,480,300,401,,-270,760,397
KRWN|||Arens~a|10922|33866|217|09,1280,23,1,1,90,,10,-710,215,,0,820,216
KRYV|||Watertown~5|31696|12768|254|05,1350,23,1,1,53,,-440,-760,249,61,290,570,251;11,854,23,1,1,113.3,,280,-340,251,,-30,630,254
KRZL|1|RNZ|Jasper~8|9479|28174|213|18,1219,18,1,1,180,,550,110,213,,-550,120,205;09,442,46,4,0,90,,-10,-580,209,,-10,120,207
KS24|||Sandusky County~4|12957|69628|203|06,1676,30,1,1,59.6,,-380,-870,203,,380,860,200
KSBM|1|SBM|Sheboygan County~i|37696|21486|230|04,2073,30,2,1,35,,-500,-560,227,,710,620,226;13,1525,23,1,1,130,,320,-780,228,,-550,690,225
KSJX|1||Beaver Island~1|56923|44334|204|09,1310,23,1,1,90.1,,-80,-1110,204,,-80,570,203;14,999,37,4,0,132,,300,-140,204,,-310,820,204;05,626,37,4,0,42.4,,-50,-280,,,370,270
KSLH|||Cheboygan~8|56537|54807|195|10,1220,23,1,1,90,,50,-790,195,,50,770,191;17,571,18,4,0,164,,90,-50,,,-330,130
KSMD|1|SMD|Smith~a|11434|48472|255|05,953,30,1,1,51,,-250,-430,254,61,290,440,252;13,891,18,1,1,128,,220,-420,254,219,-280,410,252
KSQI|1|SQI|Whiteside County Airport - Joseph H Bittorf~a|17422|3264|198|07,1981,46,1,1,70.1,,-300,-1110,197,,300,1130,197;18,1189,30,1,1,180.1,,710,-730,195,,-360,-730,196
KSTE|1|STE|Stevens Point~5|45452|4697|338|03,1837,37,1,1,29.6,,-680,-630,336,,760,510,338;12,1108,23,1,1,120,,160,-500,337,,-340,710,336
KSUE|1|SUE|Door County Cherryland~1|48437|25785|221|02,1402,23,1,1,13,,-680,-330,220,,550,70,215;10,975,23,1,1,93,,100,-440,219,,60,790,218
KTDZ|1|TDZ|Toledo Executive~1|15649|65177|190|14,1777,30,1,1,134,,610,-780,189,177,-500,750,189;04,1158,23,1,1,39,,-490,-380,190,,290,450,189
KTEW|||Mason Jewett~a|25658|55768|280|10,1220,23,1,0,90,,0,-740,280,,0,740,279
KTIP|||Rantoul National Aviation Center - Frank Elliot field|2936|18576|225|13,1737,46,2,2,135.1,,890,-570,225,,-210,880,222;04,1585,46,2,2,43.8,,-280,-880,224,,720,380,223;09,1524,23,1,1,89.6,,-160,-750,224,,-150,1040,222;18,1492,23,2,0,180,,820,-150,225,,-520,-150,223
KTKV|||Tomahawk~4|54691|1943|453|09,1341,23,1,1,90,,0,-780,447,,0,780,453
KTSO|||Carroll County-Tolson~1|5619|89225|354|07,1311,23,1,1,64.4,,-260,-700,354,,250,700,354
KTTF|||Custer~1|19399|65653|188|03,1523,30,1,1,22.5,,-630,-350,186,,630,350,187
KTYQ|||Indianapolis Executive~1|307|37486|281|18,2134,30,2,1,179,,750,-12,281,,-1170,10,281
KUCP|||New Castle~5|10253|95866|326|05,1218,23,1,1,39.7,,-280,-470,312,,560,450,304;13,870,30,1,1,118.9,,0,-450,310,,-380,450,327
KUES|1|UES|Waukesha~8|30410|17629|278|10,1783,30,2,1,102,,290,-1260,273,,-40,880,276;18,1097,23,1,1,177.9,,290,390,276,,-690,260,278
KUGN|1|UGN|Waukegan National~1|24222|21321|222|05,1829,46,1,1,48,,-630,-770,221,,460,890,220;14,1143,23,1,1,144,,550,-510,222,152,-290,300,217
KUNU|1|UNU|Dodge~8|34266|12968|285|08,1545,30,1,1,80,,-150,-1230,285,,100,650,285;02,1228,23,1,1,17,,-500,130,283,,560,580,284
KUSE|||Fulton~8|16101|58728|237|09,1183,23,1,1,89.1,,20,-540,237,,30,880,235;18,645,23,0,0,179.9,,260,-300,237,,-320,-300,238
KVES|||Darke~8|2044|54681|307|09,1464,23,1,1,88.5,,-10,-810,306,,20,810,306
KVLL|||Oakland Troy~1|25429|68221|222|09,1082,18,1,1,90,,0,-660,222,,10,660,214
KVNW|||Van Wert~8|8647|53906|239|09,1524,23,1,1,89.5,,0,-730,239,,10,720,239;18,780,29,4,0,180.8,,160,780,239,96,-550,760,239
KVTA|||Newark Heath~1|247|75382|269|09,1417,23,1,1,86.9,,-40,-830,269,139,30,830,265
KVYS|1|VYS|Illinois Valley Regional Airport Walter A Duncan~a|13519|8469|199|18,1828,30,1,1,179.6,,820,-10,199,,-830,10,195;07,1219,23,1,1,74,,,,198,,,,198
KY31||WBK|West Branch Community~1|42448|58202|269|09,1524,30,1,1,89,,-10,-950,269,,10,950,262
KY47|||Oakland Southwest~1|25031|63763|282|08,953,12,1,1,71,,-130,-550,281,386,140,550,282,263
KY50|||Wautoma~5|40416|6955|262|13,1006,18,1,1,132,,300,-470,262,,-300,470,261;08,711,37,4,0,82,,340,-740,262,,420,120,261;05,363,11,1,0,50
KY55|||Crandon~5|55221|10749|502|11,945,23,1,1,113,,310,-1060,502,,-20,50,495;01,836,30,4,0,6,,-400,-60,492,,340,50,496
KY65|||Campbell-Pratt~1|54062|54009|183|10,916,15,1,1,97.8,,270,-670,183,,160,490,183
KY70|||Ionia~8|29380|49395|249|09,1311,23,1,1,90.6,,-10,-1060,248,,-20,550,245;18,1299,104,4,0,179,,600,240,245,,-570,270,249
KY83|||Sandusky City~1|34570|71590|237|09,946,23,1,1,89,,0,-510,,,10,660;18,701,46,4,0,180,,,,236,,,,236
KY89|||Kalkaska City~1|47252|47969|314|10,1067,23,1,1,102,,100,-660,,,-100,660,,122
KY93|||Atlanta~5|49969|58733|267|13,982,30,4,1,,,610,-1160,267,231,40,-210,267,173;05,914,18,1,1,47,,0,-1080,267,375,560,-240,267,113
KY94|||East Jordan City~1|51310|48922|196|09,991,15,1,1,92,,-50,-1030,196,,-80,230,196,38;18,549,37,6,2,174.3,,-150,-640,196,,-620,-570,196
KY95|||Hillman~1|50832|60612|259|04,1036,18,1,1,33.1,,-370,-60,,,410,660;18,869,46,6,0,173.2,,400,-210,,,-370,-80
KZ98|||Ottawa Executive~1|28172|40719|226|02,1158,18,1,1,19.9,,-490,-240,,90,490,250,,58
LL07|||Herb Tautz~1|20626|319|260|E/W,732,24,4,0
LL10|||Naper Aero Club~1|17348|17966|216|18,773,9,1,0,,,380,30,216,,-330,0,215;09,533,21,4,0
LL22|||Brookeridge Air Park|17327|20007|229|09,857,12,4,0;18,591,8,4,0
LL24|||Sunset Acres~1|12058|22151|203|E/W,805,21,4,0
LL28|||Sd Aero~1|24328|12828|283|18,488,21,4,0
LL32|||C D Maulding~1|4466|19347|244|N/S,802,20,4,0
LL34|||Thorp~1|2193|10780|229|18,701,30,4,0
LL38|||Stutzke~1|18105|1618|226|09,671,21,4,0
LL39|||Curanda~1|12575|15222|189|09,671,30,4,0
LL46|||Read~1|8353|18472|202|09,643,27,4,0
LL51|||Riley's~a|16042|17263|202|N/S,610,30,4,0
LL52|||Wilts~1|11611|10609|198|18,610,30,4,0
LL54|||Dunn~1|17194|9700|259|02,503,27,4,0
LL55|||Gentry~1|19909|4402|264|E/W,610,30,4,0
LL64|||Ralph E. Daniels~1|11995|6055|139|E/W,427,21,4,0
LL65|||Edgar Read~1|11945|5499|210|18,488,30,4,0
LL74|||Maple Hurst Farms~1|20084|9513|251|09,762,37,4,0
LL75|||Chester Wyss~1|24250|5499|280|N/S,579,30,4,0
LL78|||LZ Fairwinds~1|23120|8481|229|09,518,30,4,0
LL79|||Severson~1|23931|8693|248|N/S,732,30,4,0
LL80|||Darrington~1|23820|8388|263|E/W,671,27,4,0
LL81|||Latham Park Aero Estates~1|23750|9299|237|N/S,703,21,4,0
LL87|||Compass Rose~1|24548|10951|296|NE/SW,579,30,4,0
LL88|||Harry D Fenton~1|24750|9110|235|E/W,640,30,4,0
LL89|||Blackhawk Farms Inc~1|24872|8921|231|09,610,30,4,0
LL90|||McCurdy Strip|24470|10995|293|N/S,762,27,4,0
LL94|||Mc Curdy~1|24345|10005|230|E/W,671,30,4,0
LL97|||Rockenbach~1|23389|19152|244|N/S,610,30,4,0
M61|||Edward F Johnson~1|63452|22115|441|18,671,30,4,0
M86|||Walle~a|24709|38727|194|09,518,18,4,0,,,10,-150,195,,10,480,195
MI00|||Van Effen~a|60522|27418|296|12,831,30,4,0,,,170,-480,296,,-170,480,296
MI01|||Fasel~a|30578|73231|224|18,701,21,4,0
MI05|||Crompton's Private Strip|31657|62118|207|N/S,805,61,4,0
MI10|||Hoerners Corners~1|28653|52945|244|09,637,26,4,0
MI11|||Crippen~a|25415|51910|271|18,762,23,4,0
MI15|||Wards Long Acres~1|27292|73348|188|09,518,50,4,0
MI18|||Cedarville~1|30995|61627|221|N/S,762,18,4,0
MI23|||McKimmy~a|33364|61333|183|N/S,686,23,4,0
MI24|||Deer Lake~j|51417|49933|223|05,549,12,2,0
MI25|||Myers~1|19223|34544|204|09,402,46,4,0
MI27|||Haigh~1|26121|61409|305|09,549,23,4,0
MI29|||Gooding~1|23764|62073|280|18,610,15,4,0
MI35|||Claucherty~1|20773|51724|301|02,518,30,4,0
MI41|||Crystal~1|28317|74654|186|01,823,12,2,0
MI44|||D J~1|36723|52633|230|N/S,594,21,4,0
MI45|||Ed Schulte's Place STOLport|28081|65481|320|18,792,30,4,0
MI48|||Ham-A-Lot~a|18428|63159|207|07,732,30,4,0
MI53|||Mills~a|20092|67417|180|09,732,20,4,0
MI56|||Boulder Canyon~1|30758|47317|301|7,671,30,4,0,68,,-124,-405,247,274,106,357,251,183;H1,30,23,3,0
MI60|||Tannehill~9|45914|46892|320|09,402,46,4,0
MI70|||Carl's~1|20712|61164|259|18,549,15,4,0
MI71|||Silver Lake~1|36445|35471|235|08,811,122,4,0
MI76|||Reading~1|25473|37827|213|04,488,27,4,0
MI78|||Weller~1|29189|42139|183|09,518,30,4,0
MI80|||Wabasis Lake~1|31284|46008|272|18,652,24,4,0
MI82|||Harry's~a|28764|40444|202|E/W,732,30,4,0
MI86|||Midget~1|33423|38122|204|09,610,30,4,0
MI88|||Bakers~a|27323|40947|207|09,610,23,4,0
MI98|||Poulter~a|23650|60191|293|18,552,20,4,0
MI99|||Robertson~a|28008|73430|189|E/W,701,37,4,0
O74|||Elliotts Landing~1|5247|64883|319|15,838,34,4,0
OA00|||Taildragger~1|1170|84288|244|14,640,38,4,0
OA04|||Rutter~1|10976|64973|248|18,671,18,4,0
OA07|||Hemlock~a|17014|91397|248|09,975,27,4,0
OA11|||Heitman~a|3761|57450|304|18,792,18,4,0,174.8,,360,-40,,,-350,40
OA14|||Roxford~1|4264|86798|266|17,701,21,4,0
OA19|||Clover Fields~1|8903|86875|357|03,549,24,4,0
OA51|||Fighter~g|2061|67714|299|08,1189,24,4,0
OA85|||Riverview~1|1365|80063|223|10,780,24,4,0
OH03|||Woodworth~1|17923|89418|207|09,518,21,4,0
OH07|||Sunset Strip|9439|87610|363|09,716,30,4,0,,,20,-420,363,,-10,430,363
OH13|||Bulick~a|7681|89418|392|09,605,15,4,0,,,0,-385,392,,0,395,392
OH15|||Minerva~1|7459|88557|329|01,762,32,4,0,,,-330,-110,329,,330,120,329
OH18|||Freefall~a|9325|68597|270|13,610,20,4,0
OH19|||Hiltner~1|11550|57851|221|18,792,21,4,0
OH21|||Horning~1|7362|72473|363|18,671,20,4,0
OH22|||Stoltzfus~9|7612|82210|344|N/S,1055,61,1,0
OH27|||Salem Lakefront~1|8078|91546|357|03,643,30,4,0
OH29|||Petersburg~1|9006|94446|358|18,792,30,4,0
OH34|||Leis~1|2059|53384|309|E/W,853,21,4,0
OH42|||Hawk's Nest~1|5401|76062|384|02,610,18,4,0
OH44|||Head~g|2203|70530|288|09,1081,34,4,0
OH45|||Drake~1|14470|64427|200|09,579,18,4,0
OH48|||Alliance~1|9056|89349|328|18,701,23,4,0
OH60|||Gerker~9|9537|57264|238|09,610,21,4,0
OH71|||Chapman Memorial~a|2954|72700|360|09L,975,24,4,0;09R,579,30,4,0
OH82|||Graham~h|1534|80265|221|08,610,24,4,0
OH93|||Darby~1|1403|66098|296|04,533,46,4,0
OH97|||Carcioppolo~a|13569|87856|355|06,671,61,4,0
OI11|||Hibbetts~1|6374|88879|323|15,858,18,4,0
OI22|||Carroll's~1|13339|78974|230|10,671,15,4,0
OI28|||Lanker~1|5839|73207|439|NE/SW,457,15,4,0
OI31|||Pheasant Run~1|17098|88752|293|18,640,37,4,0;05,579,37,4,0
OI38|||Hillview~6|3084|63865|427|13,610,15,4,0
OI41|||Far View~1|12939|88440|396|10,664,24,4,0
OI45|||Shootz~a|12651|83413|381|10,671,30,4,0
OI49|||Flying Acres~1|3839|68931|297|09,884,18,4,0
OI58|||Lockeridge~1|8417|85621|332|18,518,46,4,0
OI60|||Gorman~1|7548|76084|375|03,427,18,4,0
OI62|||Rataiczak~1|14764|86829|366|N/S,640,23,4,0
OI68|||Hilty~a|9414|82022|305|18,914,24,4,0
OI69|||Blackacre~h|17784|88330|195|18,671,18,4,0
OI72|||Marvin Thiel~a|15217|52789|262|09,573,8,2,0
OI77|||Mc Ardle~1|12159|64420|218|09,579,15,4,0
OI81|||Mollica~1|10714|92414|357|18,533,23,4,0
OI85|||Mill Creek~1|2684|67784|293|18,472,8,4,0
OI88|||Mindzak~9|10112|75640|338|11,575,20,4,0
P09|||Lakehill~1|7070|99697|314|05,869,23,4,0,,,-190,-150,,,410,510
P97|||Prairie Ronde~1|21237|42897|271|09,747,23,4,0
PA01|||Merrys Pymatuning~1|16751|95655|367|04,553,37,4,0
PA02|||Dillen Personal~1|18507|98804|313|10,410,32,4,0
PA21|||West Middlesex~1|11653|94974|335|18,701,67,4,0
PN06|||Carlson~1|19033|98969|454|09,762,30,4,0;15,488,30,4,0
PN11|||Reno~1|8898|95135|354|09,640,37,4,0
PN16|||Pabst Blue Ribbon~1|7584|99863|381|09,762,30,4,0
PN18|||Fairview Evergreen~1|20273|97563|245|08,561,30,4,0
PN31|||Sagulla~1|12431|98858|420|NW/SE,835,91,4,0
PN37|||Fino~1|6051|95419|351|NW/SE,457,8,1,0
PN84|||Lake Arthur~a|9842|98376|378|18,427,30,4,0
PN99|||Lackawannock~1|12059|96415|396|02,572,30,4,0
PS05|||G & N~1|18753|96252|300|09,823,30,4,0
PS43|||Barnes Farmland~1|10787|97450|390|09,686,24,4,0
PS67|||Uphill~1|1062|95691|415|10,568,23,4,0
US-0320|||My Place~1|4788|70562|329|6,594,12,4,0
US-0439|||Hallick~h|30994|2236|334|15,472,23,4,0;H1/H1,12,12,2,0
US-0500|||Nettle Creek Landings~1|14321|14775|185|9,1125,30,4,0,,,,,186,,,,182
US-0579|||Friends~a|14815|12949|189|18,661,30,4,0,,,,,,30
US-0678|||Riegleman~a|33385|14417|290|17,610,30,4,0
US-0725|||Berg~a|10333|63122|239|18,671,21,4,0
US-0783|||Colvin~1|13453|71712|219|18,457,18,4,0,,,237,-2,219,,-175,-2,213
US-0903|||Oldstown Flying Tails~1|13240|92079|299|11,427,18,4,0,,,74,-234,289,,-69,239,290
US-0919|||Blackhawk~1|11409|26058|199|18,739,30,4,0
US-0939|||Terhark~1|26594|15696|296|2,564,23,4,0
US-0951|||Two Hearted~6|66933|45779|207|7,732,23,4,0,,,-121,-295,207,,181,465,205
US-1052|||Howard~9|29385|54228|232|10,756,24,4,0,,,,,,,,,,137
US-1080|||Kuntz Restricted Landing Area|6979|10530|232|18,853,30,4,0,,,,,,183
US-1142|||Bountiful Acres~1|27002|12875|297|9,518,15,4,0,90
US-1231|||Lapoint~7|60403|63086|177|10W/28W,2134,30,12,0
US-1255|||Galloway Landings~1|27431|43888|252|13,917,15,1,0
US-12649||HLM|Park Township~1|27959|38380|184|05,914,15,1,3,50,,-220,-410,184,221,310,450,183,348;12,684,27,4,2,113,,60,-420,,311,-180,360,,250
US-12804|||Kilo Kilo~e|48962|2807|387|9,732,37,4,0
US-12805|||Redeker~1|6529|21693|204|9,585,30,4,0
US-12852|||Powell~1|2045|39450|267|9,805,30,4,0
US-12924|||Ebert Field RLA|19160|7279|263|9,549,30,4,0
US-13003|||Charles Park Restricted Landing Area|4177|8654|217|18,805,30,4,0
US-13016|||McCune RLA|14398|1844|194|12,488,30,4,0
US-13024|||Jackson~a|2734|45204|275|18,762,30,4,0
US-13045|||Roca Grande RLA|17880|13934|232|09,829,30,4,0
US-13061|||Steward Restricted Landing Area|24335|6531|237|8,701,30,4,0
US-13062|||Nichols Aero~1|24817|10120|237|9,549,24,4,0
US-4782|||Miller Restricted Landing Area|665|7279|191|18,507,30,4,0
US-4863|||Harford~1|12736|15558|178|9,590,30,4,0,,,,,178,,,,177
US-4865|||Steil Restricted Landing Area~1|12314|5474|198|18,488,30,2,0,180
US-4987|||Lazy River~1|54025|21425|219|6,671,15,4,0;18,457,15,4,0
US-5174|||Somers Lane~1|31432|53936|204|9,565,23,4,0,92,,,,204,,,,204
US-5647|||Cherry~a|30726|39704|192|6,457,23,4,0,,,-110,-240,192,,110,240,192
US-6204|||Old Hickory~j|18219|90500|194|9,792,21,4,0,91,,10,-480,194,,-10,480,194
US-6573|||Warped Wing~1|1596|72623|344|1,721,23,4,0,12,,-320,-80,343,,320,90,344
US-6788|||Coldbrook~a|22201|46330|288|3,792,24,4,0,29,,,,287,,,,290
US-6807|||Hammer Restricted Landing Area|9744|9972|215|9,762,30,4,0,88,,-13,-453,215,,6,452,210
US-7144|||Marshall Farms~1|18604|13443|256|18,610,30,4,0
US-7516|||Bud Pierce~i|23431|767|286|10,488,30,4,0
US-7779|||Judd Farms~1|11301|8930|205|18,752,30,4,0
US-8270|||Burgess~a|31805|70165|249|10,942,15,4,0
US-8405|||R & R~b|22021|50606|301|10,628,30,4,0
US-8407|||Drago Air~1|3782|34059|243|9,732,30,4,0
US-9079|||Oostburg~1|36194|22204|204|18,763,21,4,0
US-9104|||Flying Q~h|22766|14367|262|9,523,15,4,0
US-9124|||Gaerte~1|13493|47323|295|5,518,30,4,0
US-9148|||Kathamel~1|2880|55263|302|1,787,24,4,0
US-PA47|||Dream Air~1|18529|95928|265|1,436,9,1,1,,,,,,76,,,,61
W19|||Verona~1|29897|4908|293|03,668,27,4,0,,,-290,-210,293,,240,190,293;04,594,26,4,0,,,-190,-320,293,,150,220,293
W23|||Wild Rose Idlewild~1|41978|7821|277|09,911,30,4,0,,,20,-500,277,,-60,640,274;18,521,30,4,0,,,430,80,275,,-30,60,276
W34|||Shiocton~1|44547|14382|234|18,658,34,4,0,,,520,110,235,,-80,110,235;09,425,30,4,0,,,-170,-440,235,,-170,60,235
W87|||Wickenheiser~1|20181|66228|186|18,785,18,4,0,,,390,100,186,,-300,-70,186;09,585,18,4,0,,,-120,-190,186,,-130,520,186
WI00|||Norrie Brook~1|48739|7693|378|18,579,24,4,0
WI03|||Horner Farms~1|27981|18666|235|09,610,30,4,0;18,396,24,4,0
WI07|||Waupun~1|36197|12323|287|18,1036,11,1,0,177.6,,500,160,,,-440,210;09,937,23,4,0,90,,-140,-950,,,-140,210
WI09|||Heitman~g|29772|15242|268|18,518,21,5,0,180,,240,0,,,-230,0
WI11|||Mumm~a|25914|7593|288|06,457,30,4,0
WI19|||Cacic~1|38000|5665|245|09,564,23,4,0
WI22|||Rocket City~1|43231|13992|276|10,610,14,6,0,105.5,,40,-380,,41,-110,370;09,564,18,6,0,90.3,,0,-360,,198,-10,350,,198
WI24|||Cardinal Ridge~1|28811|2478|329|03,418,23,6,0,31.2,,-160,-140,,,160,130
WI26|||Flying Fox~1|25827|14291|309|9,623,23,4,0
WI36|||Dolhun~a|58266|3799|495|18,823,23,1,0
WI40|||Spiegel~a|29133|6477|293|05,640,23,4,0
WI42|||Pine Grove~1|56572|4701|497|16,914,30,4,0;08,671,24,4,0
WI43|||Atkins Ridge~1|29489|1747|332|18,732,15,4,0
WI46|||Fun-Air~1|38828|14601|245|09,429,18,4,0,,,0,-285,446,,-12,269,453
WI47|||Timberline~1|44299|8512|271|E/W,671,30,4,0
WI50|||Loeber McDaniel~a|33980|3624|271|09,461,23,4,0
WI51|||Del Monte~1|33214|6790|324|N/S,732,18,4,0
WI58|||Winfield~1|25222|19721|235|18,610,30,4,0;05,457,30,4,0;09,366,30,4,0
WI60|||Deer Haven~b|48328|15368|247|N/S,914,18,4,0;E/W,457,21,4,0
WI65|||Dane~1|32222|5318|315|04,427,15,4,0
WI67|||Bennett~a|38770|10996|285|09,762,30,4,0
WI69|||Air Troy Estates Restricted~1|28064|16651|250|N/S,533,15,4,0
WI70|||Swan~1|27055|13598|283|09,853,15,5,0;18,671,9,4,0
WI76|||Maggies Farm LLC~1|29486|12241|255|17,518,15,4,0
WI78|||Martins~e|44258|20650|246|01,610,30,4,0
WI84|||Johnstown Center~1|26896|11590|282|N/S,853,30,4,0
WI86|||Ori~1|26609|18641|244|09,488,15,4,0
WI87|||Pine River~1|52033|4756|418|09,472,24,4,0
WI89|||Lake Geneva Aire Estates~1|25721|16328|268|04,701,12,1,0
WI91|||Larson~1|42028|13604|244|18,701,30,4,0
WI92|||Wag-Aero~1|26590|16321|276|NE/SW,792,21,4,0;N/S,640,15,4,0
WI95|||Binzel~1|25778|19860|215|18,610,12,4,0
WI97|||Mathaire~a|32578|9352|293|18,792,23,4,0
WI99|||Meier~1|28136|10029|268|09,427,23,4,0
WN09|||Bucky's~j|41644|4919|349|18,503,27,6,0,178,,230,-10,,,-220,20
WN11|||Red Roof~1|55858|19963|294|09,805,30,4,0;13,579,24,4,0
WN39|||Knutson~a|34819|6799|267|09,701,30,4,0;18,396,23,4,0
WN44|||Podeweltz~1|52394|4310|448|18,671,24,4,0
WN63|||Bristol~1|25367|19960|224|18,457,30,4,0
WN85|||Morrisonville~3|32747|6496|293|09,610,21,4,0
WS02|||Polish Paradise~1|37425|2840|314|N/S,616,15,4,0
WS04|||Zanadu~1|40325|1349|290|NE/SW,610,23,4,0
WS09|||Rox~1|40133|4752|310|04,671,30,4,0
WS12|||Elert~1|32644|6768|296|N/S,603,15,4,0
WS15|||Mill House~a|34952|7346|250|08,610,46,4,0
WS16|||Scherrico Meadows~1|48472|1985|410|09,770,18,4,0
WS17|||Pioneer~1|39850|14239|252|13,606,40,4,0
WS23|||R & S~f|52161|2528|399|12,457,18,4,0,120,,100,-250,,,-100,250
WS25|||Shangrila~1|55816|21546|255|12,732,30,4,1
WS28|||Coleman~1|35536|6102|244|10,518,30,4,0
WS29|||Tachick~a|51209|18566|259|10,671,23,4,0
WS33|||Storytown~9|29092|5490|305|09,610,15,4,0
WS36|||Swan~a|42714|5629|347|09,579,15,4,0,,,,,,152,,,,91
WS39|||Pinewood Air Park|56994|3376|475|15,894,21,4,0,,,,,,244
WS43|||Birch Creek~1|43555|19416|248|08,853,15,4,0,80,,-70,-530,,,80,520
WS45|||Circle K~1|53416|3254|457|09,579,18,4,0
WS46|||J & L Aviation~1|38316|11088|297|09,671,24,4,1
WS49|||Christie~e|29066|11284|242|05,587,26,4,0
WS55|||Barten~1|25175|12546|298|18,808,30,4,0,,,,,,305
WS62|||Sugar Ridge~1|29636|4190|329|09,488,27,4,1
WS68|||Krist Island~1|37816|6921|235|17,594,18,4,0
WS72|||Cain's~a|48528|19880|195|18,564,21,4,0
WS74|||Al's Airway~1|31627|11751|251|01,655,15,4,0
WS76|||Black Dog~h|44708|11766|274|09,686,12,4,0,,,,,,,,,,122
WS78|||River Valley~1|55503|5122|465|02,491,37,4,0,,,,,,88,,,,134
WS96|||Hughes~1|26208|2327|308|18,488,23,4,0,179,,220,-10,,,-220,0
Y30|||Pbeaaye~1|55311|54430|210|01,753,27,4,0,,,,,,137,,,,244
Y73|||Stambaugh~1|60788|13645|494|17,610,12,1,1,,,-120,550,494,,-660,690,494
Y87|||William B Bolton~1|47914|39968|288|17,792,15,1,1,,,-140,-180,288,219,-860,70,288,55;09,681,46,4,0,,,-30,-440,288,61,60,430,288
Y88|||Green Lake~1|46061|42416|264|05,853,52,4,0,,,-220,-510,264,,270,310,264,183;16,518,52,4,0,,,240,10,264,61,-320,220,264,116
Y91|||Home Acres Sky~b|43203|48288|380|09,1167,49,4,1,,,30,-430,379,115,30,1060,379,355;18,777,46,4,1,,,430,-270,379,78,-280,-270,379,121
Y98|||Grand Marais~1|66208|40832|255|14,853,30,4,0,,,320,-340,255,,-240,350,255;05,792,46,4,0,,,-440,-510,255,,340,620,255
Z92|||Harsens Island~1|25897|74236|176|04,678,30,4,0,,,-250,-210,,113,190,360,,70
#US|W
04IN|||Lake Gage~7|17014|48869|291|13W/31W,1219,305,12,0
08IN|||Winona Lake~7|12231|41694|247|13W/31W,1524,457,12,0
11WN|||Diedrich~7|33542|4288|236|09,914,107,12,0;17,549,107,12,0
16WI|||Lac Vieux Desert~7|61216|8790|515|11,3048,1219,12,0;17,3048,1219,12,0
1IN7|||Lake Wawasee~7|14036|42939|262|13W/31W,2438,762,12,0
1MI0|||Ashman Island~7|60686|62758|177|10,2286,152,12,0
1WI5|||Beaver Dam Lake~7|35150|10474|265|05,3048,305,12,0;09,1524,305,12,0;18,1524,305,12,0
30W|||Sweetwater Bay~7|49519|21916|176|ALL/WAY,3048,76,12,0
3MI9|||Ness Landing~7|59039|30297|177|11,1524,46,12,0;14,1524,61,12,0;04,914,46,12,0
43I|||Mississinewa Reservoir Landing Area~7|7037|40675|225|NW/SE,4420,305,12,0
4IN1|||Big Long Lake~7|15527|47684|287|13W/31W,823,152,12,0
4IN2|||Oliver Lake~7|15702|45947|274|13W/31W,762,305,12,0
50MI|||Burgess Lake~7|31573|47058|244|09,1219,91,12,0
51MI|||Cass Lake-Cove Island~7|26161|66440|302|09,610,30,12,0
5IN7|||Clear Lake~7|17356|51628|316|13W/31W,1219,305,12,0
5IN8|||Crooked Lake~7|16724|49586|301|05W/23W,1006,305,12,0
6IN7|||Lake Pleasant~7|17570|49081|293|10W/28W,1067,152,12,0
6IN9|||Lake James~7|17000|49607|294|13W/31W,762,61,12,0
75PN|||Beaver~7|6856|96899|208|07,1524,152,12,0
7IN8|||Dewart Lake~7|13719|42272|264|11W/29W,792,30,12,0
81IN|||Bass Lake~7|12289|34183|217|04W/22W,4057,576,12,0
96WI|||Vette/Blust~7|39411|15063|229|N/S,3048,1219,12,0;07,396,18,4,0
99C|||Quams Marina~7|29511|7290|257|ALL/WAY,4572,1219,12,0
IG22|||Lake Maxinkuckee~7|12061|35956|223|12W/30W,2134,610,12,0
IN02|||Hamilton Lake~7|15522|50828|274|18W/36W,1829,305,12,0
IN12|||Lake Sylvan~7|14819|46564|279|13W/31W,762,152,12,0
IN16|||Tippecanoe~7|13331|42325|255|13W/31W,1219,274,12,0
IS23|||Turner~7|20100|17089|213|18,914,91,12,0
IS79|||Jackson~7|22367|16477|271|10W/28W,1829,122,12,0
KC28|||Presque Isle Bay~7|21475|98996|174|6W/24W,923,61,12,0
KC63|||Rayray~7|32520|49406|256|11W/29W,884,30,12,0,,,,,256,,,,256
KE75|||Lake Erie Landing Area|21709|98883|174|6W/24W,863,61,12,0
O12|||Grand Lake St Marys~7|5410|55093|265|09,2134,1219,12,0
OI76|||Bieber's~7|9855|93065|311|09,914,26,4,0;18,640,457,12,0
US-0324|||Toledo~7|16222|64466|174|04W/22W,2438,152,12,0;08W/28W,1524,152,12,0
US-0798|||Flying Floats Base~7|58646|8560|496|16W/34W,1877,305,12,0;4W/22W,1322,305,12,0
US-12694|||Lindsley Lake~7|62178|5709|513|8W/26W,1116,30,12,0,80
US-1970|||St. Joseph River~7|16964|40619|229|10W/28W,815,30,12,0
US-4185|||Cedarville Reservoir~7|12044|49856|238|3W/21W,1262,146,12,0,26,,-510,-330,238,,505,340,238
US-4842|||Skyyharbour~7|21745|44490|260|18W/36W,2414,61,12,0,180,,1460,20,260,,-710,20,260;5W/23W,1963,61,12,0,51,,-1020,-959,260,,88,892,260
US-5906|||Winfield Landing~7|33850|46313|278|15W/33W,914,15,12,0
US-6410|||Clifford Lake~7|33050|48147|271|14W/32W,610,61,12,0,135,,196,-268,271,,-191,265,271
US-6828|||Great Lakes~7|24665|18672|225|3W/21W,1052,122,12,0
US-9082|||JCM~7|51888|52237|318|16W/34W,1151,30,12,0
WN66|||Cranberry International~7|58513|5488|489|04,2210,762,12,0
WS01|||Archie's~7|27375|9291|234|12,2377,53,12,0,,,,,,305,,,,305
WS64|||Schiffmann~7|58881|4671|484|06,1707,152,12,0
WS82|||Johnson Island~7|51267|15567|265|16W/34W,1280,122,12,0;09W/27W,1097,122,12,0
WV41|||East Liverpool~7|6292|94752|203|07,1524,152,12,0
WV42|||Weirton - Steubenville~7|3978|93780|196|06,1524,152,12,0
WV43|||Warwood - Martins Ferry~7|931|92821|190|02,1524,152,12,0
WV46|||Wellsburg~7|2678|93827|196|18,1524,152,12,0
